-- MySQL dump 10.13  Distrib 8.0.19, for Win64 (x86_64)
--
-- Host: localhost    Database: north_wind_bi_test
-- ------------------------------------------------------
-- Server version	8.0.35

/*!40101 SET @OLD_CHARACTER_SET_CLIENT=@@CHARACTER_SET_CLIENT */;
/*!40101 SET @OLD_CHARACTER_SET_RESULTS=@@CHARACTER_SET_RESULTS */;
/*!40101 SET @OLD_COLLATION_CONNECTION=@@COLLATION_CONNECTION */;
/*!50503 SET NAMES utf8mb4 */;
/*!40103 SET @OLD_TIME_ZONE=@@TIME_ZONE */;
/*!40103 SET TIME_ZONE='+00:00' */;
/*!40014 SET @OLD_UNIQUE_CHECKS=@@UNIQUE_CHECKS, UNIQUE_CHECKS=0 */;
/*!40014 SET @OLD_FOREIGN_KEY_CHECKS=@@FOREIGN_KEY_CHECKS, FOREIGN_KEY_CHECKS=0 */;
/*!40101 SET @OLD_SQL_MODE=@@SQL_MODE, SQL_MODE='NO_AUTO_VALUE_ON_ZERO' */;
/*!40111 SET @OLD_SQL_NOTES=@@SQL_NOTES, SQL_NOTES=0 */;

--
-- Table structure for table `date_dim`
--

DROP TABLE IF EXISTS `date_dim`;
/*!40101 SET @saved_cs_client     = @@character_set_client */;
/*!50503 SET character_set_client = utf8mb4 */;
CREATE TABLE `date_dim` (
  `date_sk` int NOT NULL AUTO_INCREMENT,
  `date` datetime DEFAULT NULL,
  `year` int DEFAULT NULL,
  `trimestre` int DEFAULT NULL,
  `month` int DEFAULT NULL,
  `day` int DEFAULT NULL,
  `version` int DEFAULT NULL,
  `date_from` datetime DEFAULT NULL,
  `date_to` datetime DEFAULT NULL,
  PRIMARY KEY (`date_sk`)
) ENGINE=InnoDB AUTO_INCREMENT=2111 DEFAULT CHARSET=latin1;
/*!40101 SET character_set_client = @saved_cs_client */;

--
-- Dumping data for table `date_dim`
--

LOCK TABLES `date_dim` WRITE;
/*!40000 ALTER TABLE `date_dim` DISABLE KEYS */;
INSERT INTO `date_dim` VALUES (1408,NULL,NULL,NULL,NULL,NULL,1,NULL,NULL),(1409,'1996-07-01 00:00:00',1996,3,7,1,1,'1900-01-01 00:00:00','2200-01-01 00:00:00'),(1410,'1996-07-02 00:00:00',1996,3,7,2,1,'1900-01-01 00:00:00','2200-01-01 00:00:00'),(1411,'1996-07-03 00:00:00',1996,3,7,3,1,'1900-01-01 00:00:00','2200-01-01 00:00:00'),(1412,'1996-07-04 00:00:00',1996,3,7,4,1,'1900-01-01 00:00:00','2200-01-01 00:00:00'),(1413,'1996-07-05 00:00:00',1996,3,7,5,1,'1900-01-01 00:00:00','2200-01-01 00:00:00'),(1414,'1996-07-06 00:00:00',1996,3,7,6,1,'1900-01-01 00:00:00','2200-01-01 00:00:00'),(1415,'1996-07-07 00:00:00',1996,3,7,7,1,'1900-01-01 00:00:00','2200-01-01 00:00:00'),(1416,'1996-07-08 00:00:00',1996,3,7,8,1,'1900-01-01 00:00:00','2200-01-01 00:00:00'),(1417,'1996-07-09 00:00:00',1996,3,7,9,1,'1900-01-01 00:00:00','2200-01-01 00:00:00'),(1418,'1996-07-10 00:00:00',1996,3,7,10,1,'1900-01-01 00:00:00','2200-01-01 00:00:00'),(1419,'1996-07-11 00:00:00',1996,3,7,11,1,'1900-01-01 00:00:00','2200-01-01 00:00:00'),(1420,'1996-07-12 00:00:00',1996,3,7,12,1,'1900-01-01 00:00:00','2200-01-01 00:00:00'),(1421,'1996-07-13 00:00:00',1996,3,7,13,1,'1900-01-01 00:00:00','2200-01-01 00:00:00'),(1422,'1996-07-14 00:00:00',1996,3,7,14,1,'1900-01-01 00:00:00','2200-01-01 00:00:00'),(1423,'1996-07-15 00:00:00',1996,3,7,15,1,'1900-01-01 00:00:00','2200-01-01 00:00:00'),(1424,'1996-07-16 00:00:00',1996,3,7,16,1,'1900-01-01 00:00:00','2200-01-01 00:00:00'),(1425,'1996-07-17 00:00:00',1996,3,7,17,1,'1900-01-01 00:00:00','2200-01-01 00:00:00'),(1426,'1996-07-18 00:00:00',1996,3,7,18,1,'1900-01-01 00:00:00','2200-01-01 00:00:00'),(1427,'1996-07-19 00:00:00',1996,3,7,19,1,'1900-01-01 00:00:00','2200-01-01 00:00:00'),(1428,'1996-07-20 00:00:00',1996,3,7,20,1,'1900-01-01 00:00:00','2200-01-01 00:00:00'),(1429,'1996-07-21 00:00:00',1996,3,7,21,1,'1900-01-01 00:00:00','2200-01-01 00:00:00'),(1430,'1996-07-22 00:00:00',1996,3,7,22,1,'1900-01-01 00:00:00','2200-01-01 00:00:00'),(1431,'1996-07-23 00:00:00',1996,3,7,23,1,'1900-01-01 00:00:00','2200-01-01 00:00:00'),(1432,'1996-07-24 00:00:00',1996,3,7,24,1,'1900-01-01 00:00:00','2200-01-01 00:00:00'),(1433,'1996-07-25 00:00:00',1996,3,7,25,1,'1900-01-01 00:00:00','2200-01-01 00:00:00'),(1434,'1996-07-26 00:00:00',1996,3,7,26,1,'1900-01-01 00:00:00','2200-01-01 00:00:00'),(1435,'1996-07-27 00:00:00',1996,3,7,27,1,'1900-01-01 00:00:00','2200-01-01 00:00:00'),(1436,'1996-07-28 00:00:00',1996,3,7,28,1,'1900-01-01 00:00:00','2200-01-01 00:00:00'),(1437,'1996-07-29 00:00:00',1996,3,7,29,1,'1900-01-01 00:00:00','2200-01-01 00:00:00'),(1438,'1996-07-30 00:00:00',1996,3,7,30,1,'1900-01-01 00:00:00','2200-01-01 00:00:00'),(1439,'1996-07-31 00:00:00',1996,3,7,31,1,'1900-01-01 00:00:00','2200-01-01 00:00:00'),(1440,'1996-08-01 00:00:00',1996,3,8,1,1,'1900-01-01 00:00:00','2200-01-01 00:00:00'),(1441,'1996-08-02 00:00:00',1996,3,8,2,1,'1900-01-01 00:00:00','2200-01-01 00:00:00'),(1442,'1996-08-03 00:00:00',1996,3,8,3,1,'1900-01-01 00:00:00','2200-01-01 00:00:00'),(1443,'1996-08-04 00:00:00',1996,3,8,4,1,'1900-01-01 00:00:00','2200-01-01 00:00:00'),(1444,'1996-08-05 00:00:00',1996,3,8,5,1,'1900-01-01 00:00:00','2200-01-01 00:00:00'),(1445,'1996-08-06 00:00:00',1996,3,8,6,1,'1900-01-01 00:00:00','2200-01-01 00:00:00'),(1446,'1996-08-07 00:00:00',1996,3,8,7,1,'1900-01-01 00:00:00','2200-01-01 00:00:00'),(1447,'1996-08-08 00:00:00',1996,3,8,8,1,'1900-01-01 00:00:00','2200-01-01 00:00:00'),(1448,'1996-08-09 00:00:00',1996,3,8,9,1,'1900-01-01 00:00:00','2200-01-01 00:00:00'),(1449,'1996-08-10 00:00:00',1996,3,8,10,1,'1900-01-01 00:00:00','2200-01-01 00:00:00'),(1450,'1996-08-11 00:00:00',1996,3,8,11,1,'1900-01-01 00:00:00','2200-01-01 00:00:00'),(1451,'1996-08-12 00:00:00',1996,3,8,12,1,'1900-01-01 00:00:00','2200-01-01 00:00:00'),(1452,'1996-08-13 00:00:00',1996,3,8,13,1,'1900-01-01 00:00:00','2200-01-01 00:00:00'),(1453,'1996-08-14 00:00:00',1996,3,8,14,1,'1900-01-01 00:00:00','2200-01-01 00:00:00'),(1454,'1996-08-15 00:00:00',1996,3,8,15,1,'1900-01-01 00:00:00','2200-01-01 00:00:00'),(1455,'1996-08-16 00:00:00',1996,3,8,16,1,'1900-01-01 00:00:00','2200-01-01 00:00:00'),(1456,'1996-08-17 00:00:00',1996,3,8,17,1,'1900-01-01 00:00:00','2200-01-01 00:00:00'),(1457,'1996-08-18 00:00:00',1996,3,8,18,1,'1900-01-01 00:00:00','2200-01-01 00:00:00'),(1458,'1996-08-19 00:00:00',1996,3,8,19,1,'1900-01-01 00:00:00','2200-01-01 00:00:00'),(1459,'1996-08-20 00:00:00',1996,3,8,20,1,'1900-01-01 00:00:00','2200-01-01 00:00:00'),(1460,'1996-08-21 00:00:00',1996,3,8,21,1,'1900-01-01 00:00:00','2200-01-01 00:00:00'),(1461,'1996-08-22 00:00:00',1996,3,8,22,1,'1900-01-01 00:00:00','2200-01-01 00:00:00'),(1462,'1996-08-23 00:00:00',1996,3,8,23,1,'1900-01-01 00:00:00','2200-01-01 00:00:00'),(1463,'1996-08-24 00:00:00',1996,3,8,24,1,'1900-01-01 00:00:00','2200-01-01 00:00:00'),(1464,'1996-08-25 00:00:00',1996,3,8,25,1,'1900-01-01 00:00:00','2200-01-01 00:00:00'),(1465,'1996-08-26 00:00:00',1996,3,8,26,1,'1900-01-01 00:00:00','2200-01-01 00:00:00'),(1466,'1996-08-27 00:00:00',1996,3,8,27,1,'1900-01-01 00:00:00','2200-01-01 00:00:00'),(1467,'1996-08-28 00:00:00',1996,3,8,28,1,'1900-01-01 00:00:00','2200-01-01 00:00:00'),(1468,'1996-08-29 00:00:00',1996,3,8,29,1,'1900-01-01 00:00:00','2200-01-01 00:00:00'),(1469,'1996-08-30 00:00:00',1996,3,8,30,1,'1900-01-01 00:00:00','2200-01-01 00:00:00'),(1470,'1996-08-31 00:00:00',1996,3,8,31,1,'1900-01-01 00:00:00','2200-01-01 00:00:00'),(1471,'1996-09-01 00:00:00',1996,3,9,1,1,'1900-01-01 00:00:00','2200-01-01 00:00:00'),(1472,'1996-09-02 00:00:00',1996,3,9,2,1,'1900-01-01 00:00:00','2200-01-01 00:00:00'),(1473,'1996-09-03 00:00:00',1996,3,9,3,1,'1900-01-01 00:00:00','2200-01-01 00:00:00'),(1474,'1996-09-04 00:00:00',1996,3,9,4,1,'1900-01-01 00:00:00','2200-01-01 00:00:00'),(1475,'1996-09-05 00:00:00',1996,3,9,5,1,'1900-01-01 00:00:00','2200-01-01 00:00:00'),(1476,'1996-09-06 00:00:00',1996,3,9,6,1,'1900-01-01 00:00:00','2200-01-01 00:00:00'),(1477,'1996-09-07 00:00:00',1996,3,9,7,1,'1900-01-01 00:00:00','2200-01-01 00:00:00'),(1478,'1996-09-08 00:00:00',1996,3,9,8,1,'1900-01-01 00:00:00','2200-01-01 00:00:00'),(1479,'1996-09-09 00:00:00',1996,3,9,9,1,'1900-01-01 00:00:00','2200-01-01 00:00:00'),(1480,'1996-09-10 00:00:00',1996,3,9,10,1,'1900-01-01 00:00:00','2200-01-01 00:00:00'),(1481,'1996-09-11 00:00:00',1996,3,9,11,1,'1900-01-01 00:00:00','2200-01-01 00:00:00'),(1482,'1996-09-12 00:00:00',1996,3,9,12,1,'1900-01-01 00:00:00','2200-01-01 00:00:00'),(1483,'1996-09-13 00:00:00',1996,3,9,13,1,'1900-01-01 00:00:00','2200-01-01 00:00:00'),(1484,'1996-09-14 00:00:00',1996,3,9,14,1,'1900-01-01 00:00:00','2200-01-01 00:00:00'),(1485,'1996-09-15 00:00:00',1996,3,9,15,1,'1900-01-01 00:00:00','2200-01-01 00:00:00'),(1486,'1996-09-16 00:00:00',1996,3,9,16,1,'1900-01-01 00:00:00','2200-01-01 00:00:00'),(1487,'1996-09-17 00:00:00',1996,3,9,17,1,'1900-01-01 00:00:00','2200-01-01 00:00:00'),(1488,'1996-09-18 00:00:00',1996,3,9,18,1,'1900-01-01 00:00:00','2200-01-01 00:00:00'),(1489,'1996-09-19 00:00:00',1996,3,9,19,1,'1900-01-01 00:00:00','2200-01-01 00:00:00'),(1490,'1996-09-20 00:00:00',1996,3,9,20,1,'1900-01-01 00:00:00','2200-01-01 00:00:00'),(1491,'1996-09-21 00:00:00',1996,3,9,21,1,'1900-01-01 00:00:00','2200-01-01 00:00:00'),(1492,'1996-09-22 00:00:00',1996,3,9,22,1,'1900-01-01 00:00:00','2200-01-01 00:00:00'),(1493,'1996-09-23 00:00:00',1996,3,9,23,1,'1900-01-01 00:00:00','2200-01-01 00:00:00'),(1494,'1996-09-24 00:00:00',1996,3,9,24,1,'1900-01-01 00:00:00','2200-01-01 00:00:00'),(1495,'1996-09-25 00:00:00',1996,3,9,25,1,'1900-01-01 00:00:00','2200-01-01 00:00:00'),(1496,'1996-09-26 00:00:00',1996,3,9,26,1,'1900-01-01 00:00:00','2200-01-01 00:00:00'),(1497,'1996-09-27 00:00:00',1996,3,9,27,1,'1900-01-01 00:00:00','2200-01-01 00:00:00'),(1498,'1996-09-28 00:00:00',1996,3,9,28,1,'1900-01-01 00:00:00','2200-01-01 00:00:00'),(1499,'1996-09-29 00:00:00',1996,3,9,29,1,'1900-01-01 00:00:00','2200-01-01 00:00:00'),(1500,'1996-09-30 00:00:00',1996,3,9,30,1,'1900-01-01 00:00:00','2200-01-01 00:00:00'),(1501,'1996-10-01 00:00:00',1996,4,10,1,1,'1900-01-01 00:00:00','2200-01-01 00:00:00'),(1502,'1996-10-02 00:00:00',1996,4,10,2,1,'1900-01-01 00:00:00','2200-01-01 00:00:00'),(1503,'1996-10-03 00:00:00',1996,4,10,3,1,'1900-01-01 00:00:00','2200-01-01 00:00:00'),(1504,'1996-10-04 00:00:00',1996,4,10,4,1,'1900-01-01 00:00:00','2200-01-01 00:00:00'),(1505,'1996-10-05 00:00:00',1996,4,10,5,1,'1900-01-01 00:00:00','2200-01-01 00:00:00'),(1506,'1996-10-06 00:00:00',1996,4,10,6,1,'1900-01-01 00:00:00','2200-01-01 00:00:00'),(1507,'1996-10-07 00:00:00',1996,4,10,7,1,'1900-01-01 00:00:00','2200-01-01 00:00:00'),(1508,'1996-10-08 00:00:00',1996,4,10,8,1,'1900-01-01 00:00:00','2200-01-01 00:00:00'),(1509,'1996-10-09 00:00:00',1996,4,10,9,1,'1900-01-01 00:00:00','2200-01-01 00:00:00'),(1510,'1996-10-10 00:00:00',1996,4,10,10,1,'1900-01-01 00:00:00','2200-01-01 00:00:00'),(1511,'1996-10-11 00:00:00',1996,4,10,11,1,'1900-01-01 00:00:00','2200-01-01 00:00:00'),(1512,'1996-10-12 00:00:00',1996,4,10,12,1,'1900-01-01 00:00:00','2200-01-01 00:00:00'),(1513,'1996-10-13 00:00:00',1996,4,10,13,1,'1900-01-01 00:00:00','2200-01-01 00:00:00'),(1514,'1996-10-14 00:00:00',1996,4,10,14,1,'1900-01-01 00:00:00','2200-01-01 00:00:00'),(1515,'1996-10-15 00:00:00',1996,4,10,15,1,'1900-01-01 00:00:00','2200-01-01 00:00:00'),(1516,'1996-10-16 00:00:00',1996,4,10,16,1,'1900-01-01 00:00:00','2200-01-01 00:00:00'),(1517,'1996-10-17 00:00:00',1996,4,10,17,1,'1900-01-01 00:00:00','2200-01-01 00:00:00'),(1518,'1996-10-18 00:00:00',1996,4,10,18,1,'1900-01-01 00:00:00','2200-01-01 00:00:00'),(1519,'1996-10-19 00:00:00',1996,4,10,19,1,'1900-01-01 00:00:00','2200-01-01 00:00:00'),(1520,'1996-10-20 00:00:00',1996,4,10,20,1,'1900-01-01 00:00:00','2200-01-01 00:00:00'),(1521,'1996-10-21 00:00:00',1996,4,10,21,1,'1900-01-01 00:00:00','2200-01-01 00:00:00'),(1522,'1996-10-22 00:00:00',1996,4,10,22,1,'1900-01-01 00:00:00','2200-01-01 00:00:00'),(1523,'1996-10-23 00:00:00',1996,4,10,23,1,'1900-01-01 00:00:00','2200-01-01 00:00:00'),(1524,'1996-10-24 00:00:00',1996,4,10,24,1,'1900-01-01 00:00:00','2200-01-01 00:00:00'),(1525,'1996-10-25 00:00:00',1996,4,10,25,1,'1900-01-01 00:00:00','2200-01-01 00:00:00'),(1526,'1996-10-26 00:00:00',1996,4,10,26,1,'1900-01-01 00:00:00','2200-01-01 00:00:00'),(1527,'1996-10-27 00:00:00',1996,4,10,27,1,'1900-01-01 00:00:00','2200-01-01 00:00:00'),(1528,'1996-10-28 00:00:00',1996,4,10,28,1,'1900-01-01 00:00:00','2200-01-01 00:00:00'),(1529,'1996-10-29 00:00:00',1996,4,10,29,1,'1900-01-01 00:00:00','2200-01-01 00:00:00'),(1530,'1996-10-30 00:00:00',1996,4,10,30,1,'1900-01-01 00:00:00','2200-01-01 00:00:00'),(1531,'1996-10-31 00:00:00',1996,4,10,31,1,'1900-01-01 00:00:00','2200-01-01 00:00:00'),(1532,'1996-11-01 00:00:00',1996,4,11,1,1,'1900-01-01 00:00:00','2200-01-01 00:00:00'),(1533,'1996-11-02 00:00:00',1996,4,11,2,1,'1900-01-01 00:00:00','2200-01-01 00:00:00'),(1534,'1996-11-03 00:00:00',1996,4,11,3,1,'1900-01-01 00:00:00','2200-01-01 00:00:00'),(1535,'1996-11-04 00:00:00',1996,4,11,4,1,'1900-01-01 00:00:00','2200-01-01 00:00:00'),(1536,'1996-11-05 00:00:00',1996,4,11,5,1,'1900-01-01 00:00:00','2200-01-01 00:00:00'),(1537,'1996-11-06 00:00:00',1996,4,11,6,1,'1900-01-01 00:00:00','2200-01-01 00:00:00'),(1538,'1996-11-07 00:00:00',1996,4,11,7,1,'1900-01-01 00:00:00','2200-01-01 00:00:00'),(1539,'1996-11-08 00:00:00',1996,4,11,8,1,'1900-01-01 00:00:00','2200-01-01 00:00:00'),(1540,'1996-11-09 00:00:00',1996,4,11,9,1,'1900-01-01 00:00:00','2200-01-01 00:00:00'),(1541,'1996-11-10 00:00:00',1996,4,11,10,1,'1900-01-01 00:00:00','2200-01-01 00:00:00'),(1542,'1996-11-11 00:00:00',1996,4,11,11,1,'1900-01-01 00:00:00','2200-01-01 00:00:00'),(1543,'1996-11-12 00:00:00',1996,4,11,12,1,'1900-01-01 00:00:00','2200-01-01 00:00:00'),(1544,'1996-11-13 00:00:00',1996,4,11,13,1,'1900-01-01 00:00:00','2200-01-01 00:00:00'),(1545,'1996-11-14 00:00:00',1996,4,11,14,1,'1900-01-01 00:00:00','2200-01-01 00:00:00'),(1546,'1996-11-15 00:00:00',1996,4,11,15,1,'1900-01-01 00:00:00','2200-01-01 00:00:00'),(1547,'1996-11-16 00:00:00',1996,4,11,16,1,'1900-01-01 00:00:00','2200-01-01 00:00:00'),(1548,'1996-11-17 00:00:00',1996,4,11,17,1,'1900-01-01 00:00:00','2200-01-01 00:00:00'),(1549,'1996-11-18 00:00:00',1996,4,11,18,1,'1900-01-01 00:00:00','2200-01-01 00:00:00'),(1550,'1996-11-19 00:00:00',1996,4,11,19,1,'1900-01-01 00:00:00','2200-01-01 00:00:00'),(1551,'1996-11-20 00:00:00',1996,4,11,20,1,'1900-01-01 00:00:00','2200-01-01 00:00:00'),(1552,'1996-11-21 00:00:00',1996,4,11,21,1,'1900-01-01 00:00:00','2200-01-01 00:00:00'),(1553,'1996-11-22 00:00:00',1996,4,11,22,1,'1900-01-01 00:00:00','2200-01-01 00:00:00'),(1554,'1996-11-23 00:00:00',1996,4,11,23,1,'1900-01-01 00:00:00','2200-01-01 00:00:00'),(1555,'1996-11-24 00:00:00',1996,4,11,24,1,'1900-01-01 00:00:00','2200-01-01 00:00:00'),(1556,'1996-11-25 00:00:00',1996,4,11,25,1,'1900-01-01 00:00:00','2200-01-01 00:00:00'),(1557,'1996-11-26 00:00:00',1996,4,11,26,1,'1900-01-01 00:00:00','2200-01-01 00:00:00'),(1558,'1996-11-27 00:00:00',1996,4,11,27,1,'1900-01-01 00:00:00','2200-01-01 00:00:00'),(1559,'1996-11-28 00:00:00',1996,4,11,28,1,'1900-01-01 00:00:00','2200-01-01 00:00:00'),(1560,'1996-11-29 00:00:00',1996,4,11,29,1,'1900-01-01 00:00:00','2200-01-01 00:00:00'),(1561,'1996-11-30 00:00:00',1996,4,11,30,1,'1900-01-01 00:00:00','2200-01-01 00:00:00'),(1562,'1996-12-01 00:00:00',1996,4,12,1,1,'1900-01-01 00:00:00','2200-01-01 00:00:00'),(1563,'1996-12-02 00:00:00',1996,4,12,2,1,'1900-01-01 00:00:00','2200-01-01 00:00:00'),(1564,'1996-12-03 00:00:00',1996,4,12,3,1,'1900-01-01 00:00:00','2200-01-01 00:00:00'),(1565,'1996-12-04 00:00:00',1996,4,12,4,1,'1900-01-01 00:00:00','2200-01-01 00:00:00'),(1566,'1996-12-05 00:00:00',1996,4,12,5,1,'1900-01-01 00:00:00','2200-01-01 00:00:00'),(1567,'1996-12-06 00:00:00',1996,4,12,6,1,'1900-01-01 00:00:00','2200-01-01 00:00:00'),(1568,'1996-12-07 00:00:00',1996,4,12,7,1,'1900-01-01 00:00:00','2200-01-01 00:00:00'),(1569,'1996-12-08 00:00:00',1996,4,12,8,1,'1900-01-01 00:00:00','2200-01-01 00:00:00'),(1570,'1996-12-09 00:00:00',1996,4,12,9,1,'1900-01-01 00:00:00','2200-01-01 00:00:00'),(1571,'1996-12-10 00:00:00',1996,4,12,10,1,'1900-01-01 00:00:00','2200-01-01 00:00:00'),(1572,'1996-12-11 00:00:00',1996,4,12,11,1,'1900-01-01 00:00:00','2200-01-01 00:00:00'),(1573,'1996-12-12 00:00:00',1996,4,12,12,1,'1900-01-01 00:00:00','2200-01-01 00:00:00'),(1574,'1996-12-13 00:00:00',1996,4,12,13,1,'1900-01-01 00:00:00','2200-01-01 00:00:00'),(1575,'1996-12-14 00:00:00',1996,4,12,14,1,'1900-01-01 00:00:00','2200-01-01 00:00:00'),(1576,'1996-12-15 00:00:00',1996,4,12,15,1,'1900-01-01 00:00:00','2200-01-01 00:00:00'),(1577,'1996-12-16 00:00:00',1996,4,12,16,1,'1900-01-01 00:00:00','2200-01-01 00:00:00'),(1578,'1996-12-17 00:00:00',1996,4,12,17,1,'1900-01-01 00:00:00','2200-01-01 00:00:00'),(1579,'1996-12-18 00:00:00',1996,4,12,18,1,'1900-01-01 00:00:00','2200-01-01 00:00:00'),(1580,'1996-12-19 00:00:00',1996,4,12,19,1,'1900-01-01 00:00:00','2200-01-01 00:00:00'),(1581,'1996-12-20 00:00:00',1996,4,12,20,1,'1900-01-01 00:00:00','2200-01-01 00:00:00'),(1582,'1996-12-21 00:00:00',1996,4,12,21,1,'1900-01-01 00:00:00','2200-01-01 00:00:00'),(1583,'1996-12-22 00:00:00',1996,4,12,22,1,'1900-01-01 00:00:00','2200-01-01 00:00:00'),(1584,'1996-12-23 00:00:00',1996,4,12,23,1,'1900-01-01 00:00:00','2200-01-01 00:00:00'),(1585,'1996-12-24 00:00:00',1996,4,12,24,1,'1900-01-01 00:00:00','2200-01-01 00:00:00'),(1586,'1996-12-25 00:00:00',1996,4,12,25,1,'1900-01-01 00:00:00','2200-01-01 00:00:00'),(1587,'1996-12-26 00:00:00',1996,4,12,26,1,'1900-01-01 00:00:00','2200-01-01 00:00:00'),(1588,'1996-12-27 00:00:00',1996,4,12,27,1,'1900-01-01 00:00:00','2200-01-01 00:00:00'),(1589,'1996-12-28 00:00:00',1996,4,12,28,1,'1900-01-01 00:00:00','2200-01-01 00:00:00'),(1590,'1996-12-29 00:00:00',1996,4,12,29,1,'1900-01-01 00:00:00','2200-01-01 00:00:00'),(1591,'1996-12-30 00:00:00',1996,4,12,30,1,'1900-01-01 00:00:00','2200-01-01 00:00:00'),(1592,'1996-12-31 00:00:00',1996,4,12,31,1,'1900-01-01 00:00:00','2200-01-01 00:00:00'),(1593,'1997-01-01 00:00:00',1997,1,1,1,1,'1900-01-01 00:00:00','2200-01-01 00:00:00'),(1594,'1997-01-02 00:00:00',1997,1,1,2,1,'1900-01-01 00:00:00','2200-01-01 00:00:00'),(1595,'1997-01-03 00:00:00',1997,1,1,3,1,'1900-01-01 00:00:00','2200-01-01 00:00:00'),(1596,'1997-01-04 00:00:00',1997,1,1,4,1,'1900-01-01 00:00:00','2200-01-01 00:00:00'),(1597,'1997-01-05 00:00:00',1997,1,1,5,1,'1900-01-01 00:00:00','2200-01-01 00:00:00'),(1598,'1997-01-06 00:00:00',1997,1,1,6,1,'1900-01-01 00:00:00','2200-01-01 00:00:00'),(1599,'1997-01-07 00:00:00',1997,1,1,7,1,'1900-01-01 00:00:00','2200-01-01 00:00:00'),(1600,'1997-01-08 00:00:00',1997,1,1,8,1,'1900-01-01 00:00:00','2200-01-01 00:00:00'),(1601,'1997-01-09 00:00:00',1997,1,1,9,1,'1900-01-01 00:00:00','2200-01-01 00:00:00'),(1602,'1997-01-10 00:00:00',1997,1,1,10,1,'1900-01-01 00:00:00','2200-01-01 00:00:00'),(1603,'1997-01-11 00:00:00',1997,1,1,11,1,'1900-01-01 00:00:00','2200-01-01 00:00:00'),(1604,'1997-01-12 00:00:00',1997,1,1,12,1,'1900-01-01 00:00:00','2200-01-01 00:00:00'),(1605,'1997-01-13 00:00:00',1997,1,1,13,1,'1900-01-01 00:00:00','2200-01-01 00:00:00'),(1606,'1997-01-14 00:00:00',1997,1,1,14,1,'1900-01-01 00:00:00','2200-01-01 00:00:00'),(1607,'1997-01-15 00:00:00',1997,1,1,15,1,'1900-01-01 00:00:00','2200-01-01 00:00:00'),(1608,'1997-01-16 00:00:00',1997,1,1,16,1,'1900-01-01 00:00:00','2200-01-01 00:00:00'),(1609,'1997-01-17 00:00:00',1997,1,1,17,1,'1900-01-01 00:00:00','2200-01-01 00:00:00'),(1610,'1997-01-18 00:00:00',1997,1,1,18,1,'1900-01-01 00:00:00','2200-01-01 00:00:00'),(1611,'1997-01-19 00:00:00',1997,1,1,19,1,'1900-01-01 00:00:00','2200-01-01 00:00:00'),(1612,'1997-01-20 00:00:00',1997,1,1,20,1,'1900-01-01 00:00:00','2200-01-01 00:00:00'),(1613,'1997-01-21 00:00:00',1997,1,1,21,1,'1900-01-01 00:00:00','2200-01-01 00:00:00'),(1614,'1997-01-22 00:00:00',1997,1,1,22,1,'1900-01-01 00:00:00','2200-01-01 00:00:00'),(1615,'1997-01-23 00:00:00',1997,1,1,23,1,'1900-01-01 00:00:00','2200-01-01 00:00:00'),(1616,'1997-01-24 00:00:00',1997,1,1,24,1,'1900-01-01 00:00:00','2200-01-01 00:00:00'),(1617,'1997-01-25 00:00:00',1997,1,1,25,1,'1900-01-01 00:00:00','2200-01-01 00:00:00'),(1618,'1997-01-26 00:00:00',1997,1,1,26,1,'1900-01-01 00:00:00','2200-01-01 00:00:00'),(1619,'1997-01-27 00:00:00',1997,1,1,27,1,'1900-01-01 00:00:00','2200-01-01 00:00:00'),(1620,'1997-01-28 00:00:00',1997,1,1,28,1,'1900-01-01 00:00:00','2200-01-01 00:00:00'),(1621,'1997-01-29 00:00:00',1997,1,1,29,1,'1900-01-01 00:00:00','2200-01-01 00:00:00'),(1622,'1997-01-30 00:00:00',1997,1,1,30,1,'1900-01-01 00:00:00','2200-01-01 00:00:00'),(1623,'1997-01-31 00:00:00',1997,1,1,31,1,'1900-01-01 00:00:00','2200-01-01 00:00:00'),(1624,'1997-02-01 00:00:00',1997,1,2,1,1,'1900-01-01 00:00:00','2200-01-01 00:00:00'),(1625,'1997-02-02 00:00:00',1997,1,2,2,1,'1900-01-01 00:00:00','2200-01-01 00:00:00'),(1626,'1997-02-03 00:00:00',1997,1,2,3,1,'1900-01-01 00:00:00','2200-01-01 00:00:00'),(1627,'1997-02-04 00:00:00',1997,1,2,4,1,'1900-01-01 00:00:00','2200-01-01 00:00:00'),(1628,'1997-02-05 00:00:00',1997,1,2,5,1,'1900-01-01 00:00:00','2200-01-01 00:00:00'),(1629,'1997-02-06 00:00:00',1997,1,2,6,1,'1900-01-01 00:00:00','2200-01-01 00:00:00'),(1630,'1997-02-07 00:00:00',1997,1,2,7,1,'1900-01-01 00:00:00','2200-01-01 00:00:00'),(1631,'1997-02-08 00:00:00',1997,1,2,8,1,'1900-01-01 00:00:00','2200-01-01 00:00:00'),(1632,'1997-02-09 00:00:00',1997,1,2,9,1,'1900-01-01 00:00:00','2200-01-01 00:00:00'),(1633,'1997-02-10 00:00:00',1997,1,2,10,1,'1900-01-01 00:00:00','2200-01-01 00:00:00'),(1634,'1997-02-11 00:00:00',1997,1,2,11,1,'1900-01-01 00:00:00','2200-01-01 00:00:00'),(1635,'1997-02-12 00:00:00',1997,1,2,12,1,'1900-01-01 00:00:00','2200-01-01 00:00:00'),(1636,'1997-02-13 00:00:00',1997,1,2,13,1,'1900-01-01 00:00:00','2200-01-01 00:00:00'),(1637,'1997-02-14 00:00:00',1997,1,2,14,1,'1900-01-01 00:00:00','2200-01-01 00:00:00'),(1638,'1997-02-15 00:00:00',1997,1,2,15,1,'1900-01-01 00:00:00','2200-01-01 00:00:00'),(1639,'1997-02-16 00:00:00',1997,1,2,16,1,'1900-01-01 00:00:00','2200-01-01 00:00:00'),(1640,'1997-02-17 00:00:00',1997,1,2,17,1,'1900-01-01 00:00:00','2200-01-01 00:00:00'),(1641,'1997-02-18 00:00:00',1997,1,2,18,1,'1900-01-01 00:00:00','2200-01-01 00:00:00'),(1642,'1997-02-19 00:00:00',1997,1,2,19,1,'1900-01-01 00:00:00','2200-01-01 00:00:00'),(1643,'1997-02-20 00:00:00',1997,1,2,20,1,'1900-01-01 00:00:00','2200-01-01 00:00:00'),(1644,'1997-02-21 00:00:00',1997,1,2,21,1,'1900-01-01 00:00:00','2200-01-01 00:00:00'),(1645,'1997-02-22 00:00:00',1997,1,2,22,1,'1900-01-01 00:00:00','2200-01-01 00:00:00'),(1646,'1997-02-23 00:00:00',1997,1,2,23,1,'1900-01-01 00:00:00','2200-01-01 00:00:00'),(1647,'1997-02-24 00:00:00',1997,1,2,24,1,'1900-01-01 00:00:00','2200-01-01 00:00:00'),(1648,'1997-02-25 00:00:00',1997,1,2,25,1,'1900-01-01 00:00:00','2200-01-01 00:00:00'),(1649,'1997-02-26 00:00:00',1997,1,2,26,1,'1900-01-01 00:00:00','2200-01-01 00:00:00'),(1650,'1997-02-27 00:00:00',1997,1,2,27,1,'1900-01-01 00:00:00','2200-01-01 00:00:00'),(1651,'1997-02-28 00:00:00',1997,1,2,28,1,'1900-01-01 00:00:00','2200-01-01 00:00:00'),(1652,'1997-03-01 00:00:00',1997,1,3,1,1,'1900-01-01 00:00:00','2200-01-01 00:00:00'),(1653,'1997-03-02 00:00:00',1997,1,3,2,1,'1900-01-01 00:00:00','2200-01-01 00:00:00'),(1654,'1997-03-03 00:00:00',1997,1,3,3,1,'1900-01-01 00:00:00','2200-01-01 00:00:00'),(1655,'1997-03-04 00:00:00',1997,1,3,4,1,'1900-01-01 00:00:00','2200-01-01 00:00:00'),(1656,'1997-03-05 00:00:00',1997,1,3,5,1,'1900-01-01 00:00:00','2200-01-01 00:00:00'),(1657,'1997-03-06 00:00:00',1997,1,3,6,1,'1900-01-01 00:00:00','2200-01-01 00:00:00'),(1658,'1997-03-07 00:00:00',1997,1,3,7,1,'1900-01-01 00:00:00','2200-01-01 00:00:00'),(1659,'1997-03-08 00:00:00',1997,1,3,8,1,'1900-01-01 00:00:00','2200-01-01 00:00:00'),(1660,'1997-03-09 00:00:00',1997,1,3,9,1,'1900-01-01 00:00:00','2200-01-01 00:00:00'),(1661,'1997-03-10 00:00:00',1997,1,3,10,1,'1900-01-01 00:00:00','2200-01-01 00:00:00'),(1662,'1997-03-11 00:00:00',1997,1,3,11,1,'1900-01-01 00:00:00','2200-01-01 00:00:00'),(1663,'1997-03-12 00:00:00',1997,1,3,12,1,'1900-01-01 00:00:00','2200-01-01 00:00:00'),(1664,'1997-03-13 00:00:00',1997,1,3,13,1,'1900-01-01 00:00:00','2200-01-01 00:00:00'),(1665,'1997-03-14 00:00:00',1997,1,3,14,1,'1900-01-01 00:00:00','2200-01-01 00:00:00'),(1666,'1997-03-15 00:00:00',1997,1,3,15,1,'1900-01-01 00:00:00','2200-01-01 00:00:00'),(1667,'1997-03-16 00:00:00',1997,1,3,16,1,'1900-01-01 00:00:00','2200-01-01 00:00:00'),(1668,'1997-03-17 00:00:00',1997,1,3,17,1,'1900-01-01 00:00:00','2200-01-01 00:00:00'),(1669,'1997-03-18 00:00:00',1997,1,3,18,1,'1900-01-01 00:00:00','2200-01-01 00:00:00'),(1670,'1997-03-19 00:00:00',1997,1,3,19,1,'1900-01-01 00:00:00','2200-01-01 00:00:00'),(1671,'1997-03-20 00:00:00',1997,1,3,20,1,'1900-01-01 00:00:00','2200-01-01 00:00:00'),(1672,'1997-03-21 00:00:00',1997,1,3,21,1,'1900-01-01 00:00:00','2200-01-01 00:00:00'),(1673,'1997-03-22 00:00:00',1997,1,3,22,1,'1900-01-01 00:00:00','2200-01-01 00:00:00'),(1674,'1997-03-23 00:00:00',1997,1,3,23,1,'1900-01-01 00:00:00','2200-01-01 00:00:00'),(1675,'1997-03-24 00:00:00',1997,1,3,24,1,'1900-01-01 00:00:00','2200-01-01 00:00:00'),(1676,'1997-03-25 00:00:00',1997,1,3,25,1,'1900-01-01 00:00:00','2200-01-01 00:00:00'),(1677,'1997-03-26 00:00:00',1997,1,3,26,1,'1900-01-01 00:00:00','2200-01-01 00:00:00'),(1678,'1997-03-27 00:00:00',1997,1,3,27,1,'1900-01-01 00:00:00','2200-01-01 00:00:00'),(1679,'1997-03-28 00:00:00',1997,1,3,28,1,'1900-01-01 00:00:00','2200-01-01 00:00:00'),(1680,'1997-03-29 00:00:00',1997,1,3,29,1,'1900-01-01 00:00:00','2200-01-01 00:00:00'),(1681,'1997-03-30 00:00:00',1997,1,3,30,1,'1900-01-01 00:00:00','2200-01-01 00:00:00'),(1682,'1997-03-31 00:00:00',1997,1,3,31,1,'1900-01-01 00:00:00','2200-01-01 00:00:00'),(1683,'1997-04-01 00:00:00',1997,2,4,1,1,'1900-01-01 00:00:00','2200-01-01 00:00:00'),(1684,'1997-04-02 00:00:00',1997,2,4,2,1,'1900-01-01 00:00:00','2200-01-01 00:00:00'),(1685,'1997-04-03 00:00:00',1997,2,4,3,1,'1900-01-01 00:00:00','2200-01-01 00:00:00'),(1686,'1997-04-04 00:00:00',1997,2,4,4,1,'1900-01-01 00:00:00','2200-01-01 00:00:00'),(1687,'1997-04-05 00:00:00',1997,2,4,5,1,'1900-01-01 00:00:00','2200-01-01 00:00:00'),(1688,'1997-04-06 00:00:00',1997,2,4,6,1,'1900-01-01 00:00:00','2200-01-01 00:00:00'),(1689,'1997-04-07 00:00:00',1997,2,4,7,1,'1900-01-01 00:00:00','2200-01-01 00:00:00'),(1690,'1997-04-08 00:00:00',1997,2,4,8,1,'1900-01-01 00:00:00','2200-01-01 00:00:00'),(1691,'1997-04-09 00:00:00',1997,2,4,9,1,'1900-01-01 00:00:00','2200-01-01 00:00:00'),(1692,'1997-04-10 00:00:00',1997,2,4,10,1,'1900-01-01 00:00:00','2200-01-01 00:00:00'),(1693,'1997-04-11 00:00:00',1997,2,4,11,1,'1900-01-01 00:00:00','2200-01-01 00:00:00'),(1694,'1997-04-12 00:00:00',1997,2,4,12,1,'1900-01-01 00:00:00','2200-01-01 00:00:00'),(1695,'1997-04-13 00:00:00',1997,2,4,13,1,'1900-01-01 00:00:00','2200-01-01 00:00:00'),(1696,'1997-04-14 00:00:00',1997,2,4,14,1,'1900-01-01 00:00:00','2200-01-01 00:00:00'),(1697,'1997-04-15 00:00:00',1997,2,4,15,1,'1900-01-01 00:00:00','2200-01-01 00:00:00'),(1698,'1997-04-16 00:00:00',1997,2,4,16,1,'1900-01-01 00:00:00','2200-01-01 00:00:00'),(1699,'1997-04-17 00:00:00',1997,2,4,17,1,'1900-01-01 00:00:00','2200-01-01 00:00:00'),(1700,'1997-04-18 00:00:00',1997,2,4,18,1,'1900-01-01 00:00:00','2200-01-01 00:00:00'),(1701,'1997-04-19 00:00:00',1997,2,4,19,1,'1900-01-01 00:00:00','2200-01-01 00:00:00'),(1702,'1997-04-20 00:00:00',1997,2,4,20,1,'1900-01-01 00:00:00','2200-01-01 00:00:00'),(1703,'1997-04-21 00:00:00',1997,2,4,21,1,'1900-01-01 00:00:00','2200-01-01 00:00:00'),(1704,'1997-04-22 00:00:00',1997,2,4,22,1,'1900-01-01 00:00:00','2200-01-01 00:00:00'),(1705,'1997-04-23 00:00:00',1997,2,4,23,1,'1900-01-01 00:00:00','2200-01-01 00:00:00'),(1706,'1997-04-24 00:00:00',1997,2,4,24,1,'1900-01-01 00:00:00','2200-01-01 00:00:00'),(1707,'1997-04-25 00:00:00',1997,2,4,25,1,'1900-01-01 00:00:00','2200-01-01 00:00:00'),(1708,'1997-04-26 00:00:00',1997,2,4,26,1,'1900-01-01 00:00:00','2200-01-01 00:00:00'),(1709,'1997-04-27 00:00:00',1997,2,4,27,1,'1900-01-01 00:00:00','2200-01-01 00:00:00'),(1710,'1997-04-28 00:00:00',1997,2,4,28,1,'1900-01-01 00:00:00','2200-01-01 00:00:00'),(1711,'1997-04-29 00:00:00',1997,2,4,29,1,'1900-01-01 00:00:00','2200-01-01 00:00:00'),(1712,'1997-04-30 00:00:00',1997,2,4,30,1,'1900-01-01 00:00:00','2200-01-01 00:00:00'),(1713,'1997-05-01 00:00:00',1997,2,5,1,1,'1900-01-01 00:00:00','2200-01-01 00:00:00'),(1714,'1997-05-02 00:00:00',1997,2,5,2,1,'1900-01-01 00:00:00','2200-01-01 00:00:00'),(1715,'1997-05-03 00:00:00',1997,2,5,3,1,'1900-01-01 00:00:00','2200-01-01 00:00:00'),(1716,'1997-05-04 00:00:00',1997,2,5,4,1,'1900-01-01 00:00:00','2200-01-01 00:00:00'),(1717,'1997-05-05 00:00:00',1997,2,5,5,1,'1900-01-01 00:00:00','2200-01-01 00:00:00'),(1718,'1997-05-06 00:00:00',1997,2,5,6,1,'1900-01-01 00:00:00','2200-01-01 00:00:00'),(1719,'1997-05-07 00:00:00',1997,2,5,7,1,'1900-01-01 00:00:00','2200-01-01 00:00:00'),(1720,'1997-05-08 00:00:00',1997,2,5,8,1,'1900-01-01 00:00:00','2200-01-01 00:00:00'),(1721,'1997-05-09 00:00:00',1997,2,5,9,1,'1900-01-01 00:00:00','2200-01-01 00:00:00'),(1722,'1997-05-10 00:00:00',1997,2,5,10,1,'1900-01-01 00:00:00','2200-01-01 00:00:00'),(1723,'1997-05-11 00:00:00',1997,2,5,11,1,'1900-01-01 00:00:00','2200-01-01 00:00:00'),(1724,'1997-05-12 00:00:00',1997,2,5,12,1,'1900-01-01 00:00:00','2200-01-01 00:00:00'),(1725,'1997-05-13 00:00:00',1997,2,5,13,1,'1900-01-01 00:00:00','2200-01-01 00:00:00'),(1726,'1997-05-14 00:00:00',1997,2,5,14,1,'1900-01-01 00:00:00','2200-01-01 00:00:00'),(1727,'1997-05-15 00:00:00',1997,2,5,15,1,'1900-01-01 00:00:00','2200-01-01 00:00:00'),(1728,'1997-05-16 00:00:00',1997,2,5,16,1,'1900-01-01 00:00:00','2200-01-01 00:00:00'),(1729,'1997-05-17 00:00:00',1997,2,5,17,1,'1900-01-01 00:00:00','2200-01-01 00:00:00'),(1730,'1997-05-18 00:00:00',1997,2,5,18,1,'1900-01-01 00:00:00','2200-01-01 00:00:00'),(1731,'1997-05-19 00:00:00',1997,2,5,19,1,'1900-01-01 00:00:00','2200-01-01 00:00:00'),(1732,'1997-05-20 00:00:00',1997,2,5,20,1,'1900-01-01 00:00:00','2200-01-01 00:00:00'),(1733,'1997-05-21 00:00:00',1997,2,5,21,1,'1900-01-01 00:00:00','2200-01-01 00:00:00'),(1734,'1997-05-22 00:00:00',1997,2,5,22,1,'1900-01-01 00:00:00','2200-01-01 00:00:00'),(1735,'1997-05-23 00:00:00',1997,2,5,23,1,'1900-01-01 00:00:00','2200-01-01 00:00:00'),(1736,'1997-05-24 00:00:00',1997,2,5,24,1,'1900-01-01 00:00:00','2200-01-01 00:00:00'),(1737,'1997-05-25 00:00:00',1997,2,5,25,1,'1900-01-01 00:00:00','2200-01-01 00:00:00'),(1738,'1997-05-26 00:00:00',1997,2,5,26,1,'1900-01-01 00:00:00','2200-01-01 00:00:00'),(1739,'1997-05-27 00:00:00',1997,2,5,27,1,'1900-01-01 00:00:00','2200-01-01 00:00:00'),(1740,'1997-05-28 00:00:00',1997,2,5,28,1,'1900-01-01 00:00:00','2200-01-01 00:00:00'),(1741,'1997-05-29 00:00:00',1997,2,5,29,1,'1900-01-01 00:00:00','2200-01-01 00:00:00'),(1742,'1997-05-30 00:00:00',1997,2,5,30,1,'1900-01-01 00:00:00','2200-01-01 00:00:00'),(1743,'1997-05-31 00:00:00',1997,2,5,31,1,'1900-01-01 00:00:00','2200-01-01 00:00:00'),(1744,'1997-06-01 00:00:00',1997,2,6,1,1,'1900-01-01 00:00:00','2200-01-01 00:00:00'),(1745,'1997-06-02 00:00:00',1997,2,6,2,1,'1900-01-01 00:00:00','2200-01-01 00:00:00'),(1746,'1997-06-03 00:00:00',1997,2,6,3,1,'1900-01-01 00:00:00','2200-01-01 00:00:00'),(1747,'1997-06-04 00:00:00',1997,2,6,4,1,'1900-01-01 00:00:00','2200-01-01 00:00:00'),(1748,'1997-06-05 00:00:00',1997,2,6,5,1,'1900-01-01 00:00:00','2200-01-01 00:00:00'),(1749,'1997-06-06 00:00:00',1997,2,6,6,1,'1900-01-01 00:00:00','2200-01-01 00:00:00'),(1750,'1997-06-07 00:00:00',1997,2,6,7,1,'1900-01-01 00:00:00','2200-01-01 00:00:00'),(1751,'1997-06-08 00:00:00',1997,2,6,8,1,'1900-01-01 00:00:00','2200-01-01 00:00:00'),(1752,'1997-06-09 00:00:00',1997,2,6,9,1,'1900-01-01 00:00:00','2200-01-01 00:00:00'),(1753,'1997-06-10 00:00:00',1997,2,6,10,1,'1900-01-01 00:00:00','2200-01-01 00:00:00'),(1754,'1997-06-11 00:00:00',1997,2,6,11,1,'1900-01-01 00:00:00','2200-01-01 00:00:00'),(1755,'1997-06-12 00:00:00',1997,2,6,12,1,'1900-01-01 00:00:00','2200-01-01 00:00:00'),(1756,'1997-06-13 00:00:00',1997,2,6,13,1,'1900-01-01 00:00:00','2200-01-01 00:00:00'),(1757,'1997-06-14 00:00:00',1997,2,6,14,1,'1900-01-01 00:00:00','2200-01-01 00:00:00'),(1758,'1997-06-15 00:00:00',1997,2,6,15,1,'1900-01-01 00:00:00','2200-01-01 00:00:00'),(1759,'1997-06-16 00:00:00',1997,2,6,16,1,'1900-01-01 00:00:00','2200-01-01 00:00:00'),(1760,'1997-06-17 00:00:00',1997,2,6,17,1,'1900-01-01 00:00:00','2200-01-01 00:00:00'),(1761,'1997-06-18 00:00:00',1997,2,6,18,1,'1900-01-01 00:00:00','2200-01-01 00:00:00'),(1762,'1997-06-19 00:00:00',1997,2,6,19,1,'1900-01-01 00:00:00','2200-01-01 00:00:00'),(1763,'1997-06-20 00:00:00',1997,2,6,20,1,'1900-01-01 00:00:00','2200-01-01 00:00:00'),(1764,'1997-06-21 00:00:00',1997,2,6,21,1,'1900-01-01 00:00:00','2200-01-01 00:00:00'),(1765,'1997-06-22 00:00:00',1997,2,6,22,1,'1900-01-01 00:00:00','2200-01-01 00:00:00'),(1766,'1997-06-23 00:00:00',1997,2,6,23,1,'1900-01-01 00:00:00','2200-01-01 00:00:00'),(1767,'1997-06-24 00:00:00',1997,2,6,24,1,'1900-01-01 00:00:00','2200-01-01 00:00:00'),(1768,'1997-06-25 00:00:00',1997,2,6,25,1,'1900-01-01 00:00:00','2200-01-01 00:00:00'),(1769,'1997-06-26 00:00:00',1997,2,6,26,1,'1900-01-01 00:00:00','2200-01-01 00:00:00'),(1770,'1997-06-27 00:00:00',1997,2,6,27,1,'1900-01-01 00:00:00','2200-01-01 00:00:00'),(1771,'1997-06-28 00:00:00',1997,2,6,28,1,'1900-01-01 00:00:00','2200-01-01 00:00:00'),(1772,'1997-06-29 00:00:00',1997,2,6,29,1,'1900-01-01 00:00:00','2200-01-01 00:00:00'),(1773,'1997-06-30 00:00:00',1997,2,6,30,1,'1900-01-01 00:00:00','2200-01-01 00:00:00'),(1774,'1997-07-01 00:00:00',1997,3,7,1,1,'1900-01-01 00:00:00','2200-01-01 00:00:00'),(1775,'1997-07-02 00:00:00',1997,3,7,2,1,'1900-01-01 00:00:00','2200-01-01 00:00:00'),(1776,'1997-07-03 00:00:00',1997,3,7,3,1,'1900-01-01 00:00:00','2200-01-01 00:00:00'),(1777,'1997-07-04 00:00:00',1997,3,7,4,1,'1900-01-01 00:00:00','2200-01-01 00:00:00'),(1778,'1997-07-05 00:00:00',1997,3,7,5,1,'1900-01-01 00:00:00','2200-01-01 00:00:00'),(1779,'1997-07-06 00:00:00',1997,3,7,6,1,'1900-01-01 00:00:00','2200-01-01 00:00:00'),(1780,'1997-07-07 00:00:00',1997,3,7,7,1,'1900-01-01 00:00:00','2200-01-01 00:00:00'),(1781,'1997-07-08 00:00:00',1997,3,7,8,1,'1900-01-01 00:00:00','2200-01-01 00:00:00'),(1782,'1997-07-09 00:00:00',1997,3,7,9,1,'1900-01-01 00:00:00','2200-01-01 00:00:00'),(1783,'1997-07-10 00:00:00',1997,3,7,10,1,'1900-01-01 00:00:00','2200-01-01 00:00:00'),(1784,'1997-07-11 00:00:00',1997,3,7,11,1,'1900-01-01 00:00:00','2200-01-01 00:00:00'),(1785,'1997-07-12 00:00:00',1997,3,7,12,1,'1900-01-01 00:00:00','2200-01-01 00:00:00'),(1786,'1997-07-13 00:00:00',1997,3,7,13,1,'1900-01-01 00:00:00','2200-01-01 00:00:00'),(1787,'1997-07-14 00:00:00',1997,3,7,14,1,'1900-01-01 00:00:00','2200-01-01 00:00:00'),(1788,'1997-07-15 00:00:00',1997,3,7,15,1,'1900-01-01 00:00:00','2200-01-01 00:00:00'),(1789,'1997-07-16 00:00:00',1997,3,7,16,1,'1900-01-01 00:00:00','2200-01-01 00:00:00'),(1790,'1997-07-17 00:00:00',1997,3,7,17,1,'1900-01-01 00:00:00','2200-01-01 00:00:00'),(1791,'1997-07-18 00:00:00',1997,3,7,18,1,'1900-01-01 00:00:00','2200-01-01 00:00:00'),(1792,'1997-07-19 00:00:00',1997,3,7,19,1,'1900-01-01 00:00:00','2200-01-01 00:00:00'),(1793,'1997-07-20 00:00:00',1997,3,7,20,1,'1900-01-01 00:00:00','2200-01-01 00:00:00'),(1794,'1997-07-21 00:00:00',1997,3,7,21,1,'1900-01-01 00:00:00','2200-01-01 00:00:00'),(1795,'1997-07-22 00:00:00',1997,3,7,22,1,'1900-01-01 00:00:00','2200-01-01 00:00:00'),(1796,'1997-07-23 00:00:00',1997,3,7,23,1,'1900-01-01 00:00:00','2200-01-01 00:00:00'),(1797,'1997-07-24 00:00:00',1997,3,7,24,1,'1900-01-01 00:00:00','2200-01-01 00:00:00'),(1798,'1997-07-25 00:00:00',1997,3,7,25,1,'1900-01-01 00:00:00','2200-01-01 00:00:00'),(1799,'1997-07-26 00:00:00',1997,3,7,26,1,'1900-01-01 00:00:00','2200-01-01 00:00:00'),(1800,'1997-07-27 00:00:00',1997,3,7,27,1,'1900-01-01 00:00:00','2200-01-01 00:00:00'),(1801,'1997-07-28 00:00:00',1997,3,7,28,1,'1900-01-01 00:00:00','2200-01-01 00:00:00'),(1802,'1997-07-29 00:00:00',1997,3,7,29,1,'1900-01-01 00:00:00','2200-01-01 00:00:00'),(1803,'1997-07-30 00:00:00',1997,3,7,30,1,'1900-01-01 00:00:00','2200-01-01 00:00:00'),(1804,'1997-07-31 00:00:00',1997,3,7,31,1,'1900-01-01 00:00:00','2200-01-01 00:00:00'),(1805,'1997-08-01 00:00:00',1997,3,8,1,1,'1900-01-01 00:00:00','2200-01-01 00:00:00'),(1806,'1997-08-02 00:00:00',1997,3,8,2,1,'1900-01-01 00:00:00','2200-01-01 00:00:00'),(1807,'1997-08-03 00:00:00',1997,3,8,3,1,'1900-01-01 00:00:00','2200-01-01 00:00:00'),(1808,'1997-08-04 00:00:00',1997,3,8,4,1,'1900-01-01 00:00:00','2200-01-01 00:00:00'),(1809,'1997-08-05 00:00:00',1997,3,8,5,1,'1900-01-01 00:00:00','2200-01-01 00:00:00'),(1810,'1997-08-06 00:00:00',1997,3,8,6,1,'1900-01-01 00:00:00','2200-01-01 00:00:00'),(1811,'1997-08-07 00:00:00',1997,3,8,7,1,'1900-01-01 00:00:00','2200-01-01 00:00:00'),(1812,'1997-08-08 00:00:00',1997,3,8,8,1,'1900-01-01 00:00:00','2200-01-01 00:00:00'),(1813,'1997-08-09 00:00:00',1997,3,8,9,1,'1900-01-01 00:00:00','2200-01-01 00:00:00'),(1814,'1997-08-10 00:00:00',1997,3,8,10,1,'1900-01-01 00:00:00','2200-01-01 00:00:00'),(1815,'1997-08-11 00:00:00',1997,3,8,11,1,'1900-01-01 00:00:00','2200-01-01 00:00:00'),(1816,'1997-08-12 00:00:00',1997,3,8,12,1,'1900-01-01 00:00:00','2200-01-01 00:00:00'),(1817,'1997-08-13 00:00:00',1997,3,8,13,1,'1900-01-01 00:00:00','2200-01-01 00:00:00'),(1818,'1997-08-14 00:00:00',1997,3,8,14,1,'1900-01-01 00:00:00','2200-01-01 00:00:00'),(1819,'1997-08-15 00:00:00',1997,3,8,15,1,'1900-01-01 00:00:00','2200-01-01 00:00:00'),(1820,'1997-08-16 00:00:00',1997,3,8,16,1,'1900-01-01 00:00:00','2200-01-01 00:00:00'),(1821,'1997-08-17 00:00:00',1997,3,8,17,1,'1900-01-01 00:00:00','2200-01-01 00:00:00'),(1822,'1997-08-18 00:00:00',1997,3,8,18,1,'1900-01-01 00:00:00','2200-01-01 00:00:00'),(1823,'1997-08-19 00:00:00',1997,3,8,19,1,'1900-01-01 00:00:00','2200-01-01 00:00:00'),(1824,'1997-08-20 00:00:00',1997,3,8,20,1,'1900-01-01 00:00:00','2200-01-01 00:00:00'),(1825,'1997-08-21 00:00:00',1997,3,8,21,1,'1900-01-01 00:00:00','2200-01-01 00:00:00'),(1826,'1997-08-22 00:00:00',1997,3,8,22,1,'1900-01-01 00:00:00','2200-01-01 00:00:00'),(1827,'1997-08-23 00:00:00',1997,3,8,23,1,'1900-01-01 00:00:00','2200-01-01 00:00:00'),(1828,'1997-08-24 00:00:00',1997,3,8,24,1,'1900-01-01 00:00:00','2200-01-01 00:00:00'),(1829,'1997-08-25 00:00:00',1997,3,8,25,1,'1900-01-01 00:00:00','2200-01-01 00:00:00'),(1830,'1997-08-26 00:00:00',1997,3,8,26,1,'1900-01-01 00:00:00','2200-01-01 00:00:00'),(1831,'1997-08-27 00:00:00',1997,3,8,27,1,'1900-01-01 00:00:00','2200-01-01 00:00:00'),(1832,'1997-08-28 00:00:00',1997,3,8,28,1,'1900-01-01 00:00:00','2200-01-01 00:00:00'),(1833,'1997-08-29 00:00:00',1997,3,8,29,1,'1900-01-01 00:00:00','2200-01-01 00:00:00'),(1834,'1997-08-30 00:00:00',1997,3,8,30,1,'1900-01-01 00:00:00','2200-01-01 00:00:00'),(1835,'1997-08-31 00:00:00',1997,3,8,31,1,'1900-01-01 00:00:00','2200-01-01 00:00:00'),(1836,'1997-09-01 00:00:00',1997,3,9,1,1,'1900-01-01 00:00:00','2200-01-01 00:00:00'),(1837,'1997-09-02 00:00:00',1997,3,9,2,1,'1900-01-01 00:00:00','2200-01-01 00:00:00'),(1838,'1997-09-03 00:00:00',1997,3,9,3,1,'1900-01-01 00:00:00','2200-01-01 00:00:00'),(1839,'1997-09-04 00:00:00',1997,3,9,4,1,'1900-01-01 00:00:00','2200-01-01 00:00:00'),(1840,'1997-09-05 00:00:00',1997,3,9,5,1,'1900-01-01 00:00:00','2200-01-01 00:00:00'),(1841,'1997-09-06 00:00:00',1997,3,9,6,1,'1900-01-01 00:00:00','2200-01-01 00:00:00'),(1842,'1997-09-07 00:00:00',1997,3,9,7,1,'1900-01-01 00:00:00','2200-01-01 00:00:00'),(1843,'1997-09-08 00:00:00',1997,3,9,8,1,'1900-01-01 00:00:00','2200-01-01 00:00:00'),(1844,'1997-09-09 00:00:00',1997,3,9,9,1,'1900-01-01 00:00:00','2200-01-01 00:00:00'),(1845,'1997-09-10 00:00:00',1997,3,9,10,1,'1900-01-01 00:00:00','2200-01-01 00:00:00'),(1846,'1997-09-11 00:00:00',1997,3,9,11,1,'1900-01-01 00:00:00','2200-01-01 00:00:00'),(1847,'1997-09-12 00:00:00',1997,3,9,12,1,'1900-01-01 00:00:00','2200-01-01 00:00:00'),(1848,'1997-09-13 00:00:00',1997,3,9,13,1,'1900-01-01 00:00:00','2200-01-01 00:00:00'),(1849,'1997-09-14 00:00:00',1997,3,9,14,1,'1900-01-01 00:00:00','2200-01-01 00:00:00'),(1850,'1997-09-15 00:00:00',1997,3,9,15,1,'1900-01-01 00:00:00','2200-01-01 00:00:00'),(1851,'1997-09-16 00:00:00',1997,3,9,16,1,'1900-01-01 00:00:00','2200-01-01 00:00:00'),(1852,'1997-09-17 00:00:00',1997,3,9,17,1,'1900-01-01 00:00:00','2200-01-01 00:00:00'),(1853,'1997-09-18 00:00:00',1997,3,9,18,1,'1900-01-01 00:00:00','2200-01-01 00:00:00'),(1854,'1997-09-19 00:00:00',1997,3,9,19,1,'1900-01-01 00:00:00','2200-01-01 00:00:00'),(1855,'1997-09-20 00:00:00',1997,3,9,20,1,'1900-01-01 00:00:00','2200-01-01 00:00:00'),(1856,'1997-09-21 00:00:00',1997,3,9,21,1,'1900-01-01 00:00:00','2200-01-01 00:00:00'),(1857,'1997-09-22 00:00:00',1997,3,9,22,1,'1900-01-01 00:00:00','2200-01-01 00:00:00'),(1858,'1997-09-23 00:00:00',1997,3,9,23,1,'1900-01-01 00:00:00','2200-01-01 00:00:00'),(1859,'1997-09-24 00:00:00',1997,3,9,24,1,'1900-01-01 00:00:00','2200-01-01 00:00:00'),(1860,'1997-09-25 00:00:00',1997,3,9,25,1,'1900-01-01 00:00:00','2200-01-01 00:00:00'),(1861,'1997-09-26 00:00:00',1997,3,9,26,1,'1900-01-01 00:00:00','2200-01-01 00:00:00'),(1862,'1997-09-27 00:00:00',1997,3,9,27,1,'1900-01-01 00:00:00','2200-01-01 00:00:00'),(1863,'1997-09-28 00:00:00',1997,3,9,28,1,'1900-01-01 00:00:00','2200-01-01 00:00:00'),(1864,'1997-09-29 00:00:00',1997,3,9,29,1,'1900-01-01 00:00:00','2200-01-01 00:00:00'),(1865,'1997-09-30 00:00:00',1997,3,9,30,1,'1900-01-01 00:00:00','2200-01-01 00:00:00'),(1866,'1997-10-01 00:00:00',1997,4,10,1,1,'1900-01-01 00:00:00','2200-01-01 00:00:00'),(1867,'1997-10-02 00:00:00',1997,4,10,2,1,'1900-01-01 00:00:00','2200-01-01 00:00:00'),(1868,'1997-10-03 00:00:00',1997,4,10,3,1,'1900-01-01 00:00:00','2200-01-01 00:00:00'),(1869,'1997-10-04 00:00:00',1997,4,10,4,1,'1900-01-01 00:00:00','2200-01-01 00:00:00'),(1870,'1997-10-05 00:00:00',1997,4,10,5,1,'1900-01-01 00:00:00','2200-01-01 00:00:00'),(1871,'1997-10-06 00:00:00',1997,4,10,6,1,'1900-01-01 00:00:00','2200-01-01 00:00:00'),(1872,'1997-10-07 00:00:00',1997,4,10,7,1,'1900-01-01 00:00:00','2200-01-01 00:00:00'),(1873,'1997-10-08 00:00:00',1997,4,10,8,1,'1900-01-01 00:00:00','2200-01-01 00:00:00'),(1874,'1997-10-09 00:00:00',1997,4,10,9,1,'1900-01-01 00:00:00','2200-01-01 00:00:00'),(1875,'1997-10-10 00:00:00',1997,4,10,10,1,'1900-01-01 00:00:00','2200-01-01 00:00:00'),(1876,'1997-10-11 00:00:00',1997,4,10,11,1,'1900-01-01 00:00:00','2200-01-01 00:00:00'),(1877,'1997-10-12 00:00:00',1997,4,10,12,1,'1900-01-01 00:00:00','2200-01-01 00:00:00'),(1878,'1997-10-13 00:00:00',1997,4,10,13,1,'1900-01-01 00:00:00','2200-01-01 00:00:00'),(1879,'1997-10-14 00:00:00',1997,4,10,14,1,'1900-01-01 00:00:00','2200-01-01 00:00:00'),(1880,'1997-10-15 00:00:00',1997,4,10,15,1,'1900-01-01 00:00:00','2200-01-01 00:00:00'),(1881,'1997-10-16 00:00:00',1997,4,10,16,1,'1900-01-01 00:00:00','2200-01-01 00:00:00'),(1882,'1997-10-17 00:00:00',1997,4,10,17,1,'1900-01-01 00:00:00','2200-01-01 00:00:00'),(1883,'1997-10-18 00:00:00',1997,4,10,18,1,'1900-01-01 00:00:00','2200-01-01 00:00:00'),(1884,'1997-10-19 00:00:00',1997,4,10,19,1,'1900-01-01 00:00:00','2200-01-01 00:00:00'),(1885,'1997-10-20 00:00:00',1997,4,10,20,1,'1900-01-01 00:00:00','2200-01-01 00:00:00'),(1886,'1997-10-21 00:00:00',1997,4,10,21,1,'1900-01-01 00:00:00','2200-01-01 00:00:00'),(1887,'1997-10-22 00:00:00',1997,4,10,22,1,'1900-01-01 00:00:00','2200-01-01 00:00:00'),(1888,'1997-10-23 00:00:00',1997,4,10,23,1,'1900-01-01 00:00:00','2200-01-01 00:00:00'),(1889,'1997-10-24 00:00:00',1997,4,10,24,1,'1900-01-01 00:00:00','2200-01-01 00:00:00'),(1890,'1997-10-25 00:00:00',1997,4,10,25,1,'1900-01-01 00:00:00','2200-01-01 00:00:00'),(1891,'1997-10-26 00:00:00',1997,4,10,26,1,'1900-01-01 00:00:00','2200-01-01 00:00:00'),(1892,'1997-10-27 00:00:00',1997,4,10,27,1,'1900-01-01 00:00:00','2200-01-01 00:00:00'),(1893,'1997-10-28 00:00:00',1997,4,10,28,1,'1900-01-01 00:00:00','2200-01-01 00:00:00'),(1894,'1997-10-29 00:00:00',1997,4,10,29,1,'1900-01-01 00:00:00','2200-01-01 00:00:00'),(1895,'1997-10-30 00:00:00',1997,4,10,30,1,'1900-01-01 00:00:00','2200-01-01 00:00:00'),(1896,'1997-10-31 00:00:00',1997,4,10,31,1,'1900-01-01 00:00:00','2200-01-01 00:00:00'),(1897,'1997-11-01 00:00:00',1997,4,11,1,1,'1900-01-01 00:00:00','2200-01-01 00:00:00'),(1898,'1997-11-02 00:00:00',1997,4,11,2,1,'1900-01-01 00:00:00','2200-01-01 00:00:00'),(1899,'1997-11-03 00:00:00',1997,4,11,3,1,'1900-01-01 00:00:00','2200-01-01 00:00:00'),(1900,'1997-11-04 00:00:00',1997,4,11,4,1,'1900-01-01 00:00:00','2200-01-01 00:00:00'),(1901,'1997-11-05 00:00:00',1997,4,11,5,1,'1900-01-01 00:00:00','2200-01-01 00:00:00'),(1902,'1997-11-06 00:00:00',1997,4,11,6,1,'1900-01-01 00:00:00','2200-01-01 00:00:00'),(1903,'1997-11-07 00:00:00',1997,4,11,7,1,'1900-01-01 00:00:00','2200-01-01 00:00:00'),(1904,'1997-11-08 00:00:00',1997,4,11,8,1,'1900-01-01 00:00:00','2200-01-01 00:00:00'),(1905,'1997-11-09 00:00:00',1997,4,11,9,1,'1900-01-01 00:00:00','2200-01-01 00:00:00'),(1906,'1997-11-10 00:00:00',1997,4,11,10,1,'1900-01-01 00:00:00','2200-01-01 00:00:00'),(1907,'1997-11-11 00:00:00',1997,4,11,11,1,'1900-01-01 00:00:00','2200-01-01 00:00:00'),(1908,'1997-11-12 00:00:00',1997,4,11,12,1,'1900-01-01 00:00:00','2200-01-01 00:00:00'),(1909,'1997-11-13 00:00:00',1997,4,11,13,1,'1900-01-01 00:00:00','2200-01-01 00:00:00'),(1910,'1997-11-14 00:00:00',1997,4,11,14,1,'1900-01-01 00:00:00','2200-01-01 00:00:00'),(1911,'1997-11-15 00:00:00',1997,4,11,15,1,'1900-01-01 00:00:00','2200-01-01 00:00:00'),(1912,'1997-11-16 00:00:00',1997,4,11,16,1,'1900-01-01 00:00:00','2200-01-01 00:00:00'),(1913,'1997-11-17 00:00:00',1997,4,11,17,1,'1900-01-01 00:00:00','2200-01-01 00:00:00'),(1914,'1997-11-18 00:00:00',1997,4,11,18,1,'1900-01-01 00:00:00','2200-01-01 00:00:00'),(1915,'1997-11-19 00:00:00',1997,4,11,19,1,'1900-01-01 00:00:00','2200-01-01 00:00:00'),(1916,'1997-11-20 00:00:00',1997,4,11,20,1,'1900-01-01 00:00:00','2200-01-01 00:00:00'),(1917,'1997-11-21 00:00:00',1997,4,11,21,1,'1900-01-01 00:00:00','2200-01-01 00:00:00'),(1918,'1997-11-22 00:00:00',1997,4,11,22,1,'1900-01-01 00:00:00','2200-01-01 00:00:00'),(1919,'1997-11-23 00:00:00',1997,4,11,23,1,'1900-01-01 00:00:00','2200-01-01 00:00:00'),(1920,'1997-11-24 00:00:00',1997,4,11,24,1,'1900-01-01 00:00:00','2200-01-01 00:00:00'),(1921,'1997-11-25 00:00:00',1997,4,11,25,1,'1900-01-01 00:00:00','2200-01-01 00:00:00'),(1922,'1997-11-26 00:00:00',1997,4,11,26,1,'1900-01-01 00:00:00','2200-01-01 00:00:00'),(1923,'1997-11-27 00:00:00',1997,4,11,27,1,'1900-01-01 00:00:00','2200-01-01 00:00:00'),(1924,'1997-11-28 00:00:00',1997,4,11,28,1,'1900-01-01 00:00:00','2200-01-01 00:00:00'),(1925,'1997-11-29 00:00:00',1997,4,11,29,1,'1900-01-01 00:00:00','2200-01-01 00:00:00'),(1926,'1997-11-30 00:00:00',1997,4,11,30,1,'1900-01-01 00:00:00','2200-01-01 00:00:00'),(1927,'1997-12-01 00:00:00',1997,4,12,1,1,'1900-01-01 00:00:00','2200-01-01 00:00:00'),(1928,'1997-12-02 00:00:00',1997,4,12,2,1,'1900-01-01 00:00:00','2200-01-01 00:00:00'),(1929,'1997-12-03 00:00:00',1997,4,12,3,1,'1900-01-01 00:00:00','2200-01-01 00:00:00'),(1930,'1997-12-04 00:00:00',1997,4,12,4,1,'1900-01-01 00:00:00','2200-01-01 00:00:00'),(1931,'1997-12-05 00:00:00',1997,4,12,5,1,'1900-01-01 00:00:00','2200-01-01 00:00:00'),(1932,'1997-12-06 00:00:00',1997,4,12,6,1,'1900-01-01 00:00:00','2200-01-01 00:00:00'),(1933,'1997-12-07 00:00:00',1997,4,12,7,1,'1900-01-01 00:00:00','2200-01-01 00:00:00'),(1934,'1997-12-08 00:00:00',1997,4,12,8,1,'1900-01-01 00:00:00','2200-01-01 00:00:00'),(1935,'1997-12-09 00:00:00',1997,4,12,9,1,'1900-01-01 00:00:00','2200-01-01 00:00:00'),(1936,'1997-12-10 00:00:00',1997,4,12,10,1,'1900-01-01 00:00:00','2200-01-01 00:00:00'),(1937,'1997-12-11 00:00:00',1997,4,12,11,1,'1900-01-01 00:00:00','2200-01-01 00:00:00'),(1938,'1997-12-12 00:00:00',1997,4,12,12,1,'1900-01-01 00:00:00','2200-01-01 00:00:00'),(1939,'1997-12-13 00:00:00',1997,4,12,13,1,'1900-01-01 00:00:00','2200-01-01 00:00:00'),(1940,'1997-12-14 00:00:00',1997,4,12,14,1,'1900-01-01 00:00:00','2200-01-01 00:00:00'),(1941,'1997-12-15 00:00:00',1997,4,12,15,1,'1900-01-01 00:00:00','2200-01-01 00:00:00'),(1942,'1997-12-16 00:00:00',1997,4,12,16,1,'1900-01-01 00:00:00','2200-01-01 00:00:00'),(1943,'1997-12-17 00:00:00',1997,4,12,17,1,'1900-01-01 00:00:00','2200-01-01 00:00:00'),(1944,'1997-12-18 00:00:00',1997,4,12,18,1,'1900-01-01 00:00:00','2200-01-01 00:00:00'),(1945,'1997-12-19 00:00:00',1997,4,12,19,1,'1900-01-01 00:00:00','2200-01-01 00:00:00'),(1946,'1997-12-20 00:00:00',1997,4,12,20,1,'1900-01-01 00:00:00','2200-01-01 00:00:00'),(1947,'1997-12-21 00:00:00',1997,4,12,21,1,'1900-01-01 00:00:00','2200-01-01 00:00:00'),(1948,'1997-12-22 00:00:00',1997,4,12,22,1,'1900-01-01 00:00:00','2200-01-01 00:00:00'),(1949,'1997-12-23 00:00:00',1997,4,12,23,1,'1900-01-01 00:00:00','2200-01-01 00:00:00'),(1950,'1997-12-24 00:00:00',1997,4,12,24,1,'1900-01-01 00:00:00','2200-01-01 00:00:00'),(1951,'1997-12-25 00:00:00',1997,4,12,25,1,'1900-01-01 00:00:00','2200-01-01 00:00:00'),(1952,'1997-12-26 00:00:00',1997,4,12,26,1,'1900-01-01 00:00:00','2200-01-01 00:00:00'),(1953,'1997-12-27 00:00:00',1997,4,12,27,1,'1900-01-01 00:00:00','2200-01-01 00:00:00'),(1954,'1997-12-28 00:00:00',1997,4,12,28,1,'1900-01-01 00:00:00','2200-01-01 00:00:00'),(1955,'1997-12-29 00:00:00',1997,4,12,29,1,'1900-01-01 00:00:00','2200-01-01 00:00:00'),(1956,'1997-12-30 00:00:00',1997,4,12,30,1,'1900-01-01 00:00:00','2200-01-01 00:00:00'),(1957,'1997-12-31 00:00:00',1997,4,12,31,1,'1900-01-01 00:00:00','2200-01-01 00:00:00'),(1958,'1998-01-01 00:00:00',1998,1,1,1,1,'1900-01-01 00:00:00','2200-01-01 00:00:00'),(1959,'1998-01-02 00:00:00',1998,1,1,2,1,'1900-01-01 00:00:00','2200-01-01 00:00:00'),(1960,'1998-01-03 00:00:00',1998,1,1,3,1,'1900-01-01 00:00:00','2200-01-01 00:00:00'),(1961,'1998-01-04 00:00:00',1998,1,1,4,1,'1900-01-01 00:00:00','2200-01-01 00:00:00'),(1962,'1998-01-05 00:00:00',1998,1,1,5,1,'1900-01-01 00:00:00','2200-01-01 00:00:00'),(1963,'1998-01-06 00:00:00',1998,1,1,6,1,'1900-01-01 00:00:00','2200-01-01 00:00:00'),(1964,'1998-01-07 00:00:00',1998,1,1,7,1,'1900-01-01 00:00:00','2200-01-01 00:00:00'),(1965,'1998-01-08 00:00:00',1998,1,1,8,1,'1900-01-01 00:00:00','2200-01-01 00:00:00'),(1966,'1998-01-09 00:00:00',1998,1,1,9,1,'1900-01-01 00:00:00','2200-01-01 00:00:00'),(1967,'1998-01-10 00:00:00',1998,1,1,10,1,'1900-01-01 00:00:00','2200-01-01 00:00:00'),(1968,'1998-01-11 00:00:00',1998,1,1,11,1,'1900-01-01 00:00:00','2200-01-01 00:00:00'),(1969,'1998-01-12 00:00:00',1998,1,1,12,1,'1900-01-01 00:00:00','2200-01-01 00:00:00'),(1970,'1998-01-13 00:00:00',1998,1,1,13,1,'1900-01-01 00:00:00','2200-01-01 00:00:00'),(1971,'1998-01-14 00:00:00',1998,1,1,14,1,'1900-01-01 00:00:00','2200-01-01 00:00:00'),(1972,'1998-01-15 00:00:00',1998,1,1,15,1,'1900-01-01 00:00:00','2200-01-01 00:00:00'),(1973,'1998-01-16 00:00:00',1998,1,1,16,1,'1900-01-01 00:00:00','2200-01-01 00:00:00'),(1974,'1998-01-17 00:00:00',1998,1,1,17,1,'1900-01-01 00:00:00','2200-01-01 00:00:00'),(1975,'1998-01-18 00:00:00',1998,1,1,18,1,'1900-01-01 00:00:00','2200-01-01 00:00:00'),(1976,'1998-01-19 00:00:00',1998,1,1,19,1,'1900-01-01 00:00:00','2200-01-01 00:00:00'),(1977,'1998-01-20 00:00:00',1998,1,1,20,1,'1900-01-01 00:00:00','2200-01-01 00:00:00'),(1978,'1998-01-21 00:00:00',1998,1,1,21,1,'1900-01-01 00:00:00','2200-01-01 00:00:00'),(1979,'1998-01-22 00:00:00',1998,1,1,22,1,'1900-01-01 00:00:00','2200-01-01 00:00:00'),(1980,'1998-01-23 00:00:00',1998,1,1,23,1,'1900-01-01 00:00:00','2200-01-01 00:00:00'),(1981,'1998-01-24 00:00:00',1998,1,1,24,1,'1900-01-01 00:00:00','2200-01-01 00:00:00'),(1982,'1998-01-25 00:00:00',1998,1,1,25,1,'1900-01-01 00:00:00','2200-01-01 00:00:00'),(1983,'1998-01-26 00:00:00',1998,1,1,26,1,'1900-01-01 00:00:00','2200-01-01 00:00:00'),(1984,'1998-01-27 00:00:00',1998,1,1,27,1,'1900-01-01 00:00:00','2200-01-01 00:00:00'),(1985,'1998-01-28 00:00:00',1998,1,1,28,1,'1900-01-01 00:00:00','2200-01-01 00:00:00'),(1986,'1998-01-29 00:00:00',1998,1,1,29,1,'1900-01-01 00:00:00','2200-01-01 00:00:00'),(1987,'1998-01-30 00:00:00',1998,1,1,30,1,'1900-01-01 00:00:00','2200-01-01 00:00:00'),(1988,'1998-01-31 00:00:00',1998,1,1,31,1,'1900-01-01 00:00:00','2200-01-01 00:00:00'),(1989,'1998-02-01 00:00:00',1998,1,2,1,1,'1900-01-01 00:00:00','2200-01-01 00:00:00'),(1990,'1998-02-02 00:00:00',1998,1,2,2,1,'1900-01-01 00:00:00','2200-01-01 00:00:00'),(1991,'1998-02-03 00:00:00',1998,1,2,3,1,'1900-01-01 00:00:00','2200-01-01 00:00:00'),(1992,'1998-02-04 00:00:00',1998,1,2,4,1,'1900-01-01 00:00:00','2200-01-01 00:00:00'),(1993,'1998-02-05 00:00:00',1998,1,2,5,1,'1900-01-01 00:00:00','2200-01-01 00:00:00'),(1994,'1998-02-06 00:00:00',1998,1,2,6,1,'1900-01-01 00:00:00','2200-01-01 00:00:00'),(1995,'1998-02-07 00:00:00',1998,1,2,7,1,'1900-01-01 00:00:00','2200-01-01 00:00:00'),(1996,'1998-02-08 00:00:00',1998,1,2,8,1,'1900-01-01 00:00:00','2200-01-01 00:00:00'),(1997,'1998-02-09 00:00:00',1998,1,2,9,1,'1900-01-01 00:00:00','2200-01-01 00:00:00'),(1998,'1998-02-10 00:00:00',1998,1,2,10,1,'1900-01-01 00:00:00','2200-01-01 00:00:00'),(1999,'1998-02-11 00:00:00',1998,1,2,11,1,'1900-01-01 00:00:00','2200-01-01 00:00:00'),(2000,'1998-02-12 00:00:00',1998,1,2,12,1,'1900-01-01 00:00:00','2200-01-01 00:00:00'),(2001,'1998-02-13 00:00:00',1998,1,2,13,1,'1900-01-01 00:00:00','2200-01-01 00:00:00'),(2002,'1998-02-14 00:00:00',1998,1,2,14,1,'1900-01-01 00:00:00','2200-01-01 00:00:00'),(2003,'1998-02-15 00:00:00',1998,1,2,15,1,'1900-01-01 00:00:00','2200-01-01 00:00:00'),(2004,'1998-02-16 00:00:00',1998,1,2,16,1,'1900-01-01 00:00:00','2200-01-01 00:00:00'),(2005,'1998-02-17 00:00:00',1998,1,2,17,1,'1900-01-01 00:00:00','2200-01-01 00:00:00'),(2006,'1998-02-18 00:00:00',1998,1,2,18,1,'1900-01-01 00:00:00','2200-01-01 00:00:00'),(2007,'1998-02-19 00:00:00',1998,1,2,19,1,'1900-01-01 00:00:00','2200-01-01 00:00:00'),(2008,'1998-02-20 00:00:00',1998,1,2,20,1,'1900-01-01 00:00:00','2200-01-01 00:00:00'),(2009,'1998-02-21 00:00:00',1998,1,2,21,1,'1900-01-01 00:00:00','2200-01-01 00:00:00'),(2010,'1998-02-22 00:00:00',1998,1,2,22,1,'1900-01-01 00:00:00','2200-01-01 00:00:00'),(2011,'1998-02-23 00:00:00',1998,1,2,23,1,'1900-01-01 00:00:00','2200-01-01 00:00:00'),(2012,'1998-02-24 00:00:00',1998,1,2,24,1,'1900-01-01 00:00:00','2200-01-01 00:00:00'),(2013,'1998-02-25 00:00:00',1998,1,2,25,1,'1900-01-01 00:00:00','2200-01-01 00:00:00'),(2014,'1998-02-26 00:00:00',1998,1,2,26,1,'1900-01-01 00:00:00','2200-01-01 00:00:00'),(2015,'1998-02-27 00:00:00',1998,1,2,27,1,'1900-01-01 00:00:00','2200-01-01 00:00:00'),(2016,'1998-02-28 00:00:00',1998,1,2,28,1,'1900-01-01 00:00:00','2200-01-01 00:00:00'),(2017,'1998-03-01 00:00:00',1998,1,3,1,1,'1900-01-01 00:00:00','2200-01-01 00:00:00'),(2018,'1998-03-02 00:00:00',1998,1,3,2,1,'1900-01-01 00:00:00','2200-01-01 00:00:00'),(2019,'1998-03-03 00:00:00',1998,1,3,3,1,'1900-01-01 00:00:00','2200-01-01 00:00:00'),(2020,'1998-03-04 00:00:00',1998,1,3,4,1,'1900-01-01 00:00:00','2200-01-01 00:00:00'),(2021,'1998-03-05 00:00:00',1998,1,3,5,1,'1900-01-01 00:00:00','2200-01-01 00:00:00'),(2022,'1998-03-06 00:00:00',1998,1,3,6,1,'1900-01-01 00:00:00','2200-01-01 00:00:00'),(2023,'1998-03-07 00:00:00',1998,1,3,7,1,'1900-01-01 00:00:00','2200-01-01 00:00:00'),(2024,'1998-03-08 00:00:00',1998,1,3,8,1,'1900-01-01 00:00:00','2200-01-01 00:00:00'),(2025,'1998-03-09 00:00:00',1998,1,3,9,1,'1900-01-01 00:00:00','2200-01-01 00:00:00'),(2026,'1998-03-10 00:00:00',1998,1,3,10,1,'1900-01-01 00:00:00','2200-01-01 00:00:00'),(2027,'1998-03-11 00:00:00',1998,1,3,11,1,'1900-01-01 00:00:00','2200-01-01 00:00:00'),(2028,'1998-03-12 00:00:00',1998,1,3,12,1,'1900-01-01 00:00:00','2200-01-01 00:00:00'),(2029,'1998-03-13 00:00:00',1998,1,3,13,1,'1900-01-01 00:00:00','2200-01-01 00:00:00'),(2030,'1998-03-14 00:00:00',1998,1,3,14,1,'1900-01-01 00:00:00','2200-01-01 00:00:00'),(2031,'1998-03-15 00:00:00',1998,1,3,15,1,'1900-01-01 00:00:00','2200-01-01 00:00:00'),(2032,'1998-03-16 00:00:00',1998,1,3,16,1,'1900-01-01 00:00:00','2200-01-01 00:00:00'),(2033,'1998-03-17 00:00:00',1998,1,3,17,1,'1900-01-01 00:00:00','2200-01-01 00:00:00'),(2034,'1998-03-18 00:00:00',1998,1,3,18,1,'1900-01-01 00:00:00','2200-01-01 00:00:00'),(2035,'1998-03-19 00:00:00',1998,1,3,19,1,'1900-01-01 00:00:00','2200-01-01 00:00:00'),(2036,'1998-03-20 00:00:00',1998,1,3,20,1,'1900-01-01 00:00:00','2200-01-01 00:00:00'),(2037,'1998-03-21 00:00:00',1998,1,3,21,1,'1900-01-01 00:00:00','2200-01-01 00:00:00'),(2038,'1998-03-22 00:00:00',1998,1,3,22,1,'1900-01-01 00:00:00','2200-01-01 00:00:00'),(2039,'1998-03-23 00:00:00',1998,1,3,23,1,'1900-01-01 00:00:00','2200-01-01 00:00:00'),(2040,'1998-03-24 00:00:00',1998,1,3,24,1,'1900-01-01 00:00:00','2200-01-01 00:00:00'),(2041,'1998-03-25 00:00:00',1998,1,3,25,1,'1900-01-01 00:00:00','2200-01-01 00:00:00'),(2042,'1998-03-26 00:00:00',1998,1,3,26,1,'1900-01-01 00:00:00','2200-01-01 00:00:00'),(2043,'1998-03-27 00:00:00',1998,1,3,27,1,'1900-01-01 00:00:00','2200-01-01 00:00:00'),(2044,'1998-03-28 00:00:00',1998,1,3,28,1,'1900-01-01 00:00:00','2200-01-01 00:00:00'),(2045,'1998-03-29 00:00:00',1998,1,3,29,1,'1900-01-01 00:00:00','2200-01-01 00:00:00'),(2046,'1998-03-30 00:00:00',1998,1,3,30,1,'1900-01-01 00:00:00','2200-01-01 00:00:00'),(2047,'1998-03-31 00:00:00',1998,1,3,31,1,'1900-01-01 00:00:00','2200-01-01 00:00:00'),(2048,'1998-04-01 00:00:00',1998,2,4,1,1,'1900-01-01 00:00:00','2200-01-01 00:00:00'),(2049,'1998-04-02 00:00:00',1998,2,4,2,1,'1900-01-01 00:00:00','2200-01-01 00:00:00'),(2050,'1998-04-03 00:00:00',1998,2,4,3,1,'1900-01-01 00:00:00','2200-01-01 00:00:00'),(2051,'1998-04-04 00:00:00',1998,2,4,4,1,'1900-01-01 00:00:00','2200-01-01 00:00:00'),(2052,'1998-04-05 00:00:00',1998,2,4,5,1,'1900-01-01 00:00:00','2200-01-01 00:00:00'),(2053,'1998-04-06 00:00:00',1998,2,4,6,1,'1900-01-01 00:00:00','2200-01-01 00:00:00'),(2054,'1998-04-07 00:00:00',1998,2,4,7,1,'1900-01-01 00:00:00','2200-01-01 00:00:00'),(2055,'1998-04-08 00:00:00',1998,2,4,8,1,'1900-01-01 00:00:00','2200-01-01 00:00:00'),(2056,'1998-04-09 00:00:00',1998,2,4,9,1,'1900-01-01 00:00:00','2200-01-01 00:00:00'),(2057,'1998-04-10 00:00:00',1998,2,4,10,1,'1900-01-01 00:00:00','2200-01-01 00:00:00'),(2058,'1998-04-11 00:00:00',1998,2,4,11,1,'1900-01-01 00:00:00','2200-01-01 00:00:00'),(2059,'1998-04-12 00:00:00',1998,2,4,12,1,'1900-01-01 00:00:00','2200-01-01 00:00:00'),(2060,'1998-04-13 00:00:00',1998,2,4,13,1,'1900-01-01 00:00:00','2200-01-01 00:00:00'),(2061,'1998-04-14 00:00:00',1998,2,4,14,1,'1900-01-01 00:00:00','2200-01-01 00:00:00'),(2062,'1998-04-15 00:00:00',1998,2,4,15,1,'1900-01-01 00:00:00','2200-01-01 00:00:00'),(2063,'1998-04-16 00:00:00',1998,2,4,16,1,'1900-01-01 00:00:00','2200-01-01 00:00:00'),(2064,'1998-04-17 00:00:00',1998,2,4,17,1,'1900-01-01 00:00:00','2200-01-01 00:00:00'),(2065,'1998-04-18 00:00:00',1998,2,4,18,1,'1900-01-01 00:00:00','2200-01-01 00:00:00'),(2066,'1998-04-19 00:00:00',1998,2,4,19,1,'1900-01-01 00:00:00','2200-01-01 00:00:00'),(2067,'1998-04-20 00:00:00',1998,2,4,20,1,'1900-01-01 00:00:00','2200-01-01 00:00:00'),(2068,'1998-04-21 00:00:00',1998,2,4,21,1,'1900-01-01 00:00:00','2200-01-01 00:00:00'),(2069,'1998-04-22 00:00:00',1998,2,4,22,1,'1900-01-01 00:00:00','2200-01-01 00:00:00'),(2070,'1998-04-23 00:00:00',1998,2,4,23,1,'1900-01-01 00:00:00','2200-01-01 00:00:00'),(2071,'1998-04-24 00:00:00',1998,2,4,24,1,'1900-01-01 00:00:00','2200-01-01 00:00:00'),(2072,'1998-04-25 00:00:00',1998,2,4,25,1,'1900-01-01 00:00:00','2200-01-01 00:00:00'),(2073,'1998-04-26 00:00:00',1998,2,4,26,1,'1900-01-01 00:00:00','2200-01-01 00:00:00'),(2074,'1998-04-27 00:00:00',1998,2,4,27,1,'1900-01-01 00:00:00','2200-01-01 00:00:00'),(2075,'1998-04-28 00:00:00',1998,2,4,28,1,'1900-01-01 00:00:00','2200-01-01 00:00:00'),(2076,'1998-04-29 00:00:00',1998,2,4,29,1,'1900-01-01 00:00:00','2200-01-01 00:00:00'),(2077,'1998-04-30 00:00:00',1998,2,4,30,1,'1900-01-01 00:00:00','2200-01-01 00:00:00'),(2078,'1998-05-01 00:00:00',1998,2,5,1,1,'1900-01-01 00:00:00','2200-01-01 00:00:00'),(2079,'1998-05-02 00:00:00',1998,2,5,2,1,'1900-01-01 00:00:00','2200-01-01 00:00:00'),(2080,'1998-05-03 00:00:00',1998,2,5,3,1,'1900-01-01 00:00:00','2200-01-01 00:00:00'),(2081,'1998-05-04 00:00:00',1998,2,5,4,1,'1900-01-01 00:00:00','2200-01-01 00:00:00'),(2082,'1998-05-05 00:00:00',1998,2,5,5,1,'1900-01-01 00:00:00','2200-01-01 00:00:00'),(2083,'1998-05-06 00:00:00',1998,2,5,6,1,'1900-01-01 00:00:00','2200-01-01 00:00:00'),(2084,'1998-05-07 00:00:00',1998,2,5,7,1,'1900-01-01 00:00:00','2200-01-01 00:00:00'),(2085,'1998-05-08 00:00:00',1998,2,5,8,1,'1900-01-01 00:00:00','2200-01-01 00:00:00'),(2086,'1998-05-09 00:00:00',1998,2,5,9,1,'1900-01-01 00:00:00','2200-01-01 00:00:00'),(2087,'1998-05-10 00:00:00',1998,2,5,10,1,'1900-01-01 00:00:00','2200-01-01 00:00:00'),(2088,'1998-05-11 00:00:00',1998,2,5,11,1,'1900-01-01 00:00:00','2200-01-01 00:00:00'),(2089,'1998-05-12 00:00:00',1998,2,5,12,1,'1900-01-01 00:00:00','2200-01-01 00:00:00'),(2090,'1998-05-13 00:00:00',1998,2,5,13,1,'1900-01-01 00:00:00','2200-01-01 00:00:00'),(2091,'1998-05-14 00:00:00',1998,2,5,14,1,'1900-01-01 00:00:00','2200-01-01 00:00:00'),(2092,'1998-05-15 00:00:00',1998,2,5,15,1,'1900-01-01 00:00:00','2200-01-01 00:00:00'),(2093,'1998-05-16 00:00:00',1998,2,5,16,1,'1900-01-01 00:00:00','2200-01-01 00:00:00'),(2094,'1998-05-17 00:00:00',1998,2,5,17,1,'1900-01-01 00:00:00','2200-01-01 00:00:00'),(2095,'1998-05-18 00:00:00',1998,2,5,18,1,'1900-01-01 00:00:00','2200-01-01 00:00:00'),(2096,'1998-05-19 00:00:00',1998,2,5,19,1,'1900-01-01 00:00:00','2200-01-01 00:00:00'),(2097,'1998-05-20 00:00:00',1998,2,5,20,1,'1900-01-01 00:00:00','2200-01-01 00:00:00'),(2098,'1998-05-21 00:00:00',1998,2,5,21,1,'1900-01-01 00:00:00','2200-01-01 00:00:00'),(2099,'1998-05-22 00:00:00',1998,2,5,22,1,'1900-01-01 00:00:00','2200-01-01 00:00:00'),(2100,'1998-05-23 00:00:00',1998,2,5,23,1,'1900-01-01 00:00:00','2200-01-01 00:00:00'),(2101,'1998-05-24 00:00:00',1998,2,5,24,1,'1900-01-01 00:00:00','2200-01-01 00:00:00'),(2102,'1998-05-25 00:00:00',1998,2,5,25,1,'1900-01-01 00:00:00','2200-01-01 00:00:00'),(2103,'1998-05-26 00:00:00',1998,2,5,26,1,'1900-01-01 00:00:00','2200-01-01 00:00:00'),(2104,'1998-05-27 00:00:00',1998,2,5,27,1,'1900-01-01 00:00:00','2200-01-01 00:00:00'),(2105,'1998-05-28 00:00:00',1998,2,5,28,1,'1900-01-01 00:00:00','2200-01-01 00:00:00'),(2106,'1998-05-29 00:00:00',1998,2,5,29,1,'1900-01-01 00:00:00','2200-01-01 00:00:00'),(2107,'1998-05-30 00:00:00',1998,2,5,30,1,'1900-01-01 00:00:00','2200-01-01 00:00:00'),(2108,'1998-05-31 00:00:00',1998,2,5,31,1,'1900-01-01 00:00:00','2200-01-01 00:00:00'),(2109,'1998-06-01 00:00:00',1998,2,6,1,1,'1900-01-01 00:00:00','2200-01-01 00:00:00'),(2110,NULL,NULL,NULL,NULL,NULL,1,NULL,NULL);
/*!40000 ALTER TABLE `date_dim` ENABLE KEYS */;
UNLOCK TABLES;

--
-- Table structure for table `sales_fact`
--

DROP TABLE IF EXISTS `sales_fact`;
/*!40101 SET @saved_cs_client     = @@character_set_client */;
/*!50503 SET character_set_client = utf8mb4 */;
CREATE TABLE `sales_fact` (
  `sales_sk` bigint NOT NULL AUTO_INCREMENT,
  `location_id` int DEFAULT NULL,
  `date_id` int DEFAULT NULL,
  `customer_id` int DEFAULT NULL,
  `product_id` int DEFAULT NULL,
  `revenue` decimal(10,2) DEFAULT NULL,
  `quantity` int DEFAULT NULL,
  PRIMARY KEY (`sales_sk`),
  KEY `location_id` (`location_id`),
  KEY `date_id` (`date_id`),
  KEY `customer_id` (`customer_id`),
  KEY `product_id` (`product_id`),
  CONSTRAINT `customer_id` FOREIGN KEY (`customer_id`) REFERENCES `customers_dim` (`customer_sk`),
  CONSTRAINT `date_id` FOREIGN KEY (`date_id`) REFERENCES `date_dim` (`date_sk`),
  CONSTRAINT `location_id` FOREIGN KEY (`location_id`) REFERENCES `location_dim` (`location_sk`),
  CONSTRAINT `product_id` FOREIGN KEY (`product_id`) REFERENCES `products_dim` (`product_sk`)
) ENGINE=InnoDB AUTO_INCREMENT=6466 DEFAULT CHARSET=latin1;
/*!40101 SET character_set_client = @saved_cs_client */;

--
-- Dumping data for table `sales_fact`
--

LOCK TABLES `sales_fact` WRITE;
/*!40000 ALTER TABLE `sales_fact` DISABLE KEYS */;
INSERT INTO `sales_fact` VALUES (4311,1,1412,85,197,168.00,12),(4312,1,1412,85,209,100.00,10),(4313,1,1412,85,206,175.00,5),(4314,2,1413,79,221,171.00,9),(4315,2,1413,79,223,1680.00,40),(4316,3,1416,34,232,80.00,10),(4317,3,1416,34,223,1470.00,35),(4318,3,1416,34,181,255.00,15),(4319,4,1416,84,207,102.00,6),(4320,4,1416,84,212,240.00,15),(4321,4,1416,84,181,340.00,20),(4322,5,1417,76,186,2600.00,40),(4323,5,1417,76,201,50.00,25),(4324,5,1417,76,203,1080.00,40),(4325,3,1418,34,199,200.00,20),(4326,3,1418,34,166,588.00,42),(4327,3,1418,34,193,640.00,40),(4328,6,1419,14,162,60.00,15),(4329,6,1419,14,219,399.00,21),(4330,6,1419,14,224,168.00,21),(4331,7,1420,68,161,300.00,20),(4332,7,1420,68,184,490.00,35),(4333,7,1420,68,229,375.00,25),(4334,7,1420,68,202,1320.00,30),(4335,8,1423,88,217,390.00,15),(4336,8,1423,88,183,120.00,12),(4337,9,1424,35,190,875.00,25),(4338,9,1424,35,166,84.00,6),(4339,9,1424,35,183,150.00,15),(4340,10,1425,20,161,750.00,50),(4341,10,1425,20,174,1105.00,65),(4342,10,1425,20,200,156.00,6),(4343,11,1426,13,187,80.00,10),(4344,11,1426,13,230,21.00,1),(4345,12,1427,56,232,128.00,16),(4346,12,1427,56,212,800.00,50),(4347,12,1427,56,195,585.00,15),(4348,12,1427,56,169,252.00,21),(4349,3,1427,61,187,160.00,20),(4350,3,1427,61,164,280.00,20),(4351,13,1430,65,174,204.00,12),(4352,13,1430,65,220,360.00,15),(4353,13,1430,65,211,60.00,2),(4354,10,1431,20,184,840.00,60),(4355,10,1431,20,162,112.00,28),(4356,10,1431,20,228,1260.00,60),(4357,10,1431,20,224,288.00,36),(4358,14,1432,24,161,525.00,35),(4359,14,1432,24,232,200.00,25),(4360,15,1433,7,215,930.00,30),(4361,15,1433,7,169,240.00,20),(4362,16,1434,87,198,360.00,12),(4363,17,1437,25,231,750.00,50),(4364,17,1437,25,202,3080.00,70),(4365,17,1437,25,171,210.00,15),(4366,18,1438,33,216,990.00,10),(4367,18,1438,33,206,112.00,4),(4368,19,1439,89,201,120.00,60),(4369,19,1439,89,206,560.00,20),(4370,16,1440,87,229,450.00,30),(4371,16,1440,87,167,925.00,25),(4372,20,1440,75,201,48.00,24),(4373,13,1441,65,186,390.00,6),(4374,13,1441,65,199,400.00,40),(4375,13,1441,65,206,672.00,24),(4376,21,1444,63,225,600.00,24),(4377,21,1444,63,199,150.00,15),(4378,21,1444,63,201,40.00,20),(4379,21,1444,63,231,900.00,60),(4380,21,1444,63,171,462.00,33),(4381,1,1445,85,205,340.00,20),(4382,1,1445,85,206,196.00,7),(4383,22,1446,49,162,48.00,12),(4384,22,1446,49,202,264.00,6),(4385,11,1447,80,225,375.00,15),(4386,11,1447,80,226,50.00,10),(4387,23,1448,52,222,720.00,20),(4388,23,1448,52,195,468.00,12),(4389,24,1451,5,178,256.00,16),(4390,24,1451,5,202,660.00,15),(4391,24,1451,5,180,280.00,8),(4392,24,1451,5,236,300.00,25),(4393,25,1452,44,215,465.00,15),(4394,24,1453,5,162,48.00,12),(4395,24,1453,5,219,380.00,20),(4396,24,1453,5,170,180.00,30),(4397,26,1453,69,185,7.00,1),(4398,26,1453,69,162,24.00,6),(4399,26,1453,69,164,56.00,4),(4400,26,1454,69,228,126.00,6),(4401,26,1454,69,212,32.00,2),(4402,27,1455,46,177,240.00,20),(4403,27,1455,46,185,126.00,18),(4404,27,1455,46,203,945.00,35),(4405,27,1455,46,206,84.00,3),(4406,25,1458,44,190,525.00,15),(4407,25,1458,44,178,336.00,21),(4408,25,1458,44,203,540.00,20),(4409,25,1458,44,168,55.00,5),(4410,21,1459,63,160,630.00,45),(4411,21,1459,63,231,600.00,40),(4412,21,1459,63,217,936.00,36),(4413,21,1460,63,164,1400.00,100),(4414,21,1460,63,195,1560.00,40),(4415,3,1461,67,184,560.00,40),(4416,3,1461,67,163,220.00,20),(4417,3,1461,67,234,150.00,15),(4418,28,1462,66,218,60.00,10),(4419,28,1462,66,196,30.00,3),(4420,29,1465,11,172,240.00,30),(4421,29,1465,11,213,243.00,9),(4422,30,1466,15,174,340.00,20),(4423,30,1466,15,216,1485.00,15),(4424,30,1466,15,193,240.00,15),(4425,30,1466,15,183,100.00,10),(4426,3,1466,61,226,100.00,20),(4427,3,1466,61,178,384.00,24),(4428,3,1466,61,223,84.00,2),(4429,30,1467,81,186,1300.00,20),(4430,11,1468,80,227,600.00,12),(4431,11,1468,80,162,40.00,10),(4432,11,1468,80,180,175.00,5),(4433,11,1468,80,170,36.00,6),(4434,13,1469,65,160,252.00,18),(4435,13,1469,65,215,465.00,15),(4436,13,1469,65,167,555.00,15),(4437,13,1469,65,203,567.00,21),(4438,13,1469,65,170,36.00,6),(4439,1,1472,85,211,120.00,4),(4440,27,1473,46,197,204.00,12),(4441,27,1473,46,184,420.00,30),(4442,27,1473,46,204,435.00,15),(4443,15,1474,7,166,840.00,60),(4444,15,1474,7,206,560.00,20),(4445,31,1475,37,161,600.00,40),(4446,31,1475,37,229,600.00,40),(4447,31,1475,37,202,1320.00,30),(4448,31,1475,37,195,585.00,15),(4449,3,1476,67,185,105.00,15),(4450,3,1476,67,169,240.00,20),(4451,22,1479,49,182,420.00,30),(4452,22,1479,49,196,200.00,20),(4453,32,1479,86,231,150.00,10),(4454,32,1479,86,211,600.00,20),(4455,5,1480,76,215,1240.00,40),(4456,5,1480,76,222,1008.00,28),(4457,5,1480,76,167,444.00,12),(4458,33,1481,30,231,600.00,40),(4459,33,1481,30,181,510.00,30),(4460,33,1481,30,196,150.00,15),(4461,11,1482,80,193,480.00,30),(4462,11,1482,80,202,440.00,10),(4463,11,1482,80,205,34.00,2),(4464,34,1483,55,227,1250.00,25),(4465,34,1483,55,216,2475.00,25),(4466,34,1483,55,166,420.00,30),(4467,26,1486,69,228,210.00,10),(4468,26,1486,69,217,260.00,10),(4469,26,1486,69,218,30.00,5),(4470,35,1487,48,195,390.00,10),(4471,35,1487,48,196,30.00,3),(4472,11,1488,2,204,29.00,1),(4473,11,1488,2,169,60.00,5),(4474,31,1489,37,173,360.00,20),(4475,31,1489,37,175,600.00,30),(4476,31,1489,37,209,22.00,2),(4477,31,1489,37,167,740.00,20),(4478,31,1489,37,205,51.00,3),(4479,35,1490,77,184,140.00,10),(4480,35,1490,77,195,195.00,5),(4481,36,1490,18,209,66.00,6),(4482,36,1490,18,204,203.00,7),(4483,32,1493,86,222,144.00,4),(4484,32,1493,86,167,888.00,24),(4485,32,1493,86,217,520.00,20),(4486,32,1493,86,170,60.00,10),(4487,21,1494,63,229,180.00,12),(4488,13,1495,65,200,1040.00,40),(4489,13,1495,65,235,330.00,30),(4490,13,1495,65,195,975.00,25),(4491,37,1496,38,163,154.00,14),(4492,37,1496,38,169,360.00,30),(4493,13,1497,65,232,80.00,10),(4494,13,1497,65,195,2730.00,70),(4495,35,1500,48,160,280.00,20),(4496,37,1501,38,232,160.00,20),(4497,37,1501,38,171,84.00,6),(4498,11,1502,80,215,248.00,8),(4499,11,1502,80,222,504.00,14),(4500,11,1502,80,171,420.00,30),(4501,16,1503,87,205,510.00,30),(4502,37,1503,38,164,140.00,10),(4503,11,1504,58,210,120.00,20),(4504,38,1507,39,177,60.00,5),(4505,38,1507,39,188,44.00,4),(4506,38,1507,39,166,56.00,4),(4507,39,1508,71,184,294.00,21),(4508,39,1508,71,164,980.00,70),(4509,39,1508,71,234,300.00,30),(4510,39,1508,71,202,1760.00,40),(4511,39,1508,71,180,2800.00,80),(4512,38,1509,39,175,120.00,6),(4513,38,1509,39,226,60.00,12),(4514,38,1509,39,221,171.00,9),(4515,38,1509,39,199,40.00,4),(4516,38,1509,39,206,1120.00,40),(4517,26,1510,8,173,432.00,24),(4518,26,1510,8,212,256.00,16),(4519,26,1510,8,170,300.00,50),(4520,14,1511,24,161,375.00,25),(4521,14,1511,24,197,850.00,50),(4522,14,1511,24,228,735.00,35),(4523,14,1511,24,235,330.00,30),(4524,40,1514,28,202,396.00,9),(4525,40,1514,28,181,680.00,40),(4526,40,1514,28,196,100.00,10),(4527,20,1515,75,185,70.00,10),(4528,20,1515,75,228,168.00,8),(4529,20,1515,75,165,4220.00,20),(4530,20,1515,75,211,360.00,12),(4531,27,1516,46,189,1250.00,50),(4532,27,1516,46,206,700.00,25),(4533,41,1516,9,218,90.00,15),(4534,42,1517,51,227,2000.00,40),(4535,42,1517,51,209,110.00,10),(4536,42,1517,51,191,128.00,16),(4537,16,1518,87,221,190.00,10),(4538,16,1518,87,187,80.00,10),(4539,16,1518,87,205,680.00,40),(4540,4,1521,84,210,48.00,8),(4541,4,1521,84,196,100.00,10),(4542,31,1522,37,161,105.00,7),(4543,31,1522,37,199,250.00,25),(4544,31,1522,37,200,156.00,6),(4545,31,1522,37,223,2016.00,48),(4546,40,1523,60,173,324.00,18),(4547,17,1524,25,208,280.00,40),(4548,17,1524,25,189,600.00,24),(4549,17,1524,25,229,300.00,20),(4550,17,1524,25,230,588.00,28),(4551,17,1524,25,206,700.00,25),(4552,34,1525,55,215,620.00,20),(4553,34,1525,55,228,315.00,15),(4554,42,1528,51,173,180.00,10),(4555,42,1528,51,215,2170.00,70),(4556,42,1528,51,195,1092.00,28),(4557,41,1529,9,227,1000.00,20),(4558,41,1529,9,232,96.00,12),(4559,41,1529,9,167,1480.00,40),(4560,43,1529,73,201,16.00,8),(4561,43,1529,73,202,396.00,9),(4562,17,1530,25,161,360.00,24),(4563,17,1530,25,199,560.00,56),(4564,17,1530,25,229,600.00,40),(4565,17,1530,25,219,760.00,40),(4566,25,1531,44,213,1350.00,50),(4567,25,1531,44,196,40.00,4),(4568,25,1531,44,171,210.00,15),(4569,19,1532,89,173,630.00,35),(4570,19,1532,89,176,2240.00,70),(4571,21,1535,63,176,2240.00,70),(4572,21,1535,63,185,560.00,80),(4573,21,1535,63,209,99.00,9),(4574,13,1536,65,215,1116.00,36),(4575,13,1536,65,211,600.00,20),(4576,30,1537,21,188,110.00,10),(4577,30,1537,21,166,700.00,50),(4578,30,1537,21,231,60.00,4),(4579,30,1537,21,170,36.00,6),(4580,32,1538,86,160,210.00,15),(4581,32,1538,86,208,175.00,25),(4582,20,1539,75,218,144.00,24),(4583,44,1542,41,194,195.00,15),(4584,44,1542,41,204,522.00,18),(4585,10,1542,20,165,4220.00,20),(4586,10,1542,20,232,104.00,13),(4587,10,1542,20,178,1232.00,77),(4588,10,1542,20,181,170.00,10),(4589,40,1543,28,162,40.00,10),(4590,40,1543,28,218,120.00,20),(4591,45,1544,59,197,204.00,12),(4592,45,1544,59,165,10550.00,50),(4593,11,1545,58,160,168.00,12),(4594,11,1545,58,216,396.00,4),(4595,46,1546,4,162,100.00,25),(4596,46,1546,4,212,400.00,25),(4597,32,1549,86,199,300.00,30),(4598,32,1549,86,219,228.00,12),(4599,32,1549,86,204,580.00,20),(4600,27,1550,46,225,750.00,30),(4601,27,1550,46,189,400.00,16),(4602,27,1550,46,203,216.00,8),(4603,44,1551,41,162,40.00,10),(4604,44,1551,41,163,110.00,10),(4605,44,1551,41,229,300.00,20),(4606,29,1552,72,184,784.00,56),(4607,29,1552,72,199,700.00,70),(4608,29,1552,72,203,2160.00,80),(4609,15,1553,7,222,1080.00,30),(4610,15,1553,7,216,3465.00,35),(4611,15,1553,7,165,2110.00,10),(4612,15,1553,7,193,560.00,35),(4613,15,1553,7,218,168.00,28),(4614,21,1553,63,166,756.00,54),(4615,21,1553,63,203,1485.00,55),(4616,41,1556,9,188,550.00,50),(4617,41,1556,9,223,840.00,20),(4618,41,1556,9,218,144.00,24),(4619,47,1557,17,199,200.00,20),(4620,47,1557,17,170,72.00,12),(4621,47,1557,17,171,168.00,12),(4622,29,1557,19,204,870.00,30),(4623,29,1557,19,205,85.00,5),(4624,11,1558,3,197,408.00,24),(4625,48,1559,29,181,85.00,5),(4626,48,1559,29,183,50.00,5),(4627,49,1559,83,163,396.00,36),(4628,49,1559,83,218,108.00,18),(4629,49,1559,83,181,255.00,15),(4630,49,1559,83,183,70.00,7),(4631,10,1560,20,187,40.00,5),(4632,10,1560,20,222,468.00,13),(4633,10,1560,20,212,400.00,25),(4634,10,1560,20,213,945.00,35),(4635,20,1563,75,216,1980.00,20),(4636,20,1563,75,211,540.00,18),(4637,6,1564,14,160,210.00,15),(4638,6,1564,14,213,810.00,30),(4639,6,1564,14,224,160.00,20),(4640,44,1564,41,229,90.00,6),(4641,30,1565,62,186,780.00,12),(4642,30,1565,62,165,8440.00,40),(4643,30,1565,62,203,1890.00,70),(4644,30,1565,62,206,1176.00,42),(4645,31,1566,37,235,880.00,80),(4646,31,1566,37,205,850.00,50),(4647,50,1566,91,199,300.00,30),(4648,50,1566,91,235,165.00,15),(4649,51,1567,36,221,285.00,15),(4650,51,1567,36,218,60.00,10),(4651,42,1570,51,199,420.00,42),(4652,29,1570,72,222,720.00,20),(4653,29,1570,72,166,280.00,20),(4654,14,1571,24,205,102.00,6),(4655,3,1572,61,232,64.00,8),(4656,3,1572,61,180,560.00,16),(4657,3,1572,61,181,340.00,20),(4658,31,1573,37,228,378.00,18),(4659,31,1573,37,217,520.00,20),(4660,31,1573,37,203,162.00,6),(4661,31,1573,37,169,360.00,30),(4662,27,1573,46,224,112.00,14),(4663,10,1574,20,174,544.00,32),(4664,10,1574,20,227,450.00,9),(4665,10,1574,20,216,1386.00,14),(4666,10,1574,20,201,120.00,60),(4667,10,1574,20,224,400.00,50),(4668,46,1577,4,226,100.00,20),(4669,46,1577,4,194,195.00,15),(4670,46,1577,4,211,600.00,20),(4671,24,1577,5,186,1820.00,28),(4672,24,1577,5,203,405.00,15),(4673,20,1578,75,220,240.00,10),(4674,20,1578,75,203,540.00,20),(4675,20,1578,75,196,80.00,8),(4676,30,1579,21,162,60.00,15),(4677,30,1579,21,163,110.00,10),(4678,52,1579,70,162,60.00,15),(4679,52,1579,70,222,216.00,6),(4680,52,1579,70,202,528.00,12),(4681,52,1579,70,205,255.00,15),(4682,29,1580,72,233,120.00,15),(4683,29,1580,72,210,120.00,20),(4684,29,1580,72,217,1040.00,40),(4685,53,1581,10,225,400.00,16),(4686,53,1581,10,219,285.00,15),(4687,53,1581,10,195,780.00,20),(4688,53,1581,10,169,360.00,30),(4689,10,1584,20,199,600.00,60),(4690,10,1584,20,164,560.00,40),(4691,10,1584,20,234,450.00,45),(4692,10,1584,20,206,672.00,24),(4693,47,1584,17,226,90.00,18),(4694,45,1585,59,204,1450.00,50),(4695,39,1586,71,161,375.00,25),(4696,39,1586,71,221,798.00,42),(4697,39,1586,71,188,77.00,7),(4698,39,1586,71,189,1750.00,70),(4699,39,1586,71,199,320.00,32),(4700,51,1586,36,226,50.00,10),(4701,51,1586,36,195,390.00,10),(4702,9,1587,35,234,280.00,28),(4703,9,1587,35,217,1820.00,70),(4704,9,1587,35,204,232.00,8),(4705,17,1588,25,208,280.00,40),(4706,17,1588,25,205,1020.00,60),(4707,17,1588,25,206,588.00,21),(4708,40,1588,60,187,80.00,10),(4709,40,1588,60,223,756.00,18),(4710,39,1591,71,164,420.00,30),(4711,39,1591,71,219,2280.00,120),(4712,49,1592,83,196,600.00,60),(4713,49,1592,83,205,510.00,30),(4714,49,1592,83,171,490.00,35),(4715,49,1592,83,183,140.00,14),(4716,29,1593,19,216,2079.00,21),(4717,29,1593,19,164,490.00,35),(4718,29,1593,19,193,480.00,30),(4719,13,1593,65,228,378.00,18),(4720,13,1593,65,211,2100.00,70),(4721,13,1593,65,181,340.00,20),(4722,13,1593,65,205,1020.00,60),(4723,10,1594,20,208,420.00,60),(4724,10,1594,20,180,2275.00,65),(4725,10,1595,20,184,294.00,21),(4726,10,1595,20,192,700.00,70),(4727,22,1595,49,189,750.00,30),(4728,22,1595,49,209,440.00,40),(4729,22,1595,49,193,480.00,30),(4730,54,1598,47,172,400.00,50),(4731,30,1599,62,160,140.00,10),(4732,30,1599,62,187,240.00,30),(4733,30,1599,62,222,1512.00,42),(4734,30,1599,62,229,75.00,5),(4735,30,1599,62,231,30.00,2),(4736,12,1599,56,197,510.00,30),(4737,12,1599,56,204,435.00,15),(4738,12,1599,56,205,255.00,15),(4739,55,1600,23,230,210.00,10),(4740,55,1600,23,218,36.00,6),(4741,55,1600,23,195,1365.00,35),(4742,56,1601,54,221,228.00,12),(4743,56,1601,54,187,96.00,12),(4744,53,1602,10,201,98.00,49),(4745,53,1602,10,202,704.00,16),(4746,53,1602,10,232,200.00,25),(4747,53,1602,10,178,640.00,40),(4748,53,1602,10,202,396.00,9),(4749,16,1605,87,221,380.00,20),(4750,44,1606,41,160,336.00,24),(4751,44,1606,41,195,1560.00,40),(4752,44,1606,41,171,196.00,14),(4753,30,1606,21,185,126.00,18),(4754,30,1606,21,201,100.00,50),(4755,51,1607,36,215,62.00,2),(4756,51,1607,36,201,40.00,20),(4757,16,1608,87,185,140.00,20),(4758,16,1608,87,217,260.00,10),(4759,16,1608,87,212,320.00,20),(4760,43,1608,73,165,10550.00,50),(4761,43,1608,73,234,20.00,2),(4762,43,1608,73,196,360.00,36),(4763,43,1608,73,183,350.00,35),(4764,21,1609,63,161,900.00,60),(4765,21,1609,63,191,440.00,55),(4766,21,1609,63,179,368.00,16),(4767,21,1609,63,224,120.00,15),(4768,7,1612,68,203,1620.00,60),(4769,7,1612,68,204,580.00,20),(4770,8,1613,88,214,1560.00,20),(4771,8,1613,88,226,10.00,2),(4772,8,1613,88,169,96.00,8),(4773,8,1613,88,236,240.00,20),(4774,3,1613,61,185,28.00,4),(4775,3,1613,61,189,750.00,30),(4776,3,1613,61,217,390.00,15),(4777,3,1613,61,183,100.00,10),(4778,57,1614,27,189,50.00,2),(4779,58,1615,31,199,140.00,14),(4780,58,1615,31,202,880.00,20),(4781,42,1615,51,164,840.00,60),(4782,42,1615,51,165,10339.00,49),(4783,42,1615,51,196,300.00,30),(4784,44,1616,41,219,190.00,10),(4785,44,1616,41,171,280.00,20),(4786,48,1619,29,211,150.00,5),(4787,48,1619,29,213,189.00,7),(4788,45,1619,59,221,665.00,35),(4789,28,1620,66,234,200.00,20),(4790,31,1621,37,194,520.00,40),(4791,31,1621,37,180,1225.00,35),(4792,10,1622,20,215,1395.00,45),(4793,10,1622,20,187,400.00,50),(4794,10,1622,20,211,900.00,30),(4795,10,1622,20,202,3080.00,70),(4796,53,1622,10,215,1550.00,50),(4797,53,1622,10,231,750.00,50),(4798,53,1622,10,191,240.00,30),(4799,20,1623,75,189,250.00,10),(4800,20,1623,75,218,240.00,40),(4801,40,1626,60,211,840.00,28),(4802,14,1626,24,197,102.00,6),(4803,14,1626,24,171,252.00,18),(4804,29,1627,16,161,150.00,10),(4805,29,1627,16,207,204.00,12),(4806,29,1627,16,206,280.00,10),(4807,15,1628,7,234,50.00,5),(4808,15,1628,7,211,1200.00,40),(4809,15,1628,7,213,810.00,30),(4810,15,1628,7,170,144.00,24),(4811,16,1628,87,217,390.00,15),(4812,2,1629,79,185,105.00,15),(4813,2,1629,79,163,220.00,20),(4814,2,1629,79,212,240.00,15),(4815,42,1630,51,198,450.00,15),(4816,42,1630,51,184,224.00,16),(4817,42,1630,51,213,162.00,6),(4818,42,1630,51,224,240.00,30),(4819,39,1633,71,161,675.00,45),(4820,39,1633,71,184,686.00,49),(4821,39,1633,71,216,2376.00,24),(4822,39,1633,71,179,2070.00,90),(4823,34,1633,55,190,1750.00,50),(4824,10,1634,20,197,510.00,30),(4825,10,1634,20,218,480.00,80),(4826,10,1634,20,182,840.00,60),(4827,28,1635,66,197,102.00,6),(4828,28,1635,66,222,432.00,12),(4829,24,1635,5,215,310.00,10),(4830,24,1635,5,189,375.00,15),(4831,24,1635,5,164,112.00,8),(4832,24,1635,5,232,240.00,30),(4833,24,1636,5,166,84.00,6),(4834,24,1636,5,218,90.00,15),(4835,2,1637,79,185,84.00,12),(4836,2,1637,79,162,80.00,20),(4837,2,1637,79,199,30.00,3),(4838,2,1637,79,210,90.00,15),(4839,3,1637,67,185,280.00,40),(4840,3,1637,67,181,595.00,35),(4841,3,1637,67,205,34.00,2),(4842,56,1640,64,189,150.00,6),(4843,56,1640,64,231,300.00,20),(4844,15,1641,7,225,350.00,14),(4845,15,1641,7,210,120.00,20),(4846,15,1641,7,195,1365.00,35),(4847,4,1642,84,225,500.00,20),(4848,4,1642,84,218,36.00,6),(4849,21,1642,63,219,2280.00,120),(4850,21,1642,63,213,945.00,35),(4851,21,1642,63,181,476.00,28),(4852,21,1642,63,183,550.00,55),(4853,39,1643,71,222,540.00,15),(4854,39,1643,71,178,1600.00,100),(4855,46,1644,4,192,150.00,15),(4856,46,1644,4,169,300.00,25),(4857,44,1644,41,184,280.00,20),(4858,44,1644,41,201,40.00,20),(4859,44,1644,41,234,100.00,10),(4860,16,1647,87,166,280.00,20),(4861,16,1647,87,217,1300.00,50),(4862,16,1647,87,179,575.00,25),(4863,16,1647,87,205,510.00,30),(4864,38,1648,39,187,320.00,40),(4865,38,1648,39,193,336.00,21),(4866,38,1648,39,202,1584.00,36),(4867,5,1649,76,189,750.00,30),(4868,5,1649,76,222,1080.00,30),(4869,5,1649,76,167,740.00,20),(4870,5,1649,76,211,450.00,15),(4871,5,1649,76,205,850.00,50),(4872,4,1650,84,220,384.00,16),(4873,4,1650,84,234,200.00,20),(4874,4,1650,84,206,1120.00,40),(4875,14,1651,24,196,210.00,21),(4876,14,1651,24,170,24.00,4),(4877,27,1651,46,187,320.00,40),(4878,27,1651,46,228,588.00,28),(4879,27,1651,46,219,1140.00,60),(4880,29,1654,16,226,5.00,1),(4881,29,1654,16,208,147.00,21),(4882,5,1655,76,185,147.00,21),(4883,5,1655,76,209,550.00,50),(4884,40,1655,28,173,288.00,16),(4885,40,1655,28,167,111.00,3),(4886,40,1655,28,211,900.00,30),(4887,40,1655,28,203,540.00,20),(4888,49,1656,83,162,100.00,25),(4889,49,1656,83,216,1782.00,18),(4890,49,1656,83,231,300.00,20),(4891,49,1656,83,233,240.00,30),(4892,49,1656,83,194,325.00,25),(4893,30,1657,15,197,170.00,10),(4894,30,1657,15,234,50.00,5),(4895,22,1657,49,162,112.00,28),(4896,22,1657,49,188,132.00,12),(4897,38,1658,39,228,168.00,8),(4898,38,1658,39,167,555.00,15),(4899,19,1661,89,161,600.00,40),(4900,19,1661,89,184,490.00,35),(4901,19,1661,89,178,32.00,2),(4902,41,1662,9,227,1500.00,30),(4903,41,1662,9,208,105.00,15),(4904,41,1662,9,213,216.00,8),(4905,29,1662,11,220,720.00,30),(4906,29,1662,11,211,600.00,20),(4907,29,1663,72,162,320.00,80),(4908,29,1663,72,223,756.00,18),(4909,37,1664,38,201,24.00,12),(4910,37,1664,38,205,204.00,12),(4911,11,1664,58,221,228.00,12),(4912,11,1664,58,222,648.00,18),(4913,11,1664,58,231,315.00,21),(4914,11,1664,58,170,60.00,10),(4915,5,1665,76,199,350.00,35),(4916,5,1665,76,182,840.00,60),(4917,5,1665,76,171,588.00,42),(4918,9,1668,35,219,38.00,2),(4919,9,1668,35,169,144.00,12),(4920,40,1668,60,160,210.00,15),(4921,40,1668,60,187,168.00,21),(4922,40,1668,60,166,280.00,20),(4923,4,1669,84,225,500.00,20),(4924,13,1670,65,165,6330.00,30),(4925,13,1670,65,217,728.00,28),(4926,13,1670,65,202,2640.00,60),(4927,13,1670,65,213,810.00,30),(4928,55,1671,23,191,240.00,30),(4929,55,1671,23,202,528.00,12),(4930,3,1671,67,193,384.00,24),(4931,3,1671,67,203,1080.00,40),(4932,59,1672,43,231,150.00,10),(4933,19,1675,89,163,385.00,35),(4934,19,1675,89,183,300.00,30),(4935,29,1675,11,187,112.00,14),(4936,29,1675,11,231,150.00,10),(4937,29,1675,11,223,126.00,3),(4938,54,1676,47,161,300.00,20),(4939,54,1676,47,172,160.00,20),(4940,54,1676,47,219,570.00,30),(4941,54,1676,47,169,720.00,60),(4942,9,1677,35,197,85.00,5),(4943,9,1677,35,223,1050.00,25),(4944,9,1677,35,224,128.00,16),(4945,30,1677,62,185,35.00,5),(4946,30,1677,62,189,750.00,30),(4947,30,1677,62,218,144.00,24),(4948,17,1678,25,202,1320.00,30),(4949,17,1678,25,236,240.00,20),(4950,45,1679,59,197,255.00,15),(4951,45,1679,59,184,252.00,18),(4952,9,1682,35,202,2640.00,60),(4953,9,1682,35,196,300.00,30),(4954,9,1682,35,170,216.00,36),(4955,40,1682,28,178,240.00,15),(4956,40,1682,28,183,70.00,7),(4957,53,1683,10,188,660.00,60),(4958,53,1683,10,209,220.00,20),(4959,44,1684,41,181,255.00,15),(4960,44,1684,41,182,140.00,10),(4961,44,1684,41,204,290.00,10),(4962,30,1684,15,211,900.00,30),(4963,60,1685,42,208,70.00,10),(4964,60,1685,42,232,160.00,20),(4965,60,1685,42,183,50.00,5),(4966,30,1686,81,199,200.00,20),(4967,25,1686,44,211,420.00,14),(4968,25,1686,44,206,700.00,25),(4969,25,1686,44,183,250.00,25),(4970,9,1689,35,162,70.00,14),(4971,9,1689,35,231,90.00,5),(4972,9,1689,35,209,420.00,30),(4973,27,1690,46,222,920.00,20),(4974,27,1690,46,193,500.00,25),(4975,44,1691,41,177,192.00,12),(4976,44,1691,41,222,368.00,8),(4977,61,1691,6,218,140.00,20),(4978,11,1692,58,233,210.00,21),(4979,11,1692,58,217,198.00,6),(4980,11,1692,58,168,420.00,30),(4981,31,1693,37,221,1610.00,70),(4982,31,1693,37,181,420.00,20),(4983,19,1693,89,161,228.00,12),(4984,19,1693,89,187,120.00,12),(4985,19,1693,89,217,330.00,10),(4986,19,1693,89,179,725.00,25),(4987,42,1696,51,195,147.00,3),(4988,38,1697,39,188,252.00,18),(4989,38,1697,39,169,210.00,14),(4990,11,1697,3,167,690.00,15),(4991,11,1697,3,192,195.00,15),(4992,12,1698,56,226,60.00,10),(4993,12,1698,56,166,180.00,10),(4994,61,1699,6,222,138.00,3),(4995,39,1700,71,216,4464.00,36),(4996,39,1700,71,170,288.00,36),(4997,41,1700,9,173,1100.00,50),(4998,41,1700,9,220,1500.00,50),(4999,41,1700,9,176,400.00,10),(5000,30,1703,21,162,50.00,10),(5001,30,1703,21,234,108.00,9),(5002,30,1703,21,191,60.00,6),(5003,30,1703,21,203,408.00,12),(5004,32,1704,86,187,400.00,40),(5005,32,1704,86,200,1600.00,50),(5006,32,1704,86,179,435.00,15),(5007,10,1704,20,186,3159.00,39),(5008,10,1704,20,222,1610.00,35),(5009,10,1704,20,211,2660.00,70),(5010,10,1704,20,181,819.00,39),(5011,10,1704,20,170,400.00,50),(5012,21,1705,63,214,1552.00,16),(5013,21,1705,63,184,850.00,50),(5014,21,1705,63,190,5280.00,120),(5015,21,1705,63,201,48.00,16),(5016,21,1705,63,203,2856.00,84),(5017,31,1706,37,227,1575.00,25),(5018,31,1706,37,232,800.00,80),(5019,31,1706,37,209,280.00,20),(5020,29,1706,53,210,42.00,6),(5021,29,1706,53,202,220.00,4),(5022,29,1706,53,169,90.00,6),(5023,11,1707,80,162,25.00,5),(5024,11,1707,80,165,3960.00,15),(5025,11,1707,80,178,171.00,9),(5026,6,1710,14,225,496.00,16),(5027,6,1710,14,211,1520.00,40),(5028,6,1710,14,203,340.00,10),(5029,52,1711,70,162,40.00,8),(5030,52,1711,70,217,165.00,5),(5031,56,1711,12,164,54.00,3),(5032,56,1711,12,232,100.00,10),(5033,56,1711,12,196,78.00,6),(5034,25,1712,44,160,720.00,40),(5035,25,1712,44,176,960.00,24),(5036,25,1712,44,228,520.00,20),(5037,25,1712,44,231,450.00,25),(5038,29,1713,72,215,975.00,25),(5039,29,1713,72,186,1215.00,15),(5040,29,1713,72,230,468.00,18),(5041,29,1713,72,232,60.00,6),(5042,24,1713,5,225,62.00,2),(5043,24,1713,5,228,260.00,10),(5044,24,1713,5,167,2760.00,60),(5045,24,1713,5,218,105.00,15),(5046,41,1714,9,229,570.00,30),(5047,41,1714,9,231,270.00,15),(5048,16,1717,87,160,144.00,8),(5049,16,1717,87,226,60.00,10),(5050,16,1717,87,211,1140.00,30),(5051,21,1717,63,173,1100.00,50),(5052,21,1717,63,229,570.00,30),(5053,62,1718,32,197,63.00,3),(5054,62,1718,32,201,24.00,8),(5055,62,1718,32,206,315.00,9),(5056,63,1719,50,219,336.00,14),(5057,63,1719,50,196,260.00,20),(5058,63,1719,50,204,360.00,10),(5059,45,1720,59,215,1560.00,40),(5060,45,1720,59,167,1150.00,25),(5061,45,1720,59,179,580.00,20),(5062,45,1720,59,171,900.00,50),(5063,56,1720,54,202,110.00,2),(5064,29,1721,19,228,390.00,15),(5065,29,1721,19,182,408.00,24),(5066,14,1724,24,173,1100.00,50),(5067,14,1724,24,206,840.00,24),(5068,14,1724,24,236,360.00,24),(5069,25,1724,44,228,260.00,10),(5070,25,1724,44,231,180.00,10),(5071,25,1724,44,218,70.00,10),(5072,11,1725,3,197,1050.00,50),(5073,11,1725,3,231,180.00,10),(5074,11,1725,3,212,100.00,5),(5075,11,1725,3,202,825.00,15),(5076,25,1726,44,198,570.00,15),(5077,25,1726,44,199,260.00,20),(5078,25,1726,44,201,90.00,30),(5079,25,1726,44,203,1190.00,35),(5080,7,1726,68,199,390.00,30),(5081,7,1726,68,223,318.00,6),(5082,7,1726,68,235,260.00,20),(5083,7,1726,68,206,735.00,21),(5084,7,1726,68,236,135.00,9),(5085,29,1727,11,169,105.00,7),(5086,29,1727,11,206,35.00,1),(5087,29,1728,11,226,48.00,8),(5088,29,1728,11,187,150.00,15),(5089,29,1728,11,201,45.00,15),(5090,29,1728,11,193,120.00,6),(5091,21,1731,63,172,600.00,60),(5092,21,1731,63,189,1240.00,40),(5093,21,1731,63,165,7920.00,30),(5094,21,1731,63,196,455.00,35),(5095,3,1731,34,162,175.00,35),(5096,3,1731,34,165,1056.00,4),(5097,3,1731,34,181,756.00,36),(5098,3,1731,34,205,198.00,9),(5099,38,1732,39,197,315.00,15),(5100,38,1732,39,218,168.00,24),(5101,27,1733,46,198,1140.00,30),(5102,27,1733,46,208,630.00,70),(5103,35,1733,48,222,322.00,7),(5104,35,1733,48,168,98.00,7),(5105,59,1734,43,197,210.00,10),(5106,4,1735,84,220,300.00,10),(5107,4,1735,84,164,540.00,30),(5108,4,1735,84,195,1960.00,40),(5109,29,1735,72,200,768.00,24),(5110,29,1735,72,229,1140.00,60),(5111,2,1738,79,163,140.00,10),(5112,2,1738,79,232,140.00,14),(5113,21,1739,63,199,715.00,55),(5114,21,1739,63,233,1000.00,100),(5115,21,1739,63,223,2544.00,48),(5116,33,1740,30,215,312.00,8),(5117,33,1740,30,185,90.00,10),(5118,33,1740,30,187,60.00,6),(5119,33,1740,30,179,290.00,10),(5120,40,1740,28,184,680.00,40),(5121,40,1740,28,164,360.00,20),(5122,40,1740,28,178,760.00,40),(5123,9,1741,35,204,648.00,18),(5124,9,1741,35,170,240.00,30),(5125,16,1742,87,197,315.00,15),(5126,16,1742,87,184,238.00,14),(5127,16,1742,87,207,504.00,24),(5128,16,1742,87,199,390.00,30),(5129,16,1742,87,164,108.00,6),(5130,12,1742,56,184,510.00,30),(5131,12,1742,56,208,180.00,20),(5132,12,1742,56,195,980.00,20),(5133,12,1742,56,183,130.00,10),(5134,39,1745,71,221,690.00,30),(5135,39,1745,71,185,315.00,35),(5136,39,1745,71,162,90.00,18),(5137,39,1745,71,223,1060.00,20),(5138,39,1745,71,211,1520.00,40),(5139,43,1746,73,206,840.00,24),(5140,25,1746,44,213,990.00,30),(5141,25,1746,44,170,160.00,20),(5142,46,1747,4,191,250.00,25),(5143,46,1747,4,223,1060.00,20),(5144,46,1747,4,210,210.00,30),(5145,46,1747,4,217,594.00,18),(5146,46,1747,4,236,45.00,3),(5147,15,1748,7,232,120.00,12),(5148,15,1748,7,219,432.00,18),(5149,17,1749,25,228,520.00,20),(5150,17,1749,25,195,735.00,15),(5151,14,1749,24,178,190.00,10),(5152,14,1749,24,223,2650.00,50),(5153,28,1752,66,201,60.00,20),(5154,28,1752,66,195,490.00,10),(5155,3,1753,67,229,475.00,25),(5156,3,1753,67,210,490.00,70),(5157,13,1753,65,215,624.00,16),(5158,13,1753,65,199,78.00,6),(5159,13,1753,65,219,600.00,25),(5160,42,1754,51,162,125.00,25),(5161,42,1754,51,213,594.00,18),(5162,15,1755,7,197,735.00,35),(5163,15,1755,7,227,1134.00,18),(5164,15,1755,7,171,180.00,10),(5165,31,1755,37,199,780.00,60),(5166,31,1755,37,223,159.00,3),(5167,31,1755,37,202,2200.00,40),(5168,48,1756,29,225,155.00,5),(5169,13,1759,65,199,455.00,35),(5170,13,1759,65,171,540.00,30),(5171,42,1760,51,197,315.00,15),(5172,42,1760,51,211,2280.00,60),(5173,10,1760,20,221,253.00,11),(5174,10,1760,20,209,392.00,28),(5175,24,1761,5,184,204.00,12),(5176,24,1761,5,200,320.00,10),(5177,24,1761,5,231,900.00,50),(5178,24,1761,5,170,120.00,15),(5179,11,1762,3,215,702.00,18),(5180,11,1762,3,163,560.00,40),(5181,11,1762,3,217,825.00,25),(5182,64,1762,82,201,42.00,14),(5183,64,1762,82,231,36.00,2),(5184,64,1762,82,195,490.00,10),(5185,64,1762,82,213,198.00,6),(5186,23,1763,52,202,660.00,12),(5187,23,1763,52,180,264.00,6),(5188,23,1763,52,206,1050.00,30),(5189,23,1763,52,171,180.00,10),(5190,11,1766,80,160,180.00,10),(5191,11,1766,80,199,260.00,20),(5192,11,1766,80,178,399.00,21),(5193,64,1766,82,166,180.00,10),(5194,64,1766,82,170,160.00,20),(5195,64,1766,82,183,234.00,18),(5196,29,1767,11,164,360.00,20),(5197,29,1767,11,212,120.00,6),(5198,65,1768,45,177,160.00,10),(5199,65,1768,45,170,168.00,21),(5200,12,1769,56,221,345.00,15),(5201,12,1769,56,232,90.00,9),(5202,12,1769,56,181,630.00,30),(5203,30,1769,21,170,400.00,50),(5204,61,1770,6,212,80.00,4),(5205,61,1770,6,171,252.00,14),(5206,16,1773,87,216,1240.00,10),(5207,16,1773,87,203,816.00,24),(5208,16,1773,87,204,360.00,10),(5209,15,1773,7,199,650.00,50),(5210,8,1774,88,191,150.00,15),(5211,28,1775,66,210,28.00,4),(5212,3,1775,61,189,186.00,6),(5213,3,1775,61,164,360.00,20),(5214,3,1775,61,183,260.00,20),(5215,21,1776,63,227,2520.00,40),(5216,21,1776,63,209,1400.00,100),(5217,62,1777,32,164,72.00,4),(5218,42,1780,51,160,360.00,20),(5219,42,1780,51,183,780.00,60),(5220,49,1780,83,172,140.00,14),(5221,49,1780,83,220,300.00,10),(5222,49,1780,83,218,350.00,50),(5223,25,1781,44,177,400.00,25),(5224,25,1781,44,189,155.00,5),(5225,25,1782,44,186,1701.00,21),(5226,25,1782,44,204,720.00,20),(5227,25,1782,44,171,72.00,4),(5228,34,1782,55,210,168.00,24),(5229,34,1782,55,235,390.00,30),(5230,10,1783,20,164,540.00,30),(5231,10,1783,20,179,3480.00,120),(5232,10,1783,20,204,2340.00,65),(5233,19,1784,89,211,190.00,5),(5234,19,1784,89,180,1056.00,24),(5235,19,1784,89,170,240.00,30),(5236,45,1784,59,162,175.00,35),(5237,45,1784,59,212,400.00,20),(5238,45,1784,59,181,252.00,12),(5239,13,1787,65,190,2200.00,50),(5240,13,1787,65,205,198.00,9),(5241,29,1788,11,195,490.00,10),(5242,51,1789,36,218,28.00,4),(5243,51,1789,36,236,450.00,30),(5244,9,1789,35,226,360.00,60),(5245,9,1789,35,202,1925.00,35),(5246,49,1790,83,183,65.00,5),(5247,39,1791,71,207,1008.00,48),(5248,39,1791,71,193,500.00,25),(5249,40,1791,28,192,78.00,6),(5250,40,1791,28,171,180.00,10),(5251,42,1794,51,184,510.00,30),(5252,42,1794,51,202,1100.00,20),(5253,42,1794,51,203,2380.00,70),(5254,42,1794,51,205,330.00,15),(5255,30,1795,81,173,440.00,20),(5256,30,1795,81,219,480.00,20),(5257,30,1795,81,195,490.00,10),(5258,39,1795,71,220,1350.00,45),(5259,39,1795,71,215,3900.00,100),(5260,39,1795,71,201,42.00,14),(5261,39,1795,71,231,756.00,42),(5262,39,1795,71,206,420.00,12),(5263,2,1796,79,211,1064.00,28),(5264,36,1797,18,160,54.00,3),(5265,36,1797,18,225,310.00,10),(5266,36,1797,18,187,60.00,6),(5267,44,1798,41,229,399.00,21),(5268,50,1798,91,160,108.00,6),(5269,50,1798,91,161,190.00,10),(5270,50,1798,91,203,510.00,15),(5271,39,1801,71,225,2170.00,70),(5272,39,1801,71,229,1045.00,55),(5273,39,1801,71,193,360.00,18),(5274,39,1801,71,203,1360.00,40),(5275,39,1801,71,171,1440.00,80),(5276,9,1802,35,226,48.00,8),(5277,9,1802,35,170,320.00,40),(5278,61,1802,6,197,294.00,14),(5279,61,1802,6,187,80.00,8),(5280,61,1802,6,166,90.00,5),(5281,66,1803,90,219,120.00,5),(5282,62,1804,32,165,3960.00,15),(5283,62,1804,32,211,532.00,14),(5284,62,1804,32,169,225.00,15),(5285,62,1804,32,205,330.00,15),(5286,62,1804,32,202,1650.00,30),(5287,42,1805,51,175,1750.00,70),(5288,42,1805,51,211,760.00,20),(5289,42,1805,51,196,195.00,15),(5290,42,1808,51,187,420.00,42),(5291,42,1808,51,207,840.00,40),(5292,60,1809,42,162,25.00,5),(5293,60,1809,42,210,35.00,5),(5294,37,1809,38,185,45.00,5),(5295,37,1809,38,208,90.00,10),(5296,37,1809,38,169,300.00,20),(5297,37,1809,38,205,330.00,15),(5298,3,1810,67,161,380.00,20),(5299,3,1810,67,196,234.00,18),(5300,17,1811,25,221,483.00,21),(5301,17,1811,25,185,135.00,15),(5302,17,1811,25,187,250.00,25),(5303,17,1811,25,162,15.00,3),(5304,17,1811,25,164,540.00,30),(5305,67,1811,78,222,460.00,10),(5306,67,1811,78,216,744.00,6),(5307,67,1811,78,178,190.00,10),(5308,11,1812,2,221,69.00,3),(5309,11,1812,2,209,70.00,5),(5310,11,1812,2,203,340.00,10),(5311,24,1815,5,217,396.00,12),(5312,24,1815,5,203,680.00,20),(5313,24,1815,5,205,440.00,20),(5314,39,1815,71,195,735.00,15),(5315,39,1815,71,236,525.00,35),(5316,15,1816,7,160,450.00,25),(5317,33,1816,30,216,2480.00,20),(5318,33,1816,30,213,297.00,9),(5319,38,1817,39,219,288.00,12),(5320,38,1817,39,171,630.00,35),(5321,44,1818,41,170,64.00,8),(5322,32,1818,86,161,570.00,30),(5323,32,1818,86,201,60.00,20),(5324,10,1819,20,198,1368.00,36),(5325,10,1819,20,226,78.00,13),(5326,10,1819,20,189,1085.00,35),(5327,10,1819,20,195,3920.00,80),(5328,55,1819,23,220,1050.00,35),(5329,55,1819,23,227,3150.00,50),(5330,55,1819,23,223,795.00,15),(5331,55,1819,23,170,16.00,2),(5332,22,1822,49,173,220.00,10),(5333,22,1822,49,174,315.00,15),(5334,22,1822,49,207,840.00,40),(5335,16,1823,87,173,550.00,25),(5336,16,1823,87,235,78.00,6),(5337,30,1823,62,197,210.00,10),(5338,30,1823,62,194,400.00,25),(5339,30,1823,62,211,2280.00,60),(5340,54,1824,47,233,200.00,20),(5341,54,1824,47,181,441.00,21),(5342,54,1824,47,206,2100.00,60),(5343,52,1824,70,227,504.00,8),(5344,32,1825,86,204,720.00,20),(5345,32,1825,86,169,225.00,15),(5346,9,1826,35,161,950.00,50),(5347,9,1826,35,231,1080.00,60),(5348,43,1826,73,187,300.00,30),(5349,43,1826,73,179,580.00,20),(5350,68,1829,1,222,690.00,15),(5351,68,1829,1,166,378.00,21),(5352,68,1829,1,234,24.00,2),(5353,8,1829,88,227,252.00,4),(5354,8,1829,88,167,920.00,20),(5355,8,1829,88,234,252.00,21),(5356,3,1830,34,227,1260.00,20),(5357,3,1830,34,229,285.00,15),(5358,31,1831,37,160,270.00,15),(5359,31,1831,37,225,558.00,18),(5360,31,1831,37,205,660.00,30),(5361,31,1831,37,183,455.00,35),(5362,3,1831,61,185,270.00,30),(5363,3,1831,61,166,360.00,20),(5364,3,1832,67,207,315.00,15),(5365,3,1832,67,162,75.00,15),(5366,63,1832,50,222,920.00,20),(5367,63,1832,50,206,525.00,15),(5368,30,1833,21,228,780.00,30),(5369,30,1833,21,217,825.00,25),(5370,30,1833,21,218,210.00,30),(5371,32,1836,86,185,108.00,12),(5372,32,1836,86,207,420.00,20),(5373,58,1836,31,228,52.00,2),(5374,58,1836,31,209,280.00,20),(5375,17,1837,25,184,510.00,30),(5376,17,1837,25,203,680.00,20),(5377,24,1837,5,173,264.00,12),(5378,24,1837,5,166,360.00,20),(5379,24,1837,5,218,42.00,6),(5380,28,1838,66,232,200.00,20),(5381,62,1839,32,221,69.00,3),(5382,62,1839,32,178,532.00,28),(5383,62,1839,32,191,60.00,6),(5384,39,1839,71,177,800.00,50),(5385,39,1839,71,232,240.00,24),(5386,39,1839,71,234,540.00,45),(5387,39,1839,71,191,100.00,10),(5388,39,1839,71,211,1710.00,45),(5389,39,1839,71,203,1020.00,30),(5390,21,1840,63,187,600.00,60),(5391,21,1840,63,231,1260.00,70),(5392,21,1840,63,203,1870.00,55),(5393,21,1840,63,183,910.00,70),(5394,30,1840,62,199,260.00,20),(5395,30,1840,62,231,432.00,24),(5396,30,1840,62,169,600.00,40),(5397,51,1843,36,186,1701.00,21),(5398,31,1844,37,166,54.00,3),(5399,31,1844,37,235,637.00,49),(5400,35,1844,48,196,130.00,10),(5401,41,1845,9,231,540.00,30),(5402,41,1845,9,209,420.00,30),(5403,41,1845,9,223,1060.00,20),(5404,40,1845,28,225,744.00,24),(5405,40,1845,28,211,456.00,12),(5406,40,1845,28,181,315.00,15),(5407,35,1846,48,223,1060.00,20),(5408,35,1846,48,202,55.00,1),(5409,35,1846,48,171,180.00,10),(5410,7,1847,68,216,4464.00,36),(5411,7,1847,68,181,210.00,10),(5412,10,1847,20,204,1620.00,45),(5413,10,1847,20,205,308.00,14),(5414,32,1850,86,199,104.00,8),(5415,32,1850,86,219,96.00,4),(5416,32,1850,86,213,495.00,15),(5417,43,1850,73,229,570.00,30),(5418,17,1851,25,208,288.00,32),(5419,17,1851,25,234,720.00,60),(5420,17,1851,25,168,350.00,25),(5421,17,1851,25,236,750.00,50),(5422,17,1851,25,170,200.00,25),(5423,36,1852,26,184,170.00,10),(5424,36,1852,26,195,490.00,10),(5425,36,1852,26,181,252.00,12),(5426,24,1852,5,165,3960.00,15),(5427,24,1852,5,205,264.00,12),(5428,66,1853,90,184,51.00,3),(5429,66,1853,90,209,84.00,6),(5430,66,1853,90,167,276.00,6),(5431,37,1853,38,208,45.00,5),(5432,17,1854,25,221,690.00,30),(5433,17,1854,25,217,330.00,10),(5434,17,1854,25,235,390.00,30),(5435,11,1857,80,225,62.00,2),(5436,11,1857,80,185,63.00,7),(5437,11,1857,80,178,399.00,21),(5438,11,1857,3,189,930.00,30),(5439,11,1857,3,201,24.00,8),(5440,39,1858,71,198,3800.00,100),(5441,39,1858,71,201,90.00,30),(5442,39,1858,71,232,1200.00,120),(5443,39,1858,71,218,210.00,30),(5444,15,1858,7,202,660.00,12),(5445,34,1859,55,184,850.00,50),(5446,34,1859,55,199,260.00,20),(5447,34,1859,55,209,560.00,40),(5448,62,1860,32,185,270.00,30),(5449,62,1860,32,187,120.00,12),(5450,62,1860,32,213,924.00,28),(5451,11,1860,3,201,90.00,30),(5452,11,1860,3,182,68.00,4),(5453,11,1860,3,170,240.00,30),(5454,36,1861,18,210,63.00,9),(5455,12,1861,56,231,360.00,20),(5456,12,1861,56,191,400.00,40),(5457,12,1861,56,203,1020.00,30),(5458,58,1864,31,225,620.00,20),(5459,58,1864,31,232,40.00,4),(5460,58,1864,31,191,150.00,15),(5461,45,1865,59,215,1170.00,30),(5462,45,1865,59,189,465.00,15),(5463,31,1865,37,214,4850.00,50),(5464,31,1865,37,216,1240.00,10),(5465,31,1865,37,229,114.00,6),(5466,49,1866,83,225,558.00,18),(5467,49,1866,83,222,2760.00,60),(5468,49,1866,83,163,196.00,14),(5469,24,1866,5,160,630.00,35),(5470,3,1867,34,211,760.00,20),(5471,3,1867,34,183,390.00,30),(5472,21,1868,63,160,540.00,30),(5473,21,1868,63,216,4960.00,40),(5474,21,1868,63,167,1840.00,40),(5475,21,1868,63,178,456.00,24),(5476,21,1868,63,195,2352.00,48),(5477,68,1868,1,180,880.00,20),(5478,19,1871,89,214,582.00,6),(5479,19,1871,89,218,420.00,60),(5480,19,1871,89,204,1080.00,30),(5481,19,1871,89,236,225.00,15),(5482,21,1871,63,220,2700.00,90),(5483,21,1871,63,202,1375.00,25),(5484,21,1871,63,169,750.00,50),(5485,66,1872,90,176,400.00,10),(5486,66,1872,90,198,152.00,4),(5487,66,1872,90,162,100.00,20),(5488,19,1873,89,215,780.00,20),(5489,19,1873,89,234,216.00,18),(5490,54,1873,47,185,63.00,7),(5491,54,1873,47,164,162.00,9),(5492,54,1873,47,235,390.00,30),(5493,54,1873,47,169,450.00,30),(5494,10,1874,20,197,315.00,15),(5495,10,1874,20,215,312.00,8),(5496,10,1874,20,216,1488.00,12),(5497,10,1874,20,181,1365.00,65),(5498,10,1874,20,169,120.00,8),(5499,23,1874,52,191,120.00,12),(5500,39,1875,71,160,90.00,5),(5501,39,1875,71,163,168.00,12),(5502,39,1875,71,196,520.00,40),(5503,39,1875,71,205,1320.00,60),(5504,31,1878,37,202,2310.00,42),(5505,31,1878,37,205,440.00,20),(5506,31,1878,37,171,630.00,35),(5507,68,1878,1,172,60.00,6),(5508,68,1878,1,171,270.00,15),(5509,14,1879,24,161,95.00,5),(5510,14,1879,24,202,1925.00,35),(5511,14,1879,24,236,525.00,35),(5512,30,1879,62,173,132.00,6),(5513,30,1879,62,162,175.00,35),(5514,30,1879,62,192,312.00,24),(5515,9,1880,35,199,260.00,20),(5516,9,1880,35,200,128.00,4),(5517,34,1881,55,184,340.00,20),(5518,34,1881,55,167,1104.00,24),(5519,34,1881,55,202,440.00,8),(5520,46,1881,4,219,504.00,21),(5521,46,1881,4,212,800.00,40),(5522,46,1881,4,169,420.00,28),(5523,35,1882,77,174,84.00,4),(5524,35,1882,77,229,95.00,5),(5525,58,1882,31,176,1600.00,40),(5526,58,1882,31,223,1484.00,28),(5527,58,1882,31,203,340.00,10),(5528,57,1885,27,185,45.00,5),(5529,57,1885,27,191,50.00,5),(5530,39,1886,71,185,108.00,12),(5531,39,1886,71,232,420.00,42),(5532,39,1886,71,217,3960.00,120),(5533,31,1886,37,217,99.00,3),(5534,31,1886,37,211,1140.00,30),(5535,39,1887,71,225,558.00,18),(5536,39,1887,71,189,930.00,30),(5537,39,1887,71,233,1100.00,110),(5538,39,1887,71,234,288.00,24),(5539,39,1887,71,161,570.00,30),(5540,39,1887,71,215,1053.00,27),(5541,39,1887,71,191,500.00,50),(5542,39,1887,71,211,684.00,18),(5543,39,1887,71,235,156.00,12),(5544,41,1888,9,225,651.00,21),(5545,41,1888,9,205,660.00,30),(5546,56,1889,64,187,50.00,5),(5547,56,1889,64,223,371.00,7),(5548,56,1889,64,179,290.00,10),(5549,17,1889,25,187,320.00,32),(5550,17,1889,25,218,105.00,15),(5551,17,1889,25,204,900.00,25),(5552,38,1892,39,198,1368.00,36),(5553,38,1892,39,184,340.00,20),(5554,38,1892,39,229,760.00,40),(5555,38,1892,39,195,980.00,20),(5556,65,1892,45,227,756.00,12),(5557,65,1892,45,228,78.00,3),(5558,65,1892,45,218,280.00,40),(5559,3,1893,61,164,378.00,21),(5560,3,1893,61,205,176.00,8),(5561,21,1894,63,178,950.00,50),(5562,39,1894,71,161,57.00,3),(5563,39,1894,71,199,650.00,50),(5564,39,1894,71,196,585.00,45),(5565,39,1894,71,170,336.00,42),(5566,19,1895,89,189,465.00,15),(5567,42,1895,51,225,496.00,16),(5568,42,1895,51,179,145.00,5),(5569,30,1896,21,232,120.00,12),(5570,30,1896,21,210,28.00,4),(5571,30,1896,21,219,144.00,6),(5572,29,1899,19,173,550.00,25),(5573,29,1899,19,197,105.00,5),(5574,28,1899,66,215,780.00,20),(5575,28,1899,66,211,380.00,10),(5576,28,1899,66,202,550.00,10),(5577,30,1900,62,228,390.00,15),(5578,30,1900,62,231,108.00,6),(5579,30,1900,62,219,288.00,12),(5580,30,1900,62,203,510.00,15),(5581,54,1900,47,160,900.00,50),(5582,54,1900,47,187,300.00,30),(5583,54,1900,47,194,640.00,40),(5584,41,1901,9,184,255.00,15),(5585,41,1901,9,199,39.00,3),(5586,41,1901,9,181,210.00,10),(5587,6,1902,14,187,400.00,40),(5588,6,1902,14,223,1590.00,30),(5589,41,1902,9,171,360.00,20),(5590,24,1903,5,221,368.00,16),(5591,24,1903,5,222,920.00,20),(5592,24,1903,5,210,175.00,25),(5593,58,1903,31,175,750.00,30),(5594,58,1903,31,228,390.00,15),(5595,58,1903,31,171,360.00,20),(5596,65,1906,45,179,580.00,20),(5597,65,1906,45,183,26.00,2),(5598,31,1907,37,181,840.00,40),(5599,31,1907,37,170,160.00,20),(5600,1,1907,85,226,24.00,4),(5601,1,1907,85,232,120.00,12),(5602,69,1908,74,184,51.00,3),(5603,1,1908,85,229,114.00,6),(5604,1,1908,85,210,126.00,18),(5605,19,1909,89,222,230.00,5),(5606,19,1909,89,164,630.00,35),(5607,19,1909,89,233,400.00,40),(5608,19,1909,89,211,532.00,14),(5609,46,1910,4,161,285.00,15),(5610,53,1910,10,172,200.00,20),(5611,53,1910,10,203,1700.00,50),(5612,53,1910,10,206,1225.00,35),(5613,46,1913,4,234,336.00,28),(5614,49,1913,83,231,900.00,50),(5615,21,1914,63,227,1512.00,24),(5616,21,1914,63,178,304.00,16),(5617,21,1914,63,202,2475.00,45),(5618,21,1914,63,206,245.00,7),(5619,6,1915,14,226,36.00,6),(5620,6,1915,14,209,392.00,28),(5621,6,1915,14,195,441.00,9),(5622,6,1915,14,204,1440.00,40),(5623,45,1915,59,199,104.00,8),(5624,45,1915,59,232,350.00,35),(5625,45,1915,59,180,396.00,9),(5626,45,1915,59,204,1080.00,30),(5627,39,1916,71,208,396.00,44),(5628,39,1916,71,231,720.00,40),(5629,39,1916,71,211,1064.00,28),(5630,37,1916,38,211,570.00,15),(5631,37,1916,38,202,330.00,6),(5632,37,1916,38,171,180.00,10),(5633,16,1917,87,221,115.00,5),(5634,16,1917,87,233,400.00,40),(5635,16,1917,87,202,1375.00,25),(5636,7,1920,68,189,372.00,12),(5637,7,1920,68,228,780.00,30),(5638,7,1920,68,194,320.00,20),(5639,7,1920,68,236,225.00,15),(5640,29,1920,53,160,144.00,8),(5641,29,1920,53,204,108.00,3),(5642,57,1921,27,233,40.00,4),(5643,57,1921,27,224,50.00,5),(5644,22,1921,49,231,54.00,3),(5645,41,1922,9,191,300.00,30),(5646,41,1922,9,211,1140.00,30),(5647,41,1922,9,212,280.00,14),(5648,41,1922,9,204,900.00,25),(5649,20,1923,75,227,1323.00,21),(5650,20,1923,75,229,380.00,20),(5651,20,1923,75,196,78.00,6),(5652,20,1923,75,204,720.00,20),(5653,39,1923,71,163,420.00,30),(5654,39,1923,71,202,385.00,7),(5655,39,1923,71,195,1470.00,30),(5656,39,1923,71,213,792.00,24),(5657,7,1924,68,189,620.00,20),(5658,7,1924,68,210,420.00,60),(5659,7,1924,68,169,600.00,40),(5660,11,1924,2,200,320.00,10),(5661,63,1927,50,188,168.00,12),(5662,63,1927,50,190,1760.00,40),(5663,63,1927,50,167,1380.00,30),(5664,13,1928,65,188,490.00,35),(5665,13,1928,65,170,144.00,18),(5666,14,1928,24,166,288.00,16),(5667,14,1928,24,191,300.00,30),(5668,14,1928,24,223,1484.00,28),(5669,14,1928,24,211,2280.00,60),(5670,55,1929,23,187,400.00,40),(5671,55,1929,23,207,126.00,6),(5672,55,1929,23,162,100.00,20),(5673,10,1929,20,172,200.00,20),(5674,10,1929,20,166,2340.00,130),(5675,21,1930,63,181,1680.00,80),(5676,12,1931,56,161,760.00,40),(5677,12,1931,56,220,1050.00,35),(5678,12,1931,56,196,520.00,40),(5679,5,1931,76,209,28.00,2),(5680,46,1934,4,207,84.00,4),(5681,46,1934,4,199,650.00,50),(5682,46,1934,4,203,510.00,15),(5683,46,1934,4,205,264.00,12),(5684,49,1934,83,232,300.00,30),(5685,49,1934,83,210,105.00,15),(5686,49,1934,83,179,580.00,20),(5687,49,1934,83,195,735.00,15),(5688,3,1935,34,197,315.00,15),(5689,10,1936,20,205,352.00,16),(5690,25,1936,44,216,2232.00,18),(5691,25,1936,44,202,1375.00,25),(5692,10,1937,20,215,1287.00,33),(5693,10,1937,20,199,910.00,70),(5694,10,1937,20,170,56.00,7),(5695,14,1937,24,199,26.00,2),(5696,14,1937,24,182,850.00,50),(5697,67,1938,78,225,186.00,6),(5698,67,1938,78,168,42.00,3),(5699,10,1941,20,199,208.00,16),(5700,10,1941,20,209,168.00,12),(5701,10,1941,20,233,270.00,27),(5702,10,1941,20,223,6360.00,120),(5703,58,1941,31,209,280.00,20),(5704,24,1942,5,232,100.00,10),(5705,23,1942,52,184,340.00,20),(5706,23,1942,52,195,980.00,20),(5707,27,1942,46,169,525.00,35),(5708,27,1942,46,183,195.00,15),(5709,16,1943,87,218,21.00,3),(5710,16,1943,87,211,760.00,20),(5711,16,1943,87,224,350.00,35),(5712,56,1943,12,199,13.00,1),(5713,3,1944,34,199,130.00,10),(5714,3,1944,34,165,1320.00,5),(5715,22,1944,49,229,570.00,30),(5716,22,1944,49,166,36.00,2),(5717,22,1944,49,206,1050.00,30),(5718,18,1944,33,225,310.00,10),(5719,18,1944,33,170,80.00,10),(5720,30,1945,62,176,1200.00,30),(5721,30,1945,62,228,390.00,15),(5722,30,1945,62,170,336.00,42),(5723,44,1945,41,161,285.00,15),(5724,44,1945,41,216,2480.00,20),(5725,21,1948,63,185,450.00,50),(5726,21,1948,63,170,320.00,40),(5727,55,1948,23,227,1890.00,30),(5728,55,1948,23,164,270.00,15),(5729,55,1948,23,180,1320.00,30),(5730,55,1948,23,196,234.00,18),(5731,58,1948,31,220,90.00,3),(5732,58,1948,31,211,760.00,20),(5733,17,1949,25,216,1736.00,14),(5734,17,1949,25,232,200.00,20),(5735,50,1949,91,161,190.00,10),(5736,50,1949,91,218,21.00,3),(5737,50,1949,91,196,195.00,15),(5738,46,1950,4,232,140.00,14),(5739,46,1950,4,210,56.00,8),(5740,3,1950,61,221,345.00,15),(5741,3,1950,61,218,42.00,6),(5742,10,1950,20,184,1105.00,65),(5743,10,1950,20,215,1365.00,35),(5744,9,1951,35,189,651.00,21),(5745,9,1951,35,178,190.00,10),(5746,9,1951,35,213,1155.00,35),(5747,9,1951,35,204,864.00,24),(5748,47,1951,17,197,420.00,20),(5749,37,1952,38,195,98.00,2),(5750,37,1952,38,206,350.00,10),(5751,38,1952,39,226,120.00,20),(5752,38,1952,39,162,100.00,20),(5753,38,1952,39,202,1375.00,25),(5754,29,1952,72,197,1050.00,50),(5755,29,1952,72,223,530.00,10),(5756,29,1952,72,218,49.00,7),(5757,26,1955,8,215,1560.00,40),(5758,26,1955,8,216,2480.00,20),(5759,43,1955,73,228,650.00,25),(5760,43,1955,73,223,1590.00,30),(5761,43,1955,73,219,1440.00,60),(5762,43,1955,73,195,245.00,5),(5763,8,1956,88,185,216.00,24),(5764,8,1956,88,188,210.00,15),(5765,8,1956,88,202,825.00,15),(5766,29,1956,72,225,1116.00,36),(5767,29,1956,72,222,1104.00,24),(5768,29,1956,72,193,80.00,4),(5769,35,1956,77,163,140.00,10),(5770,35,1956,77,165,2640.00,10),(5771,4,1957,84,161,380.00,20),(5772,4,1957,84,181,42.00,2),(5773,4,1957,84,224,150.00,15),(5774,57,1957,27,231,18.00,1),(5775,34,1958,55,211,760.00,20),(5776,34,1958,55,171,900.00,50),(5777,8,1958,88,210,140.00,20),(5778,60,1958,42,226,42.00,7),(5779,60,1958,42,188,70.00,5),(5780,60,1958,42,169,75.00,5),(5781,54,1959,47,185,135.00,15),(5782,54,1959,47,208,162.00,18),(5783,54,1959,47,231,540.00,30),(5784,28,1959,66,199,208.00,16),(5785,28,1959,66,206,1400.00,40),(5786,28,1959,66,183,260.00,20),(5787,3,1962,67,161,228.00,12),(5788,3,1962,67,234,420.00,35),(5789,4,1962,84,232,200.00,20),(5790,4,1962,84,167,920.00,20),(5791,4,1962,84,192,104.00,8),(5792,4,1962,84,179,870.00,30),(5793,39,1962,71,201,48.00,16),(5794,62,1963,32,165,7920.00,30),(5795,62,1963,32,195,980.00,20),(5796,38,1963,39,189,1240.00,40),(5797,38,1963,39,165,7920.00,30),(5798,38,1963,39,231,1080.00,60),(5799,38,1963,39,195,1225.00,25),(5800,22,1964,49,200,640.00,20),(5801,22,1964,49,232,200.00,20),(5802,56,1964,12,167,322.00,7),(5803,56,1964,12,170,160.00,20),(5804,13,1964,65,211,1140.00,30),(5805,20,1965,75,164,360.00,20),(5806,20,1965,75,223,318.00,6),(5807,64,1965,82,195,147.00,3),(5808,64,1965,82,169,90.00,6),(5809,27,1966,46,197,420.00,20),(5810,27,1966,46,212,300.00,15),(5811,27,1966,46,202,2200.00,40),(5812,27,1966,46,183,195.00,15),(5813,14,1966,24,232,120.00,12),(5814,14,1966,24,169,135.00,9),(5815,47,1966,17,189,372.00,12),(5816,47,1966,17,217,660.00,20),(5817,15,1969,7,199,455.00,35),(5818,15,1969,7,212,300.00,15),(5819,41,1969,9,225,465.00,15),(5820,41,1969,9,166,378.00,21),(5821,56,1970,64,186,405.00,5),(5822,56,1970,64,165,528.00,2),(5823,37,1970,38,161,190.00,10),(5824,37,1970,38,176,800.00,20),(5825,37,1970,38,226,60.00,10),(5826,37,1970,38,203,714.00,21),(5827,30,1970,81,175,150.00,6),(5828,30,1970,81,166,504.00,28),(5829,30,1970,81,203,1020.00,30),(5830,30,1970,81,196,312.00,24),(5831,52,1971,70,185,18.00,2),(5832,52,1971,70,164,144.00,8),(5833,52,1971,70,165,2112.00,8),(5834,52,1971,70,167,414.00,9),(5835,44,1971,41,226,18.00,3),(5836,44,1971,41,188,140.00,10),(5837,44,1971,41,178,304.00,16),(5838,44,1971,41,213,99.00,3),(5839,12,1972,56,220,600.00,20),(5840,12,1972,56,199,117.00,9),(5841,12,1972,56,217,297.00,9),(5842,30,1972,81,216,992.00,8),(5843,30,1972,81,228,520.00,20),(5844,68,1972,1,202,825.00,15),(5845,68,1972,1,183,26.00,2),(5846,10,1973,20,207,1092.00,52),(5847,10,1973,20,164,108.00,6),(5848,10,1973,20,212,480.00,24),(5849,10,1973,20,203,2040.00,60),(5850,10,1973,20,213,990.00,30),(5851,24,1973,5,226,36.00,6),(5852,24,1973,5,231,450.00,25),(5853,24,1973,5,191,400.00,40),(5854,24,1973,5,171,378.00,21),(5855,54,1976,47,160,72.00,4),(5856,54,1976,47,227,1575.00,25),(5857,54,1976,47,229,950.00,50),(5858,30,1976,81,235,390.00,30),(5859,30,1976,81,206,525.00,15),(5860,54,1976,47,188,84.00,6),(5861,54,1976,47,166,180.00,10),(5862,5,1977,76,225,496.00,16),(5863,5,1977,76,211,1140.00,30),(5864,5,1977,76,202,2750.00,50),(5865,5,1977,76,183,195.00,15),(5866,11,1977,80,197,315.00,15),(5867,11,1977,80,167,230.00,5),(5868,11,1977,80,196,260.00,20),(5869,11,1977,80,169,180.00,12),(5870,4,1978,84,223,212.00,4),(5871,45,1978,59,207,735.00,35),(5872,21,1978,63,208,630.00,70),(5873,21,1978,63,164,450.00,25),(5874,21,1978,63,209,588.00,42),(5875,21,1978,63,235,780.00,60),(5876,21,1978,63,213,1584.00,48),(5877,5,1979,76,173,462.00,21),(5878,5,1979,76,169,450.00,30),(5879,5,1979,76,224,200.00,20),(5880,39,1979,71,160,1440.00,80),(5881,39,1979,71,185,108.00,12),(5882,39,1979,71,230,1560.00,60),(5883,39,1979,71,233,360.00,36),(5884,39,1979,71,203,1530.00,45),(5885,39,1979,71,205,1210.00,55),(5886,29,1980,16,174,630.00,30),(5887,29,1980,16,214,291.00,3),(5888,38,1980,39,172,490.00,49),(5889,38,1980,39,189,558.00,18),(5890,4,1980,84,188,280.00,20),(5891,4,1980,84,201,12.00,4),(5892,4,1980,84,169,450.00,30),(5893,3,1983,67,161,95.00,5),(5894,3,1983,67,188,140.00,10),(5895,3,1983,67,212,200.00,10),(5896,3,1983,67,202,2310.00,42),(5897,13,1983,65,161,285.00,15),(5898,13,1983,65,215,234.00,6),(5899,13,1983,65,195,2450.00,50),(5900,61,1984,6,227,630.00,10),(5901,10,1984,20,225,3100.00,100),(5902,10,1984,20,226,390.00,65),(5903,34,1984,55,184,850.00,50),(5904,34,1984,55,199,182.00,14),(5905,34,1984,55,211,912.00,24),(5906,34,1984,55,181,315.00,15),(5907,11,1985,3,161,380.00,20),(5908,11,1985,3,209,280.00,20),(5909,24,1985,5,172,300.00,30),(5910,24,1985,5,189,1085.00,35),(5911,24,1985,5,216,1240.00,10),(5912,70,1986,40,220,150.00,5),(5913,70,1986,40,190,440.00,10),(5914,70,1986,40,169,60.00,4),(5915,17,1986,25,162,200.00,40),(5916,17,1986,25,218,245.00,35),(5917,17,1986,25,213,990.00,30),(5918,36,1986,26,223,159.00,3),(5919,36,1986,26,171,360.00,20),(5920,19,1987,89,215,1638.00,42),(5921,19,1987,89,227,1260.00,20),(5922,19,1987,89,187,400.00,40),(5923,19,1987,89,201,105.00,35),(5924,19,1987,89,195,147.00,3),(5925,25,1987,44,197,525.00,25),(5926,25,1987,44,210,56.00,8),(5927,9,1990,35,160,360.00,20),(5928,9,1990,35,235,156.00,12),(5929,46,1990,4,164,72.00,4),(5930,46,1990,4,168,210.00,15),(5931,21,1990,63,165,15840.00,60),(5932,21,1990,63,166,1440.00,80),(5933,24,1991,5,161,399.00,21),(5934,24,1991,5,162,30.00,6),(5935,24,1991,5,228,1040.00,40),(5936,35,1991,48,217,99.00,3),(5937,30,1992,62,189,620.00,20),(5938,30,1992,62,164,540.00,30),(5939,30,1992,62,193,840.00,42),(5940,29,1992,72,160,720.00,40),(5941,29,1992,72,197,210.00,10),(5942,29,1992,72,208,450.00,50),(5943,29,1992,72,196,260.00,20),(5944,50,1992,91,164,54.00,3),(5945,50,1992,91,223,106.00,2),(5946,41,1993,9,175,1250.00,50),(5947,41,1993,9,184,204.00,12),(5948,41,1993,9,215,624.00,16),(5949,33,1993,30,219,240.00,10),(5950,33,1993,30,195,980.00,20),(5951,33,1993,30,213,495.00,15),(5952,33,1993,30,181,441.00,21),(5953,66,1994,90,187,200.00,20),(5954,66,1994,90,222,138.00,3),(5955,33,1994,30,225,310.00,10),(5956,24,1994,5,185,225.00,25),(5957,24,1994,5,191,210.00,21),(5958,24,1994,5,193,300.00,15),(5959,41,1997,9,234,252.00,21),(5960,41,1997,9,213,660.00,20),(5961,3,1997,67,184,510.00,30),(5962,3,1997,67,227,1575.00,25),(5963,21,1998,63,186,1620.00,20),(5964,66,1998,90,231,216.00,12),(5965,66,1998,90,181,210.00,10),(5966,66,1998,90,171,180.00,10),(5967,14,1998,24,208,270.00,30),(5968,14,1998,24,179,870.00,30),(5969,14,1998,24,169,750.00,50),(5970,56,1999,12,236,150.00,10),(5971,39,1999,71,209,350.00,25),(5972,39,1999,71,193,400.00,20),(5973,39,1999,71,218,224.00,32),(5974,35,2000,48,162,40.00,8),(5975,65,2000,45,187,400.00,40),(5976,65,2000,45,211,798.00,21),(5977,65,2000,45,181,252.00,12),(5978,5,2000,76,161,380.00,20),(5979,5,2000,76,162,60.00,12),(5980,5,2000,76,169,450.00,30),(5981,5,2000,76,183,325.00,25),(5982,3,2001,34,225,2170.00,70),(5983,3,2001,34,199,455.00,35),(5984,3,2001,34,183,520.00,40),(5985,48,2001,29,188,70.00,5),(5986,33,2004,30,161,380.00,20),(5987,33,2004,30,196,234.00,18),(5988,13,2004,65,197,840.00,40),(5989,13,2004,65,165,10560.00,40),(5990,36,2004,18,215,585.00,15),(5991,36,2004,18,163,140.00,10),(5992,36,2004,18,232,140.00,14),(5993,25,2005,44,228,390.00,15),(5994,63,2005,50,202,2200.00,40),(5995,38,2006,39,176,1200.00,30),(5996,38,2006,39,162,50.00,10),(5997,38,2006,39,216,2976.00,24),(5998,38,2006,39,228,910.00,35),(5999,38,2006,39,229,380.00,20),(6000,39,2006,71,226,168.00,28),(6001,39,2006,71,204,1800.00,50),(6002,39,2006,71,170,960.00,120),(6003,10,2006,20,162,550.00,110),(6004,10,2006,20,166,810.00,45),(6005,10,2006,20,231,1638.00,91),(6006,10,2006,20,203,3400.00,100),(6007,63,2007,50,233,150.00,15),(6008,63,2007,50,211,608.00,16),(6009,31,2007,37,216,9920.00,80),(6010,31,2007,37,228,936.00,36),(6011,56,2008,54,226,30.00,5),(6012,27,2008,46,166,144.00,8),(6013,8,2008,88,169,45.00,3),(6014,9,2011,35,232,300.00,30),(6015,9,2011,35,205,660.00,30),(6016,14,2011,24,219,720.00,30),(6017,14,2011,24,195,294.00,6),(6018,3,2012,34,226,240.00,40),(6019,3,2012,34,181,441.00,21),(6020,3,2012,34,196,260.00,20),(6021,19,2012,89,235,195.00,15),(6022,19,2012,89,195,1715.00,35),(6023,8,2012,88,160,360.00,20),(6024,50,2013,91,179,435.00,15),(6025,69,2013,74,170,112.00,14),(6026,28,2014,66,220,600.00,20),(6027,28,2014,66,210,98.00,14),(6028,52,2014,70,220,360.00,12),(6029,52,2014,70,184,255.00,15),(6030,52,2014,70,232,50.00,5),(6031,66,2014,90,185,108.00,12),(6032,66,2014,90,193,200.00,10),(6033,66,2014,90,179,145.00,5),(6034,33,2014,30,160,180.00,10),(6035,33,2014,30,215,468.00,12),(6036,33,2014,30,168,210.00,15),(6037,31,2014,37,197,840.00,40),(6038,31,2014,37,216,7440.00,60),(6039,30,2014,62,173,660.00,30),(6040,30,2014,62,201,120.00,40),(6041,30,2014,62,235,195.00,15),(6042,30,2015,62,205,550.00,25),(6043,11,2015,80,215,390.00,10),(6044,11,2015,80,201,90.00,30),(6045,11,2015,80,218,70.00,10),(6046,56,2015,64,184,102.00,6),(6047,56,2015,64,200,192.00,6),(6048,56,2015,64,212,400.00,20),(6049,26,2018,69,228,26.00,1),(6050,26,2018,69,203,340.00,10),(6051,53,2018,10,160,1080.00,60),(6052,53,2018,10,203,850.00,25),(6053,54,2018,47,184,408.00,24),(6054,54,2018,47,188,336.00,24),(6055,54,2018,47,231,360.00,20),(6056,46,2019,4,194,384.00,24),(6057,49,2019,83,164,180.00,10),(6058,49,2019,83,180,1760.00,40),(6059,3,2019,34,215,585.00,15),(6060,3,2019,34,162,175.00,35),(6061,44,2019,41,209,140.00,10),(6062,44,2019,41,167,460.00,10),(6063,44,2019,41,168,336.00,24),(6064,24,2020,5,225,620.00,20),(6065,24,2020,5,222,1380.00,30),(6066,24,2020,5,170,48.00,6),(6067,3,2020,34,229,475.00,25),(6068,3,2020,34,210,84.00,12),(6069,11,2020,2,197,42.00,2),(6070,11,2020,2,226,60.00,10),(6071,11,2020,2,185,63.00,7),(6072,11,2020,2,206,350.00,10),(6073,70,2021,40,186,405.00,5),(6074,70,2021,40,210,35.00,5),(6075,70,2021,40,171,360.00,20),(6076,48,2021,29,191,50.00,5),(6077,48,2021,29,171,90.00,5),(6078,17,2021,25,187,600.00,60),(6079,17,2021,25,170,392.00,49),(6080,17,2021,25,183,195.00,15),(6081,5,2022,76,187,360.00,36),(6082,5,2022,76,190,1100.00,25),(6083,5,2022,76,219,600.00,25),(6084,5,2022,76,235,390.00,30),(6085,7,2022,68,226,252.00,42),(6086,7,2022,68,212,600.00,30),(6087,41,2022,9,184,510.00,30),(6088,41,2022,9,195,686.00,14),(6089,41,2022,9,206,560.00,16),(6090,41,2022,9,170,160.00,20),(6091,37,2022,38,217,66.00,2),(6092,37,2022,38,179,870.00,30),(6093,25,2025,44,175,500.00,20),(6094,8,2025,88,160,378.00,21),(6095,8,2025,88,227,252.00,4),(6096,8,2025,88,208,72.00,8),(6097,62,2025,32,229,570.00,30),(6098,56,2026,12,222,368.00,8),(6099,56,2026,12,163,280.00,20),(6100,21,2026,63,226,120.00,20),(6101,21,2026,63,167,1104.00,24),(6102,21,2026,63,203,1666.00,49),(6103,21,2026,63,205,770.00,35),(6104,22,2026,49,161,190.00,10),(6105,22,2026,49,168,560.00,40),(6106,41,2027,9,220,240.00,8),(6107,41,2027,9,226,120.00,20),(6108,39,2027,71,199,572.00,44),(6109,39,2027,71,195,1470.00,30),(6110,39,2027,71,196,1040.00,80),(6111,39,2027,71,206,1750.00,50),(6112,28,2027,66,193,560.00,28),(6113,29,2027,11,226,90.00,15),(6114,29,2027,11,207,441.00,21),(6115,29,2027,11,234,180.00,15),(6116,53,2028,10,197,105.00,5),(6117,53,2028,10,178,342.00,18),(6118,53,2028,10,211,684.00,18),(6119,23,2028,52,226,120.00,20),(6120,23,2028,52,199,130.00,10),(6121,49,2028,83,225,775.00,25),(6122,49,2028,83,162,125.00,25),(6123,49,2028,83,183,520.00,40),(6124,29,2029,11,202,220.00,4),(6125,33,2029,30,194,144.00,9),(6126,33,2029,30,223,2120.00,40),(6127,33,2029,30,219,96.00,4),(6128,53,2029,10,175,300.00,12),(6129,53,2029,10,225,930.00,30),(6130,53,2029,10,215,234.00,6),(6131,53,2029,10,195,2940.00,60),(6132,22,2032,49,173,110.00,5),(6133,7,2032,68,201,45.00,15),(6134,7,2032,68,232,60.00,6),(6135,7,2032,68,170,400.00,50),(6136,68,2032,1,175,400.00,16),(6137,68,2032,1,222,92.00,2),(6138,46,2032,4,186,4050.00,50),(6139,46,2032,4,199,650.00,50),(6140,54,2033,47,184,476.00,28),(6141,54,2033,47,199,325.00,25),(6142,54,2033,47,233,300.00,30),(6143,54,2033,47,203,816.00,24),(6144,14,2033,24,170,96.00,12),(6145,61,2033,6,187,120.00,12),(6146,61,2033,6,191,140.00,14),(6147,61,2033,6,223,424.00,8),(6148,9,2034,35,228,780.00,30),(6149,9,2034,35,164,720.00,40),(6150,9,2034,35,213,264.00,8),(6151,56,2034,54,174,420.00,20),(6152,56,2034,54,220,180.00,6),(6153,56,2034,54,206,175.00,5),(6154,58,2034,31,170,160.00,20),(6155,9,2035,35,162,50.00,10),(6156,9,2035,35,232,240.00,24),(6157,30,2035,62,210,42.00,6),(6158,30,2035,62,171,1080.00,60),(6159,21,2035,63,220,1350.00,45),(6160,21,2035,63,226,462.00,77),(6161,21,2035,63,217,660.00,20),(6162,21,2035,63,204,324.00,9),(6163,21,2035,63,171,792.00,44),(6164,40,2035,28,203,68.00,2),(6165,69,2036,74,227,378.00,6),(6166,69,2036,74,165,1320.00,5),(6167,69,2036,74,204,360.00,10),(6168,34,2036,55,223,848.00,16),(6169,6,2036,14,230,208.00,8),(6170,6,2036,14,211,456.00,12),(6171,6,2036,14,195,588.00,12),(6172,2,2039,79,185,108.00,12),(6173,2,2039,79,193,800.00,40),(6174,10,2039,20,198,1140.00,30),(6175,10,2039,20,162,150.00,30),(6176,10,2039,20,213,132.00,4),(6177,30,2039,15,234,108.00,9),(6178,26,2040,8,210,280.00,40),(6179,36,2040,26,216,1736.00,14),(6180,70,2040,40,215,234.00,6),(6181,70,2040,40,201,21.00,7),(6182,70,2040,40,189,155.00,5),(6183,70,2040,40,232,60.00,6),(6184,70,2040,40,170,80.00,10),(6185,20,2041,75,180,440.00,10),(6186,53,2041,10,176,640.00,16),(6187,53,2041,10,170,80.00,10),(6188,9,2041,35,222,920.00,20),(6189,14,2042,24,166,540.00,30),(6190,14,2042,24,191,300.00,30),(6191,14,2042,24,223,530.00,10),(6192,14,2042,24,180,880.00,20),(6193,63,2042,50,176,800.00,20),(6194,63,2042,50,187,400.00,40),(6195,63,2042,50,231,180.00,10),(6196,63,2042,50,178,114.00,6),(6197,10,2042,20,220,540.00,18),(6198,10,2042,20,198,760.00,20),(6199,10,2042,20,162,400.00,80),(6200,10,2042,20,190,1320.00,30),(6201,10,2042,20,199,312.00,24),(6202,10,2042,20,180,1540.00,35),(6203,14,2043,24,170,320.00,40),(6204,3,2043,34,165,15840.00,60),(6205,53,2043,10,220,600.00,20),(6206,53,2043,10,167,414.00,9),(6207,39,2043,71,226,504.00,84),(6208,39,2043,71,212,300.00,15),(6209,39,2046,71,184,935.00,55),(6210,39,2046,71,162,100.00,20),(6211,39,2046,71,229,760.00,40),(6212,31,2046,37,184,612.00,36),(6213,31,2046,37,227,504.00,8),(6214,31,2046,37,200,1120.00,35),(6215,56,2046,54,197,630.00,30),(6216,56,2046,54,186,1215.00,15),(6217,56,2046,54,171,180.00,10),(6218,56,2046,54,183,195.00,15),(6219,29,2047,19,220,1800.00,60),(6220,29,2047,19,167,276.00,6),(6221,29,2047,19,206,700.00,20),(6222,13,2047,65,220,1800.00,60),(6223,13,2047,65,195,1960.00,40),(6224,3,2047,61,175,1000.00,40),(6225,3,2047,61,197,315.00,15),(6226,3,2047,61,232,40.00,4),(6227,10,2048,20,187,650.00,65),(6228,10,2048,20,163,840.00,60),(6229,10,2048,20,219,1560.00,65),(6230,10,2048,20,179,1914.00,66),(6231,21,2048,63,161,950.00,50),(6232,21,2048,63,169,300.00,20),(6233,21,2048,63,171,1620.00,90),(6234,35,2048,77,206,70.00,2),(6235,14,2048,24,216,6200.00,50),(6236,14,2048,24,232,350.00,35),(6237,49,2049,83,202,990.00,18),(6238,11,2049,58,223,1060.00,20),(6239,11,2049,58,203,136.00,4),(6240,21,2049,63,209,560.00,40),(6241,27,2050,46,200,1600.00,50),(6242,27,2050,46,234,240.00,20),(6243,27,2050,46,210,140.00,20),(6244,50,2050,91,162,60.00,12),(6245,50,2050,91,179,203.00,7),(6246,50,2050,91,224,200.00,20),(6247,50,2050,91,170,240.00,30),(6248,12,2050,56,232,200.00,20),(6249,12,2050,56,223,795.00,15),(6250,12,2050,56,183,273.00,21),(6251,13,2053,65,173,550.00,25),(6252,13,2053,65,162,150.00,30),(6253,13,2053,65,183,390.00,30),(6254,14,2053,24,220,1800.00,60),(6255,14,2053,24,207,525.00,25),(6256,14,2053,24,234,300.00,25),(6257,14,2053,24,219,144.00,6),(6258,39,2053,71,226,336.00,56),(6259,39,2053,71,164,270.00,15),(6260,39,2053,71,209,336.00,24),(6261,39,2053,71,219,960.00,40),(6262,67,2053,78,160,72.00,4),(6263,67,2053,78,231,180.00,10),(6264,67,2053,78,210,70.00,10),(6265,63,2054,50,189,186.00,6),(6266,63,2054,50,171,108.00,6),(6267,66,2054,90,160,36.00,2),(6268,66,2054,90,202,550.00,10),(6269,62,2054,32,160,144.00,8),(6270,62,2054,32,216,248.00,2),(6271,40,2055,60,176,1200.00,30),(6272,40,2055,60,216,1240.00,10),(6273,40,2055,60,209,196.00,14),(6274,10,2055,20,222,3220.00,70),(6275,10,2055,20,163,1260.00,90),(6276,10,2055,20,205,462.00,21),(6277,33,2055,30,162,60.00,12),(6278,33,2055,30,229,342.00,18),(6279,33,2055,30,203,306.00,9),(6280,28,2056,66,220,600.00,20),(6281,28,2056,66,162,50.00,10),(6282,68,2056,1,235,520.00,40),(6283,68,2056,1,205,440.00,20),(6284,17,2056,25,185,450.00,50),(6285,17,2056,25,203,1224.00,36),(6286,17,2056,25,205,1320.00,60),(6287,26,2056,69,208,90.00,10),(6288,26,2056,69,209,56.00,4),(6289,26,2056,69,233,200.00,20),(6290,26,2056,69,196,26.00,2),(6291,54,2057,47,232,280.00,28),(6292,52,2057,70,228,390.00,15),(6293,52,2057,70,183,234.00,18),(6294,46,2057,4,199,195.00,15),(6295,46,2057,4,229,304.00,16),(6296,10,2060,20,172,250.00,25),(6297,10,2060,20,202,6050.00,110),(6298,10,2060,20,169,450.00,30),(6299,35,2060,48,198,760.00,20),(6300,35,2060,48,227,630.00,10),(6301,35,2060,48,211,190.00,5),(6302,56,2060,64,234,36.00,3),(6303,56,2060,64,193,40.00,2),(6304,12,2061,56,225,744.00,24),(6305,21,2061,63,161,209.00,11),(6306,21,2061,63,186,1215.00,15),(6307,21,2061,63,189,1953.00,63),(6308,21,2061,63,223,2332.00,44),(6309,21,2061,63,206,1225.00,35),(6310,3,2061,34,185,315.00,35),(6311,3,2061,34,204,1080.00,30),(6312,29,2061,11,220,120.00,4),(6313,29,2061,11,167,1380.00,30),(6314,29,2062,19,189,372.00,12),(6315,29,2062,19,201,90.00,30),(6316,29,2062,19,181,441.00,21),(6317,29,2062,19,205,1100.00,50),(6318,16,2062,87,160,180.00,10),(6319,16,2062,87,226,120.00,20),(6320,57,2062,27,227,504.00,8),(6321,57,2062,27,223,530.00,10),(6322,53,2063,10,162,150.00,30),(6323,53,2063,10,195,1029.00,21),(6324,38,2063,39,219,840.00,35),(6325,38,2063,39,202,1320.00,24),(6326,6,2063,14,211,760.00,20),(6327,6,2063,14,180,528.00,12),(6328,39,2064,71,161,1900.00,100),(6329,39,2064,71,174,1470.00,70),(6330,39,2064,71,216,7440.00,60),(6331,39,2064,71,202,5500.00,100),(6332,39,2064,71,160,810.00,45),(6333,39,2064,71,226,480.00,80),(6334,39,2064,71,162,105.00,21),(6335,39,2064,71,213,660.00,20),(6336,39,2064,71,205,352.00,16),(6337,19,2064,89,229,665.00,35),(6338,19,2064,89,165,6600.00,25),(6339,19,2064,89,202,1650.00,30),(6340,7,2064,68,217,2310.00,70),(6341,7,2064,68,204,1296.00,36),(6342,34,2067,55,187,150.00,15),(6343,34,2067,55,178,228.00,12),(6344,34,2067,55,179,174.00,6),(6345,5,2067,76,160,180.00,10),(6346,5,2067,76,164,1080.00,60),(6347,5,2067,76,209,420.00,30),(6348,5,2067,76,218,70.00,10),(6349,47,2067,17,226,42.00,7),(6350,47,2067,17,202,1650.00,30),(6351,33,2068,30,169,60.00,4),(6352,5,2068,76,231,90.00,5),(6353,5,2068,76,210,14.00,2),(6354,5,2068,76,205,660.00,30),(6355,54,2068,47,222,920.00,20),(6356,54,2068,47,164,432.00,24),(6357,54,2068,47,193,1200.00,60),(6358,54,2068,47,212,560.00,28),(6359,62,2069,32,187,200.00,20),(6360,6,2069,14,161,570.00,30),(6361,6,2069,14,180,1320.00,30),(6362,30,2069,15,178,285.00,15),(6363,30,2069,15,179,116.00,4),(6364,69,2069,74,197,210.00,10),(6365,50,2070,91,195,588.00,12),(6366,53,2070,10,201,45.00,15),(6367,53,2070,10,223,1272.00,24),(6368,32,2070,86,198,760.00,20),(6369,32,2070,86,200,480.00,15),(6370,32,2070,86,164,324.00,18),(6371,29,2071,19,160,450.00,25),(6372,29,2071,19,174,630.00,30),(6373,53,2071,10,196,546.00,42),(6374,58,2071,31,161,190.00,10),(6375,58,2071,31,198,152.00,4),(6376,14,2074,24,171,900.00,50),(6377,44,2074,41,162,50.00,10),(6378,3,2074,34,167,1380.00,30),(6379,3,2074,34,179,290.00,10),(6380,45,2074,59,227,2205.00,35),(6381,45,2074,59,200,640.00,20),(6382,45,2074,59,213,825.00,25),(6383,56,2075,12,201,30.00,10),(6384,56,2075,12,168,280.00,20),(6385,9,2075,35,162,75.00,15),(6386,9,2075,35,188,210.00,15),(6387,9,2075,35,223,1060.00,20),(6388,9,2075,35,212,400.00,20),(6389,29,2075,19,220,1200.00,40),(6390,29,2075,19,219,840.00,35),(6391,29,2075,19,203,1700.00,50),(6392,29,2076,53,169,45.00,3),(6393,61,2076,6,187,30.00,3),(6394,61,2076,6,203,714.00,21),(6395,61,2076,6,179,116.00,4),(6396,3,2076,67,226,180.00,30),(6397,3,2076,67,215,468.00,12),(6398,3,2076,67,203,1190.00,35),(6399,57,2077,27,203,136.00,4),(6400,57,2077,27,183,130.00,10),(6401,62,2077,32,203,510.00,15),(6402,28,2077,66,217,330.00,10),(6403,28,2077,66,169,180.00,12),(6404,31,2077,37,163,420.00,30),(6405,31,2077,37,231,720.00,40),(6406,31,2077,37,232,300.00,30),(6407,39,2078,71,215,3003.00,77),(6408,39,2078,71,232,120.00,12),(6409,39,2078,71,217,825.00,25),(6410,39,2078,71,219,96.00,4),(6411,39,2078,71,196,715.00,55),(6412,27,2078,46,228,104.00,4),(6413,27,2078,46,218,140.00,20),(6414,19,2078,89,184,51.00,3),(6415,19,2078,89,185,378.00,42),(6416,19,2078,89,163,490.00,35),(6417,47,2081,17,232,90.00,9),(6418,30,2081,62,222,368.00,8),(6419,30,2081,62,167,1656.00,36),(6420,30,2081,62,183,364.00,28),(6421,11,2081,80,166,360.00,20),(6422,25,2082,44,160,720.00,40),(6423,25,2082,44,161,380.00,20),(6424,25,2082,44,184,510.00,30),(6425,25,2082,44,199,260.00,20),(6426,27,2082,46,220,450.00,15),(6427,27,2082,46,226,60.00,10),(6428,10,2082,20,161,152.00,8),(6429,10,2082,20,232,400.00,40),(6430,10,2082,20,194,352.00,22),(6431,10,2082,20,213,4290.00,130),(6432,11,2082,58,197,210.00,10),(6433,11,2082,58,162,100.00,20),(6434,43,2083,73,184,238.00,14),(6435,7,2083,68,161,190.00,10),(6436,7,2083,68,234,360.00,30),(6437,7,2083,68,171,36.00,2),(6438,41,2083,9,175,500.00,20),(6439,41,2083,9,221,460.00,20),(6440,41,2083,9,185,90.00,10),(6441,13,2083,65,161,456.00,24),(6442,13,2083,65,172,40.00,4),(6443,13,2083,65,173,22.00,1),(6444,13,2083,65,175,25.00,1),(6445,13,2083,65,220,30.00,1),(6446,13,2083,65,176,80.00,2),(6447,13,2083,65,225,31.00,1),(6448,13,2083,65,198,76.00,2),(6449,13,2083,65,226,24.00,4),(6450,13,2083,65,221,23.00,1),(6451,13,2083,65,184,34.00,2),(6452,13,2083,65,186,81.00,1),(6453,13,2083,65,208,18.00,2),(6454,13,2083,65,200,32.00,1),(6455,13,2083,65,166,36.00,2),(6456,13,2083,65,232,30.00,3),(6457,13,2083,65,234,36.00,3),(6458,13,2083,65,210,14.00,2),(6459,13,2083,65,219,48.00,2),(6460,13,2083,65,203,68.00,2),(6461,13,2083,65,213,66.00,2),(6462,13,2083,65,182,17.00,1),(6463,13,2083,65,236,30.00,2),(6464,13,2083,65,170,32.00,4),(6465,13,2083,65,183,26.00,2);
/*!40000 ALTER TABLE `sales_fact` ENABLE KEYS */;
UNLOCK TABLES;

--
-- Table structure for table `customers_dim`
--

DROP TABLE IF EXISTS `customers_dim`;
/*!40101 SET @saved_cs_client     = @@character_set_client */;
/*!50503 SET character_set_client = utf8mb4 */;
CREATE TABLE `customers_dim` (
  `customer_sk` int NOT NULL,
  `version` int DEFAULT NULL,
  `date_from` datetime DEFAULT NULL,
  `date_to` datetime DEFAULT NULL,
  `CustomerID` varchar(5) DEFAULT NULL,
  `Company_Name` varchar(40) DEFAULT NULL,
  `Contact_Name` varchar(30) DEFAULT NULL,
  `Contact_Title` varchar(30) DEFAULT NULL,
  `Address` varchar(60) DEFAULT NULL,
  PRIMARY KEY (`customer_sk`),
  KEY `idx_customers_dim_lookup` (`CustomerID`),
  KEY `idx_customers_dim_tk` (`customer_sk`)
) ENGINE=InnoDB DEFAULT CHARSET=latin1;
/*!40101 SET character_set_client = @saved_cs_client */;

--
-- Dumping data for table `customers_dim`
--

LOCK TABLES `customers_dim` WRITE;
/*!40000 ALTER TABLE `customers_dim` DISABLE KEYS */;
INSERT INTO `customers_dim` VALUES (0,1,NULL,NULL,NULL,NULL,NULL,NULL,NULL),(1,1,'1900-01-01 00:00:00','2200-01-01 00:00:00','ALFKI','Alfreds Futterkiste','Maria Anders','Sales Representative','Obere Str. 57'),(2,1,'1900-01-01 00:00:00','2200-01-01 00:00:00','ANATR','Ana Trujillo Emparedados y helados','Ana Trujillo','Owner','Avda. de la Constitucin 2222'),(3,1,'1900-01-01 00:00:00','2200-01-01 00:00:00','ANTON','Antonio Moreno Taquera','Antonio Moreno','Owner','Mataderos  2312'),(4,1,'1900-01-01 00:00:00','2200-01-01 00:00:00','AROUT','Around the Horn','Thomas Hardy','Sales Representative','120 Hanover Sq.'),(5,1,'1900-01-01 00:00:00','2200-01-01 00:00:00','BERGS','Berglunds snabbkp','Christina Berglund','Order Administrator','Berguvsvgen  8'),(6,1,'1900-01-01 00:00:00','2200-01-01 00:00:00','BLAUS','Blauer See Delikatessen','Hanna Moos','Sales Representative','Forsterstr. 57'),(7,1,'1900-01-01 00:00:00','2200-01-01 00:00:00','BLONP','Blondesddsl pre et fils','Frdrique Citeaux','Marketing Manager','24, place Klber'),(8,1,'1900-01-01 00:00:00','2200-01-01 00:00:00','BOLID','Blido Comidas preparadas','Martn Sommer','Owner','C/ Araquil, 67'),(9,1,'1900-01-01 00:00:00','2200-01-01 00:00:00','BONAP','Bon app\'','Laurence Lebihan','Owner','12, rue des Bouchers'),(10,1,'1900-01-01 00:00:00','2200-01-01 00:00:00','BOTTM','Bottom-Dollar Markets','Elizabeth Lincoln','Accounting Manager','23 Tsawassen Blvd.'),(11,1,'1900-01-01 00:00:00','2200-01-01 00:00:00','BSBEV','B\'s Beverages','Victoria Ashworth','Sales Representative','Fauntleroy Circus'),(12,1,'1900-01-01 00:00:00','2200-01-01 00:00:00','CACTU','Cactus Comidas para llevar','Patricio Simpson','Sales Agent','Cerrito 333'),(13,1,'1900-01-01 00:00:00','2200-01-01 00:00:00','CENTC','Centro comercial Moctezuma','Francisco Chang','Marketing Manager','Sierras de Granada 9993'),(14,1,'1900-01-01 00:00:00','2200-01-01 00:00:00','CHOPS','Chop-suey Chinese','Yang Wang','Owner','Hauptstr. 29'),(15,1,'1900-01-01 00:00:00','2200-01-01 00:00:00','COMMI','Comrcio Mineiro','Pedro Afonso','Sales Associate','Av. dos Lusadas, 23'),(16,1,'1900-01-01 00:00:00','2200-01-01 00:00:00','CONSH','Consolidated Holdings','Elizabeth Brown','Sales Representative','Berkeley Gardens 12  Brewery'),(17,1,'1900-01-01 00:00:00','2200-01-01 00:00:00','DRACD','Drachenblut Delikatessen','Sven Ottlieb','Order Administrator','Walserweg 21'),(18,1,'1900-01-01 00:00:00','2200-01-01 00:00:00','DUMON','Du monde entier','Janine Labrune','Owner','67, rue des Cinquante Otages'),(19,1,'1900-01-01 00:00:00','2200-01-01 00:00:00','EASTC','Eastern Connection','Ann Devon','Sales Agent','35 King George'),(20,1,'1900-01-01 00:00:00','2200-01-01 00:00:00','ERNSH','Ernst Handel','Roland Mendel','Sales Manager','Kirchgasse 6'),(21,1,'1900-01-01 00:00:00','2200-01-01 00:00:00','FAMIA','Familia Arquibaldo','Aria Cruz','Marketing Assistant','Rua Ors, 92'),(22,1,'1900-01-01 00:00:00','2200-01-01 00:00:00','FISSA','FISSA Fabrica Inter. Salchichas S.A.','Diego Roel','Accounting Manager','C/ Moralzarzal, 86'),(23,1,'1900-01-01 00:00:00','2200-01-01 00:00:00','FOLIG','Folies gourmandes','Martine Ranc','Assistant Sales Agent','184, chausse de Tournai'),(24,1,'1900-01-01 00:00:00','2200-01-01 00:00:00','FOLKO','Folk och f HB','Maria Larsson','Owner','kergatan 24'),(25,1,'1900-01-01 00:00:00','2200-01-01 00:00:00','FRANK','Frankenversand','Peter Franken','Marketing Manager','Berliner Platz 43'),(26,1,'1900-01-01 00:00:00','2200-01-01 00:00:00','FRANR','France restauration','Carine Schmitt','Marketing Manager','54, rue Royale'),(27,1,'1900-01-01 00:00:00','2200-01-01 00:00:00','FRANS','Franchi S.p.A.','Paolo Accorti','Sales Representative','Via Monte Bianco 34'),(28,1,'1900-01-01 00:00:00','2200-01-01 00:00:00','FURIB','Furia Bacalhau e Frutos do Mar','Lino Rodriguez','Sales Manager','Jardim das rosas n. 32'),(29,1,'1900-01-01 00:00:00','2200-01-01 00:00:00','GALED','Galera del gastrnomo','Eduardo Saavedra','Marketing Manager','Rambla de Catalua, 23'),(30,1,'1900-01-01 00:00:00','2200-01-01 00:00:00','GODOS','Godos Cocina Tpica','Jos Pedro Freyre','Sales Manager','C/ Romero, 33'),(31,1,'1900-01-01 00:00:00','2200-01-01 00:00:00','GOURL','Gourmet Lanchonetes','Andr Fonseca','Sales Associate','Av. Brasil, 442'),(32,1,'1900-01-01 00:00:00','2200-01-01 00:00:00','GREAL','Great Lakes Food Market','Howard Snyder','Marketing Manager','2732 Baker Blvd.'),(33,1,'1900-01-01 00:00:00','2200-01-01 00:00:00','GROSR','GROSELLA-Restaurante','Manuel Pereira','Owner','5 Ave. Los Palos Grandes'),(34,1,'1900-01-01 00:00:00','2200-01-01 00:00:00','HANAR','Hanari Carnes','Mario Pontes','Accounting Manager','Rua do Pao, 67'),(35,1,'1900-01-01 00:00:00','2200-01-01 00:00:00','HILAA','HILARION-Abastos','Carlos Hernndez','Sales Representative','Carrera 22 con Ave. Carlos Soublette #8-35'),(36,1,'1900-01-01 00:00:00','2200-01-01 00:00:00','HUNGC','Hungry Coyote Import Store','Yoshi Latimer','Sales Representative','City Center Plaza 516 Main St.'),(37,1,'1900-01-01 00:00:00','2200-01-01 00:00:00','HUNGO','Hungry Owl All-Night Grocers','Patricia McKenna','Sales Associate','8 Johnstown Road'),(38,1,'1900-01-01 00:00:00','2200-01-01 00:00:00','ISLAT','Island Trading','Helen Bennett','Marketing Manager','Garden House Crowther Way'),(39,1,'1900-01-01 00:00:00','2200-01-01 00:00:00','KOENE','Kniglich Essen','Philip Cramer','Sales Associate','Maubelstr. 90'),(40,1,'1900-01-01 00:00:00','2200-01-01 00:00:00','LACOR','La corne d\'abondance','Daniel Tonini','Sales Representative','67, avenue de l\'Europe'),(41,1,'1900-01-01 00:00:00','2200-01-01 00:00:00','LAMAI','La maison d\'Asie','Annette Roulet','Sales Manager','1 rue Alsace-Lorraine'),(42,1,'1900-01-01 00:00:00','2200-01-01 00:00:00','LAUGB','Laughing Bacchus Wine Cellars','Yoshi Tannamuri','Marketing Assistant','1900 Oak St.'),(43,1,'1900-01-01 00:00:00','2200-01-01 00:00:00','LAZYK','Lazy K Kountry Store','John Steel','Marketing Manager','12 Orchestra Terrace'),(44,1,'1900-01-01 00:00:00','2200-01-01 00:00:00','LEHMS','Lehmanns Marktstand','Renate Messner','Sales Representative','Magazinweg 7'),(45,1,'1900-01-01 00:00:00','2200-01-01 00:00:00','LETSS','Let\'s Stop N Shop','Jaime Yorres','Owner','87 Polk St. Suite 5'),(46,1,'1900-01-01 00:00:00','2200-01-01 00:00:00','LILAS','LILA-Supermercado','Carlos Gonzlez','Accounting Manager','Carrera 52 con Ave. Bolvar #65-98 Llano Largo'),(47,1,'1900-01-01 00:00:00','2200-01-01 00:00:00','LINOD','LINO-Delicateses','Felipe Izquierdo','Owner','Ave. 5 de Mayo Porlamar'),(48,1,'1900-01-01 00:00:00','2200-01-01 00:00:00','LONEP','Lonesome Pine Restaurant','Fran Wilson','Sales Manager','89 Chiaroscuro Rd.'),(49,1,'1900-01-01 00:00:00','2200-01-01 00:00:00','MAGAA','Magazzini Alimentari Riuniti','Giovanni Rovelli','Marketing Manager','Via Ludovico il Moro 22'),(50,1,'1900-01-01 00:00:00','2200-01-01 00:00:00','MAISD','Maison Dewey','Catherine Dewey','Sales Agent','Rue Joseph-Bens 532'),(51,1,'1900-01-01 00:00:00','2200-01-01 00:00:00','MEREP','Mre Paillarde','Jean Fresnire','Marketing Assistant','43 rue St. Laurent'),(52,1,'1900-01-01 00:00:00','2200-01-01 00:00:00','MORGK','Morgenstern Gesundkost','Alexander Feuer','Marketing Assistant','Heerstr. 22'),(53,1,'1900-01-01 00:00:00','2200-01-01 00:00:00','NORTS','North/South','Simon Crowther','Sales Associate','South House 300 Queensbridge'),(54,1,'1900-01-01 00:00:00','2200-01-01 00:00:00','OCEAN','Ocano Atlntico Ltda.','Yvonne Moncada','Sales Agent','Ing. Gustavo Moncada 8585 Piso 20-A'),(55,1,'1900-01-01 00:00:00','2200-01-01 00:00:00','OLDWO','Old World Delicatessen','Rene Phillips','Sales Representative','2743 Bering St.'),(56,1,'1900-01-01 00:00:00','2200-01-01 00:00:00','OTTIK','Ottilies Kseladen','Henriette Pfalzheim','Owner','Mehrheimerstr. 369'),(57,1,'1900-01-01 00:00:00','2200-01-01 00:00:00','PARIS','Paris spcialits','Marie Bertrand','Owner','265, boulevard Charonne'),(58,1,'1900-01-01 00:00:00','2200-01-01 00:00:00','PERIC','Pericles Comidas clsicas','Guillermo Fernndez','Sales Representative','Calle Dr. Jorge Cash 321'),(59,1,'1900-01-01 00:00:00','2200-01-01 00:00:00','PICCO','Piccolo und mehr','Georg Pipps','Sales Manager','Geislweg 14'),(60,1,'1900-01-01 00:00:00','2200-01-01 00:00:00','PRINI','Princesa Isabel Vinhos','Isabel de Castro','Sales Representative','Estrada da sade n. 58'),(61,1,'1900-01-01 00:00:00','2200-01-01 00:00:00','QUEDE','Que Delcia','Bernardo Batista','Accounting Manager','Rua da Panificadora, 12'),(62,1,'1900-01-01 00:00:00','2200-01-01 00:00:00','QUEEN','Queen Cozinha','Lcia Carvalho','Marketing Assistant','Alameda dos Canrios, 891'),(63,1,'1900-01-01 00:00:00','2200-01-01 00:00:00','QUICK','QUICK-Stop','Horst Kloss','Accounting Manager','Taucherstrae 10'),(64,1,'1900-01-01 00:00:00','2200-01-01 00:00:00','RANCH','Rancho grande','Sergio Gutirrez','Sales Representative','Av. del Libertador 900'),(65,1,'1900-01-01 00:00:00','2200-01-01 00:00:00','RATTC','Rattlesnake Canyon Grocery','Paula Wilson','Assistant Sales Representative','2817 Milton Dr.'),(66,1,'1900-01-01 00:00:00','2200-01-01 00:00:00','REGGC','Reggiani Caseifici','Maurizio Moroni','Sales Associate','Strada Provinciale 124'),(67,1,'1900-01-01 00:00:00','2200-01-01 00:00:00','RICAR','Ricardo Adocicados','Janete Limeira','Assistant Sales Agent','Av. Copacabana, 267'),(68,1,'1900-01-01 00:00:00','2200-01-01 00:00:00','RICSU','Richter Supermarkt','Michael Holz','Sales Manager','Grenzacherweg 237'),(69,1,'1900-01-01 00:00:00','2200-01-01 00:00:00','ROMEY','Romero y tomillo','Alejandra Camino','Accounting Manager','Gran Va, 1'),(70,1,'1900-01-01 00:00:00','2200-01-01 00:00:00','SANTG','Sant Gourmet','Jonas Bergulfsen','Owner','Erling Skakkes gate 78'),(71,1,'1900-01-01 00:00:00','2200-01-01 00:00:00','SAVEA','Save-a-lot Markets','Jose Pavarotti','Sales Representative','187 Suffolk Ln.'),(72,1,'1900-01-01 00:00:00','2200-01-01 00:00:00','SEVES','Seven Seas Imports','Hari Kumar','Sales Manager','90 Wadhurst Rd.'),(73,1,'1900-01-01 00:00:00','2200-01-01 00:00:00','SIMOB','Simons bistro','Jytte Petersen','Owner','Vinbltet 34'),(74,1,'1900-01-01 00:00:00','2200-01-01 00:00:00','SPECD','Spcialits du monde','Dominique Perrier','Marketing Manager','25, rue Lauriston'),(75,1,'1900-01-01 00:00:00','2200-01-01 00:00:00','SPLIR','Split Rail Beer & Ale','Art Braunschweiger','Sales Manager','P.O. Box 555'),(76,1,'1900-01-01 00:00:00','2200-01-01 00:00:00','SUPRD','Suprmes dlices','Pascale Cartrain','Accounting Manager','Boulevard Tirou, 255'),(77,1,'1900-01-01 00:00:00','2200-01-01 00:00:00','THEBI','The Big Cheese','Liz Nixon','Marketing Manager','89 Jefferson Way Suite 2'),(78,1,'1900-01-01 00:00:00','2200-01-01 00:00:00','THECR','The Cracker Box','Liu Wong','Marketing Assistant','55 Grizzly Peak Rd.'),(79,1,'1900-01-01 00:00:00','2200-01-01 00:00:00','TOMSP','Toms Spezialitten','Karin Josephs','Marketing Manager','Luisenstr. 48'),(80,1,'1900-01-01 00:00:00','2200-01-01 00:00:00','TORTU','Tortuga Restaurante','Miguel Angel Paolino','Owner','Avda. Azteca 123'),(81,1,'1900-01-01 00:00:00','2200-01-01 00:00:00','TRADH','Tradio Hipermercados','Anabela Domingues','Sales Representative','Av. Ins de Castro, 414'),(82,1,'1900-01-01 00:00:00','2200-01-01 00:00:00','TRAIH','Trail\'s Head Gourmet Provisioners','Helvetius Nagy','Sales Associate','722 DaVinci Blvd.'),(83,1,'1900-01-01 00:00:00','2200-01-01 00:00:00','VAFFE','Vaffeljernet','Palle Ibsen','Sales Manager','Smagsloget 45'),(84,1,'1900-01-01 00:00:00','2200-01-01 00:00:00','VICTE','Victuailles en stock','Mary Saveley','Sales Agent','2, rue du Commerce'),(85,1,'1900-01-01 00:00:00','2200-01-01 00:00:00','VINET','Vins et alcools Chevalier','Paul Henriot','Accounting Manager','59 rue de l\'Abbaye'),(86,1,'1900-01-01 00:00:00','2200-01-01 00:00:00','WANDK','Die Wandernde Kuh','Rita Mller','Sales Representative','Adenauerallee 900'),(87,1,'1900-01-01 00:00:00','2200-01-01 00:00:00','WARTH','Wartian Herkku','Pirkko Koskitalo','Accounting Manager','Torikatu 38'),(88,1,'1900-01-01 00:00:00','2200-01-01 00:00:00','WELLI','Wellington Importadora','Paula Parente','Sales Manager','Rua do Mercado, 12'),(89,1,'1900-01-01 00:00:00','2200-01-01 00:00:00','WHITC','White Clover Markets','Karl Jablonski','Owner','305 - 14th Ave. S. Suite 3B'),(90,1,'1900-01-01 00:00:00','2200-01-01 00:00:00','WILMK','Wilman Kala','Matti Karttunen','Owner/Marketing Assistant','Keskuskatu 45'),(91,1,'1900-01-01 00:00:00','2200-01-01 00:00:00','WOLZA','Wolski  Zajazd','Zbyszek Piestrzeniewicz','Owner','ul. Filtrowa 68');
/*!40000 ALTER TABLE `customers_dim` ENABLE KEYS */;
UNLOCK TABLES;

--
-- Table structure for table `suppliers`
--

DROP TABLE IF EXISTS `suppliers`;
/*!40101 SET @saved_cs_client     = @@character_set_client */;
/*!50503 SET character_set_client = utf8mb4 */;
CREATE TABLE `suppliers` (
  `sk` int NOT NULL,
  `CompanyName` varchar(45) DEFAULT NULL,
  PRIMARY KEY (`sk`)
) ENGINE=InnoDB DEFAULT CHARSET=latin1;
/*!40101 SET character_set_client = @saved_cs_client */;

--
-- Dumping data for table `suppliers`
--

LOCK TABLES `suppliers` WRITE;
/*!40000 ALTER TABLE `suppliers` DISABLE KEYS */;
INSERT INTO `suppliers` VALUES (1,'Exotic Liquids'),(2,'New Orleans Cajun Delights'),(3,'Grandma Kelly\'s Homestead'),(4,'Tokyo Traders'),(5,'Cooperativa de Quesos \'Las Cabras\''),(6,'Mayumi\'s'),(7,'Pavlova, Ltd.'),(8,'Specialty Biscuits, Ltd.'),(9,'PB Knckebrd AB'),(10,'Refrescos Americanas LTDA'),(11,'Heli Swaren GmbH & Co. KG'),(12,'Plutzer Lebensmittelgromrkte AG'),(13,'Nord-Ost-Fisch Handelsgesellschaft mbH'),(14,'Formaggi Fortini s.r.l.'),(15,'Norske Meierier'),(16,'Bigfoot Breweries'),(17,'Svensk Sjfda AB'),(18,'Aux joyeux ecclsiastiques'),(19,'New England Seafood Cannery'),(20,'Leka Trading'),(21,'Lyngbysild'),(22,'Zaanse Snoepfabriek'),(23,'Karkki Oy'),(24,'G\'day, Mate'),(25,'Ma Maison'),(26,'Pasta Buttini s.r.l.'),(27,'Escargots Nouveaux'),(28,'Gai pturage'),(29,'Forts d\'rables');
/*!40000 ALTER TABLE `suppliers` ENABLE KEYS */;
UNLOCK TABLES;

--
-- Table structure for table `products_dim`
--

DROP TABLE IF EXISTS `products_dim`;
/*!40101 SET @saved_cs_client     = @@character_set_client */;
/*!50503 SET character_set_client = utf8mb4 */;
CREATE TABLE `products_dim` (
  `product_sk` int NOT NULL AUTO_INCREMENT,
  `productID` int DEFAULT NULL,
  `version` int DEFAULT NULL,
  `ProductName` varchar(45) DEFAULT NULL,
  `CategoryName` varchar(45) DEFAULT NULL,
  `UnitPrice` double DEFAULT NULL,
  `unitsInStock` smallint DEFAULT NULL,
  `unitsOnOrder` smallint DEFAULT NULL,
  `Discontinued` tinyint(1) DEFAULT NULL,
  `date_from` date DEFAULT NULL,
  `date_to` date DEFAULT NULL,
  `supplier_id` int DEFAULT NULL,
  PRIMARY KEY (`product_sk`),
  KEY `products_dim_FK` (`supplier_id`),
  CONSTRAINT `products_dim_FK` FOREIGN KEY (`supplier_id`) REFERENCES `suppliers` (`sk`)
) ENGINE=InnoDB AUTO_INCREMENT=238 DEFAULT CHARSET=latin1;
/*!40101 SET character_set_client = @saved_cs_client */;

--
-- Dumping data for table `products_dim`
--

LOCK TABLES `products_dim` WRITE;
/*!40000 ALTER TABLE `products_dim` DISABLE KEYS */;
INSERT INTO `products_dim` VALUES (159,NULL,1,NULL,NULL,NULL,NULL,NULL,NULL,NULL,NULL,NULL),(160,1,1,'Chai','Beverages',18,39,0,0,'1900-01-01','2200-01-01',1),(161,2,1,'Chang','Beverages',19,17,40,0,'1900-01-01','2200-01-01',1),(162,24,1,'Guaran Fantstica','Beverages',4.5,20,0,1,'1900-01-01','2200-01-01',10),(163,34,1,'Sasquatch Ale','Beverages',14,111,0,0,'1900-01-01','2200-01-01',16),(164,35,1,'Steeleye Stout','Beverages',18,20,0,0,'1900-01-01','2200-01-01',16),(165,38,1,'Cte de Blaye','Beverages',263.5,17,0,0,'1900-01-01','2200-01-01',18),(166,39,1,'Chartreuse verte','Beverages',18,69,0,0,'1900-01-01','2200-01-01',18),(167,43,1,'Ipoh Coffee','Beverages',46,17,10,0,'1900-01-01','2200-01-01',20),(168,67,1,'Laughing Lumberjack Lager','Beverages',14,52,0,0,'1900-01-01','2200-01-01',16),(169,70,1,'Outback Lager','Beverages',15,15,10,0,'1900-01-01','2200-01-01',7),(170,75,1,'Rhnbru Klosterbier','Beverages',7.75,125,0,0,'1900-01-01','2200-01-01',12),(171,76,1,'Lakkalikri','Beverages',18,57,0,0,'1900-01-01','2200-01-01',23),(172,3,1,'Aniseed Syrup','Condiments',10,13,70,0,'1900-01-01','2200-01-01',1),(173,4,1,'Chef Anton\'s Cajun Seasoning','Condiments',22,53,0,0,'1900-01-01','2200-01-01',2),(174,5,1,'Chef Anton\'s Gumbo Mix','Condiments',21.35,0,0,1,'1900-01-01','2200-01-01',2),(175,6,1,'Grandma\'s Boysenberry Spread','Condiments',25,120,0,0,'1900-01-01','2200-01-01',3),(176,8,1,'Northwoods Cranberry Sauce','Condiments',40,6,0,0,'1900-01-01','2200-01-01',3),(177,15,1,'Genen Shouyu','Condiments',15.5,39,0,0,'1900-01-01','2200-01-01',6),(178,44,1,'Gula Malacca','Condiments',19.45,27,0,0,'1900-01-01','2200-01-01',20),(179,61,1,'Sirop d\'rable','Condiments',28.5,113,0,0,'1900-01-01','2200-01-01',29),(180,63,1,'Vegie-spread','Condiments',43.9,24,0,0,'1900-01-01','2200-01-01',7),(181,65,1,'Louisiana Fiery Hot Pepper Sauce','Condiments',21.05,76,0,0,'1900-01-01','2200-01-01',2),(182,66,1,'Louisiana Hot Spiced Okra','Condiments',17,4,100,0,'1900-01-01','2200-01-01',2),(183,77,1,'Original Frankfurter grne Soe','Condiments',13,32,0,0,'1900-01-01','2200-01-01',12),(184,16,1,'Pavlova','Confections',17.45,29,0,0,'1900-01-01','2200-01-01',7),(185,19,1,'Teatime Chocolate Biscuits','Confections',9.2,25,0,0,'1900-01-01','2200-01-01',8),(186,20,1,'Sir Rodney\'s Marmalade','Confections',81,40,0,0,'1900-01-01','2200-01-01',8),(187,21,1,'Sir Rodney\'s Scones','Confections',10,3,40,0,'1900-01-01','2200-01-01',8),(188,25,1,'NuNuCa Nu-Nougat-Creme','Confections',14,76,0,0,'1900-01-01','2200-01-01',11),(189,26,1,'Gumbr Gummibrchen','Confections',31.23,15,0,0,'1900-01-01','2200-01-01',11),(190,27,1,'Schoggi Schokolade','Confections',43.9,49,0,0,'1900-01-01','2200-01-01',11),(191,47,1,'Zaanse koeken','Confections',9.5,36,0,0,'1900-01-01','2200-01-01',22),(192,48,1,'Chocolade','Confections',12.75,15,70,0,'1900-01-01','2200-01-01',22),(193,49,1,'Maxilaku','Confections',20,10,60,0,'1900-01-01','2200-01-01',23),(194,50,1,'Valkoinen suklaa','Confections',16.25,65,0,0,'1900-01-01','2200-01-01',23),(195,62,1,'Tarte au sucre','Confections',49.3,17,0,0,'1900-01-01','2200-01-01',29),(196,68,1,'Scottish Longbreads','Confections',12.5,6,10,0,'1900-01-01','2200-01-01',8),(197,11,1,'Queso Cabrales','Dairy Products',21,22,30,0,'1900-01-01','2200-01-01',5),(198,12,1,'Queso Manchego La Pastora','Dairy Products',38,86,0,0,'1900-01-01','2200-01-01',5),(199,31,1,'Gorgonzola Telino','Dairy Products',12.5,0,70,0,'1900-01-01','2200-01-01',14),(200,32,1,'Mascarpone Fabioli','Dairy Products',32,9,40,0,'1900-01-01','2200-01-01',14),(201,33,1,'Geitost','Dairy Products',2.5,112,0,0,'1900-01-01','2200-01-01',15),(202,59,1,'Raclette Courdavault','Dairy Products',55,79,0,0,'1900-01-01','2200-01-01',28),(203,60,1,'Camembert Pierrot','Dairy Products',34,19,0,0,'1900-01-01','2200-01-01',28),(204,69,1,'Gudbrandsdalsost','Dairy Products',36,26,0,0,'1900-01-01','2200-01-01',15),(205,71,1,'Flotemysost','Dairy Products',21.5,26,0,0,'1900-01-01','2200-01-01',15),(206,72,1,'Mozzarella di Giovanni','Dairy Products',34.8,14,0,0,'1900-01-01','2200-01-01',14),(207,22,1,'Gustaf\'s Knckebrd','Grains/Cereals',21,104,0,0,'1900-01-01','2200-01-01',9),(208,23,1,'Tunnbrd','Grains/Cereals',9,61,0,0,'1900-01-01','2200-01-01',9),(209,42,1,'Singaporean Hokkien Fried Mee','Grains/Cereals',14,26,0,1,'1900-01-01','2200-01-01',20),(210,52,1,'Filo Mix','Grains/Cereals',7,38,0,0,'1900-01-01','2200-01-01',24),(211,56,1,'Gnocchi di nonna Alice','Grains/Cereals',38,21,10,0,'1900-01-01','2200-01-01',26),(212,57,1,'Ravioli Angelo','Grains/Cereals',19.5,36,0,0,'1900-01-01','2200-01-01',26),(213,64,1,'Wimmers gute Semmelkndel','Grains/Cereals',33.25,22,80,0,'1900-01-01','2200-01-01',12),(214,9,1,'Mishi Kobe Niku','Meat/Poultry',97,29,0,1,'1900-01-01','2200-01-01',4),(215,17,1,'Alice Mutton','Meat/Poultry',39,0,0,1,'1900-01-01','2200-01-01',7),(216,29,1,'Thringer Rostbratwurst','Meat/Poultry',123.79,0,0,1,'1900-01-01','2200-01-01',12),(217,53,1,'Perth Pasties','Meat/Poultry',32.8,0,0,1,'1900-01-01','2200-01-01',24),(218,54,1,'Tourtire','Meat/Poultry',7.45,21,0,0,'1900-01-01','2200-01-01',25),(219,55,1,'Pt chinois','Meat/Poultry',24,115,0,0,'1900-01-01','2200-01-01',25),(220,7,1,'Uncle Bob\'s Organic Dried Pears','Produce',30,15,0,0,'1900-01-01','2200-01-01',3),(221,14,1,'Tofu','Produce',23.25,35,0,0,'1900-01-01','2200-01-01',6),(222,28,1,'Rssle Sauerkraut','Produce',45.6,26,0,1,'1900-01-01','2200-01-01',12),(223,51,1,'Manjimup Dried Apples','Produce',53,20,0,0,'1900-01-01','2200-01-01',24),(224,74,1,'Longlife Tofu','Produce',10,4,20,0,'1900-01-01','2200-01-01',4),(225,10,1,'Ikura','Seafood',31,31,0,0,'1900-01-01','2200-01-01',4),(226,13,1,'Konbu','Seafood',6,24,0,0,'1900-01-01','2200-01-01',6),(227,18,1,'Carnarvon Tigers','Seafood',62.5,42,0,0,'1900-01-01','2200-01-01',7),(228,30,1,'Nord-Ost Matjeshering','Seafood',25.89,10,0,0,'1900-01-01','2200-01-01',13),(229,36,1,'Inlagd Sill','Seafood',19,112,0,0,'1900-01-01','2200-01-01',17),(230,37,1,'Gravad lax','Seafood',26,11,50,0,'1900-01-01','2200-01-01',17),(231,40,1,'Boston Crab Meat','Seafood',18.4,123,0,0,'1900-01-01','2200-01-01',19),(232,41,1,'Jack\'s New England Clam Chowder','Seafood',9.65,85,0,0,'1900-01-01','2200-01-01',19),(233,45,1,'Rogede sild','Seafood',9.5,5,70,0,'1900-01-01','2200-01-01',21),(234,46,1,'Spegesild','Seafood',12,95,0,0,'1900-01-01','2200-01-01',21),(235,58,1,'Escargots de Bourgogne','Seafood',13.25,62,0,0,'1900-01-01','2200-01-01',27),(236,73,1,'Rd Kaviar','Seafood',15,101,0,0,'1900-01-01','2200-01-01',17),(237,NULL,1,NULL,NULL,NULL,NULL,NULL,NULL,NULL,NULL,NULL);
/*!40000 ALTER TABLE `products_dim` ENABLE KEYS */;
UNLOCK TABLES;

--
-- Table structure for table `shippers`
--

DROP TABLE IF EXISTS `shippers`;
/*!40101 SET @saved_cs_client     = @@character_set_client */;
/*!50503 SET character_set_client = utf8mb4 */;
CREATE TABLE `shippers` (
  `id` int NOT NULL,
  `CompanyName` varchar(45) DEFAULT NULL,
  PRIMARY KEY (`id`)
) ENGINE=InnoDB DEFAULT CHARSET=latin1;
/*!40101 SET character_set_client = @saved_cs_client */;

--
-- Dumping data for table `shippers`
--

LOCK TABLES `shippers` WRITE;
/*!40000 ALTER TABLE `shippers` DISABLE KEYS */;
/*!40000 ALTER TABLE `shippers` ENABLE KEYS */;
UNLOCK TABLES;

--
-- Table structure for table `location_dim`
--

DROP TABLE IF EXISTS `location_dim`;
/*!40101 SET @saved_cs_client     = @@character_set_client */;
/*!50503 SET character_set_client = utf8mb4 */;
CREATE TABLE `location_dim` (
  `location_sk` int NOT NULL,
  `City` varchar(15) DEFAULT NULL,
  `Country` varchar(15) DEFAULT NULL,
  `version` int DEFAULT NULL,
  `date_from` datetime DEFAULT NULL,
  `date_to` datetime DEFAULT NULL,
  `lat` decimal(10,8) DEFAULT NULL,
  `lng` decimal(11,8) DEFAULT NULL,
  PRIMARY KEY (`location_sk`),
  KEY `idx_location_dim_lookup` (`City`,`Country`)
) ENGINE=InnoDB DEFAULT CHARSET=latin1;
/*!40101 SET character_set_client = @saved_cs_client */;

--
-- Dumping data for table `location_dim`
--

LOCK TABLES `location_dim` WRITE;
/*!40000 ALTER TABLE `location_dim` DISABLE KEYS */;
INSERT INTO `location_dim` VALUES (0,NULL,NULL,1,NULL,NULL,NULL,NULL),(1,'Reims','France',1,'1900-01-01 00:00:00','2200-01-01 00:00:00',NULL,NULL),(2,'Mnster','Germany',1,'1900-01-01 00:00:00','2200-01-01 00:00:00',NULL,NULL),(3,'Rio de Janeiro','Brazil',1,'1900-01-01 00:00:00','2200-01-01 00:00:00',NULL,NULL),(4,'Lyon','France',1,'1900-01-01 00:00:00','2200-01-01 00:00:00',NULL,NULL),(5,'Charleroi','Belgium',1,'1900-01-01 00:00:00','2200-01-01 00:00:00',NULL,NULL),(6,'Bern','Switzerland',1,'1900-01-01 00:00:00','2200-01-01 00:00:00',NULL,NULL),(7,'Genve','Switzerland',1,'1900-01-01 00:00:00','2200-01-01 00:00:00',NULL,NULL),(8,'Resende','Brazil',1,'1900-01-01 00:00:00','2200-01-01 00:00:00',NULL,NULL),(9,'San Cristbal','Venezuela',1,'1900-01-01 00:00:00','2200-01-01 00:00:00',NULL,NULL),(10,'Graz','Austria',1,'1900-01-01 00:00:00','2200-01-01 00:00:00',NULL,NULL),(11,'Mxico D.F.','Mexico',1,'1900-01-01 00:00:00','2200-01-01 00:00:00',NULL,NULL),(12,'Kln','Germany',1,'1900-01-01 00:00:00','2200-01-01 00:00:00',NULL,NULL),(13,'Albuquerque','USA',1,'1900-01-01 00:00:00','2200-01-01 00:00:00',NULL,NULL),(14,'Brcke','Sweden',1,'1900-01-01 00:00:00','2200-01-01 00:00:00',NULL,NULL),(15,'Strasbourg','France',1,'1900-01-01 00:00:00','2200-01-01 00:00:00',NULL,NULL),(16,'Oulu','Finland',1,'1900-01-01 00:00:00','2200-01-01 00:00:00',NULL,NULL),(17,'Mnchen','Germany',1,'1900-01-01 00:00:00','2200-01-01 00:00:00',NULL,NULL),(18,'Caracas','Venezuela',1,'1900-01-01 00:00:00','2200-01-01 00:00:00',NULL,NULL),(19,'Seattle','USA',1,'1900-01-01 00:00:00','2200-01-01 00:00:00',NULL,NULL),(20,'Lander','USA',1,'1900-01-01 00:00:00','2200-01-01 00:00:00',NULL,NULL),(21,'Cunewalde','Germany',1,'1900-01-01 00:00:00','2200-01-01 00:00:00',NULL,NULL),(22,'Bergamo','Italy',1,'1900-01-01 00:00:00','2200-01-01 00:00:00',NULL,NULL),(23,'Leipzig','Germany',1,'1900-01-01 00:00:00','2200-01-01 00:00:00',NULL,NULL),(24,'Lule','Sweden',1,'1900-01-01 00:00:00','2200-01-01 00:00:00',NULL,NULL),(25,'Frankfurt a.M.','Germany',1,'1900-01-01 00:00:00','2200-01-01 00:00:00',NULL,NULL),(26,'Madrid','Spain',1,'1900-01-01 00:00:00','2200-01-01 00:00:00',NULL,NULL),(27,'Barquisimeto','Venezuela',1,'1900-01-01 00:00:00','2200-01-01 00:00:00',NULL,NULL),(28,'Reggio Emilia','Italy',1,'1900-01-01 00:00:00','2200-01-01 00:00:00',NULL,NULL),(29,'London','UK',1,'1900-01-01 00:00:00','2200-01-01 00:00:00',NULL,NULL),(30,'Sao Paulo','Brazil',1,'1900-01-01 00:00:00','2200-01-01 00:00:00',NULL,NULL),(31,'Cork','Ireland',1,'1900-01-01 00:00:00','2200-01-01 00:00:00',NULL,NULL),(32,'Stuttgart','Germany',1,'1900-01-01 00:00:00','2200-01-01 00:00:00',NULL,NULL),(33,'Sevilla','Spain',1,'1900-01-01 00:00:00','2200-01-01 00:00:00',NULL,NULL),(34,'Anchorage','USA',1,'1900-01-01 00:00:00','2200-01-01 00:00:00',NULL,NULL),(35,'Portland','USA',1,'1900-01-01 00:00:00','2200-01-01 00:00:00',NULL,NULL),(36,'Nantes','France',1,'1900-01-01 00:00:00','2200-01-01 00:00:00',NULL,NULL),(37,'Cowes','UK',1,'1900-01-01 00:00:00','2200-01-01 00:00:00',NULL,NULL),(38,'Brandenburg','Germany',1,'1900-01-01 00:00:00','2200-01-01 00:00:00',NULL,NULL),(39,'Boise','USA',1,'1900-01-01 00:00:00','2200-01-01 00:00:00',NULL,NULL),(40,'Lisboa','Portugal',1,'1900-01-01 00:00:00','2200-01-01 00:00:00',NULL,NULL),(41,'Marseille','France',1,'1900-01-01 00:00:00','2200-01-01 00:00:00',NULL,NULL),(42,'Montral','Canada',1,'1900-01-01 00:00:00','2200-01-01 00:00:00',NULL,NULL),(43,'Kobenhavn','Denmark',1,'1900-01-01 00:00:00','2200-01-01 00:00:00',NULL,NULL),(44,'Toulouse','France',1,'1900-01-01 00:00:00','2200-01-01 00:00:00',NULL,NULL),(45,'Salzburg','Austria',1,'1900-01-01 00:00:00','2200-01-01 00:00:00',NULL,NULL),(46,'Colchester','UK',1,'1900-01-01 00:00:00','2200-01-01 00:00:00',NULL,NULL),(47,'Aachen','Germany',1,'1900-01-01 00:00:00','2200-01-01 00:00:00',NULL,NULL),(48,'Barcelona','Spain',1,'1900-01-01 00:00:00','2200-01-01 00:00:00',NULL,NULL),(49,'rhus','Denmark',1,'1900-01-01 00:00:00','2200-01-01 00:00:00',NULL,NULL),(50,'Warszawa','Poland',1,'1900-01-01 00:00:00','2200-01-01 00:00:00',NULL,NULL),(51,'Elgin','USA',1,'1900-01-01 00:00:00','2200-01-01 00:00:00',NULL,NULL),(52,'Stavern','Norway',1,'1900-01-01 00:00:00','2200-01-01 00:00:00',NULL,NULL),(53,'Tsawassen','Canada',1,'1900-01-01 00:00:00','2200-01-01 00:00:00',NULL,NULL),(54,'I. de Margarita','Venezuela',1,'1900-01-01 00:00:00','2200-01-01 00:00:00',NULL,NULL),(55,'Lille','France',1,'1900-01-01 00:00:00','2200-01-01 00:00:00',NULL,NULL),(56,'Buenos Aires','Argentina',1,'1900-01-01 00:00:00','2200-01-01 00:00:00',NULL,NULL),(57,'Torino','Italy',1,'1900-01-01 00:00:00','2200-01-01 00:00:00',NULL,NULL),(58,'Campinas','Brazil',1,'1900-01-01 00:00:00','2200-01-01 00:00:00',NULL,NULL),(59,'Walla Walla','USA',1,'1900-01-01 00:00:00','2200-01-01 00:00:00',NULL,NULL),(60,'Vancouver','Canada',1,'1900-01-01 00:00:00','2200-01-01 00:00:00',NULL,NULL),(61,'Mannheim','Germany',1,'1900-01-01 00:00:00','2200-01-01 00:00:00',NULL,NULL),(62,'Eugene','USA',1,'1900-01-01 00:00:00','2200-01-01 00:00:00',NULL,NULL),(63,'Bruxelles','Belgium',1,'1900-01-01 00:00:00','2200-01-01 00:00:00',NULL,NULL),(64,'Kirkland','USA',1,'1900-01-01 00:00:00','2200-01-01 00:00:00',NULL,NULL),(65,'San Francisco','USA',1,'1900-01-01 00:00:00','2200-01-01 00:00:00',NULL,NULL),(66,'Helsinki','Finland',1,'1900-01-01 00:00:00','2200-01-01 00:00:00',NULL,NULL),(67,'Butte','USA',1,'1900-01-01 00:00:00','2200-01-01 00:00:00',NULL,NULL),(68,'Berlin','Germany',1,'1900-01-01 00:00:00','2200-01-01 00:00:00',NULL,NULL),(69,'Paris','France',1,'1900-01-01 00:00:00','2200-01-01 00:00:00',NULL,NULL),(70,'Versailles','France',1,'1900-01-01 00:00:00','2200-01-01 00:00:00',NULL,NULL);
/*!40000 ALTER TABLE `location_dim` ENABLE KEYS */;
UNLOCK TABLES;
/*!40103 SET TIME_ZONE=@OLD_TIME_ZONE */;

/*!40101 SET SQL_MODE=@OLD_SQL_MODE */;
/*!40014 SET FOREIGN_KEY_CHECKS=@OLD_FOREIGN_KEY_CHECKS */;
/*!40014 SET UNIQUE_CHECKS=@OLD_UNIQUE_CHECKS */;
/*!40101 SET CHARACTER_SET_CLIENT=@OLD_CHARACTER_SET_CLIENT */;
/*!40101 SET CHARACTER_SET_RESULTS=@OLD_CHARACTER_SET_RESULTS */;
/*!40101 SET COLLATION_CONNECTION=@OLD_COLLATION_CONNECTION */;
/*!40111 SET SQL_NOTES=@OLD_SQL_NOTES */;

-- Dump completed on 2023-11-10 10:15:52
