-- MySQL dump 10.13  Distrib 8.0.19, for Win64 (x86_64)
--
-- Host: localhost    Database: northwind_4
-- ------------------------------------------------------
-- Server version	8.0.35

/*!40101 SET @OLD_CHARACTER_SET_CLIENT=@@CHARACTER_SET_CLIENT */;
/*!40101 SET @OLD_CHARACTER_SET_RESULTS=@@CHARACTER_SET_RESULTS */;
/*!40101 SET @OLD_COLLATION_CONNECTION=@@COLLATION_CONNECTION */;
/*!50503 SET NAMES utf8mb4 */;
/*!40103 SET @OLD_TIME_ZONE=@@TIME_ZONE */;
/*!40103 SET TIME_ZONE='+00:00' */;
/*!40014 SET @OLD_UNIQUE_CHECKS=@@UNIQUE_CHECKS, UNIQUE_CHECKS=0 */;
/*!40014 SET @OLD_FOREIGN_KEY_CHECKS=@@FOREIGN_KEY_CHECKS, FOREIGN_KEY_CHECKS=0 */;
/*!40101 SET @OLD_SQL_MODE=@@SQL_MODE, SQL_MODE='NO_AUTO_VALUE_ON_ZERO' */;
/*!40111 SET @OLD_SQL_NOTES=@@SQL_NOTES, SQL_NOTES=0 */;

--
-- Table structure for table `channel_dim`
--

DROP TABLE IF EXISTS `channel_dim`;
/*!40101 SET @saved_cs_client     = @@character_set_client */;
/*!50503 SET character_set_client = utf8mb4 */;
CREATE TABLE `channel_dim` (
  `channel_sk` int NOT NULL AUTO_INCREMENT,
  `channel_name` varchar(100) DEFAULT NULL,
  `channel_description` varchar(100) DEFAULT NULL,
  PRIMARY KEY (`channel_sk`)
) ENGINE=InnoDB AUTO_INCREMENT=5 DEFAULT CHARSET=utf8mb4 COLLATE=utf8mb4_0900_ai_ci;
/*!40101 SET character_set_client = @saved_cs_client */;

--
-- Dumping data for table `channel_dim`
--

LOCK TABLES `channel_dim` WRITE;
/*!40000 ALTER TABLE `channel_dim` DISABLE KEYS */;
INSERT INTO `channel_dim` VALUES (1,'Store','Store'),(2,'Online','Online'),(3,'Catalog','Catalog'),(4,'Reseller','Reseller');
/*!40000 ALTER TABLE `channel_dim` ENABLE KEYS */;
UNLOCK TABLES;

--
-- Table structure for table `customers_dim`
--

DROP TABLE IF EXISTS `customers_dim`;
/*!40101 SET @saved_cs_client     = @@character_set_client */;
/*!50503 SET character_set_client = utf8mb4 */;
CREATE TABLE `customers_dim` (
  `customer_sk` int NOT NULL,
  `version` int DEFAULT NULL,
  `date_from` datetime DEFAULT NULL,
  `date_to` datetime DEFAULT NULL,
  `CustomerID` varchar(5) DEFAULT NULL,
  `Company_Name` varchar(40) DEFAULT NULL,
  `Contact_Name` varchar(30) DEFAULT NULL,
  `Contact_Title` varchar(30) DEFAULT NULL,
  `Address` varchar(60) DEFAULT NULL,
  PRIMARY KEY (`customer_sk`),
  KEY `idx_customers_dim_lookup` (`CustomerID`),
  KEY `idx_customers_dim_tk` (`customer_sk`)
) ENGINE=InnoDB DEFAULT CHARSET=latin1;
/*!40101 SET character_set_client = @saved_cs_client */;

--
-- Dumping data for table `customers_dim`
--

LOCK TABLES `customers_dim` WRITE;
/*!40000 ALTER TABLE `customers_dim` DISABLE KEYS */;
INSERT INTO `customers_dim` VALUES (0,1,NULL,NULL,NULL,NULL,NULL,NULL,NULL),(1,1,'1900-01-01 00:00:00','2200-01-01 00:00:00','ALFKI','Alfreds Futterkiste','Maria Anders','Sales Representative','Obere Str. 57'),(2,1,'1900-01-01 00:00:00','2200-01-01 00:00:00','ANATR','Ana Trujillo Emparedados y helados','Ana Trujillo','Owner','Avda. de la Constitucin 2222'),(3,1,'1900-01-01 00:00:00','2200-01-01 00:00:00','ANTON','Antonio Moreno Taquera','Antonio Moreno','Owner','Mataderos  2312'),(4,1,'1900-01-01 00:00:00','2200-01-01 00:00:00','AROUT','Around the Horn','Thomas Hardy','Sales Representative','120 Hanover Sq.'),(5,1,'1900-01-01 00:00:00','2200-01-01 00:00:00','BERGS','Berglunds snabbkp','Christina Berglund','Order Administrator','Berguvsvgen  8'),(6,1,'1900-01-01 00:00:00','2200-01-01 00:00:00','BLAUS','Blauer See Delikatessen','Hanna Moos','Sales Representative','Forsterstr. 57'),(7,1,'1900-01-01 00:00:00','2200-01-01 00:00:00','BLONP','Blondesddsl pre et fils','Frdrique Citeaux','Marketing Manager','24, place Klber'),(8,1,'1900-01-01 00:00:00','2200-01-01 00:00:00','BOLID','Blido Comidas preparadas','Martn Sommer','Owner','C/ Araquil, 67'),(9,1,'1900-01-01 00:00:00','2200-01-01 00:00:00','BONAP','Bon app\'','Laurence Lebihan','Owner','12, rue des Bouchers'),(10,1,'1900-01-01 00:00:00','2200-01-01 00:00:00','BOTTM','Bottom-Dollar Markets','Elizabeth Lincoln','Accounting Manager','23 Tsawassen Blvd.'),(11,1,'1900-01-01 00:00:00','2200-01-01 00:00:00','BSBEV','B\'s Beverages','Victoria Ashworth','Sales Representative','Fauntleroy Circus'),(12,1,'1900-01-01 00:00:00','2200-01-01 00:00:00','CACTU','Cactus Comidas para llevar','Patricio Simpson','Sales Agent','Cerrito 333'),(13,1,'1900-01-01 00:00:00','2200-01-01 00:00:00','CENTC','Centro comercial Moctezuma','Francisco Chang','Marketing Manager','Sierras de Granada 9993'),(14,1,'1900-01-01 00:00:00','2200-01-01 00:00:00','CHOPS','Chop-suey Chinese','Yang Wang','Owner','Hauptstr. 29'),(15,1,'1900-01-01 00:00:00','2200-01-01 00:00:00','COMMI','Comrcio Mineiro','Pedro Afonso','Sales Associate','Av. dos Lusadas, 23'),(16,1,'1900-01-01 00:00:00','2200-01-01 00:00:00','CONSH','Consolidated Holdings','Elizabeth Brown','Sales Representative','Berkeley Gardens 12  Brewery'),(17,1,'1900-01-01 00:00:00','2200-01-01 00:00:00','DRACD','Drachenblut Delikatessen','Sven Ottlieb','Order Administrator','Walserweg 21'),(18,1,'1900-01-01 00:00:00','2200-01-01 00:00:00','DUMON','Du monde entier','Janine Labrune','Owner','67, rue des Cinquante Otages'),(19,1,'1900-01-01 00:00:00','2200-01-01 00:00:00','EASTC','Eastern Connection','Ann Devon','Sales Agent','35 King George'),(20,1,'1900-01-01 00:00:00','2200-01-01 00:00:00','ERNSH','Ernst Handel','Roland Mendel','Sales Manager','Kirchgasse 6'),(21,1,'1900-01-01 00:00:00','2200-01-01 00:00:00','FAMIA','Familia Arquibaldo','Aria Cruz','Marketing Assistant','Rua Ors, 92'),(22,1,'1900-01-01 00:00:00','2200-01-01 00:00:00','FISSA','FISSA Fabrica Inter. Salchichas S.A.','Diego Roel','Accounting Manager','C/ Moralzarzal, 86'),(23,1,'1900-01-01 00:00:00','2200-01-01 00:00:00','FOLIG','Folies gourmandes','Martine Ranc','Assistant Sales Agent','184, chausse de Tournai'),(24,1,'1900-01-01 00:00:00','2200-01-01 00:00:00','FOLKO','Folk och f HB','Maria Larsson','Owner','kergatan 24'),(25,1,'1900-01-01 00:00:00','2200-01-01 00:00:00','FRANK','Frankenversand','Peter Franken','Marketing Manager','Berliner Platz 43'),(26,1,'1900-01-01 00:00:00','2200-01-01 00:00:00','FRANR','France restauration','Carine Schmitt','Marketing Manager','54, rue Royale'),(27,1,'1900-01-01 00:00:00','2200-01-01 00:00:00','FRANS','Franchi S.p.A.','Paolo Accorti','Sales Representative','Via Monte Bianco 34'),(28,1,'1900-01-01 00:00:00','2200-01-01 00:00:00','FURIB','Furia Bacalhau e Frutos do Mar','Lino Rodriguez','Sales Manager','Jardim das rosas n. 32'),(29,1,'1900-01-01 00:00:00','2200-01-01 00:00:00','GALED','Galera del gastrnomo','Eduardo Saavedra','Marketing Manager','Rambla de Catalua, 23'),(30,1,'1900-01-01 00:00:00','2200-01-01 00:00:00','GODOS','Godos Cocina Tpica','Jos Pedro Freyre','Sales Manager','C/ Romero, 33'),(31,1,'1900-01-01 00:00:00','2200-01-01 00:00:00','GOURL','Gourmet Lanchonetes','Andr Fonseca','Sales Associate','Av. Brasil, 442'),(32,1,'1900-01-01 00:00:00','2200-01-01 00:00:00','GREAL','Great Lakes Food Market','Howard Snyder','Marketing Manager','2732 Baker Blvd.'),(33,1,'1900-01-01 00:00:00','2200-01-01 00:00:00','GROSR','GROSELLA-Restaurante','Manuel Pereira','Owner','5 Ave. Los Palos Grandes'),(34,1,'1900-01-01 00:00:00','2200-01-01 00:00:00','HANAR','Hanari Carnes','Mario Pontes','Accounting Manager','Rua do Pao, 67'),(35,1,'1900-01-01 00:00:00','2200-01-01 00:00:00','HILAA','HILARION-Abastos','Carlos Hernndez','Sales Representative','Carrera 22 con Ave. Carlos Soublette #8-35'),(36,1,'1900-01-01 00:00:00','2200-01-01 00:00:00','HUNGC','Hungry Coyote Import Store','Yoshi Latimer','Sales Representative','City Center Plaza 516 Main St.'),(37,1,'1900-01-01 00:00:00','2200-01-01 00:00:00','HUNGO','Hungry Owl All-Night Grocers','Patricia McKenna','Sales Associate','8 Johnstown Road'),(38,1,'1900-01-01 00:00:00','2200-01-01 00:00:00','ISLAT','Island Trading','Helen Bennett','Marketing Manager','Garden House Crowther Way'),(39,1,'1900-01-01 00:00:00','2200-01-01 00:00:00','KOENE','Kniglich Essen','Philip Cramer','Sales Associate','Maubelstr. 90'),(40,1,'1900-01-01 00:00:00','2200-01-01 00:00:00','LACOR','La corne d\'abondance','Daniel Tonini','Sales Representative','67, avenue de l\'Europe'),(41,1,'1900-01-01 00:00:00','2200-01-01 00:00:00','LAMAI','La maison d\'Asie','Annette Roulet','Sales Manager','1 rue Alsace-Lorraine'),(42,1,'1900-01-01 00:00:00','2200-01-01 00:00:00','LAUGB','Laughing Bacchus Wine Cellars','Yoshi Tannamuri','Marketing Assistant','1900 Oak St.'),(43,1,'1900-01-01 00:00:00','2200-01-01 00:00:00','LAZYK','Lazy K Kountry Store','John Steel','Marketing Manager','12 Orchestra Terrace'),(44,1,'1900-01-01 00:00:00','2200-01-01 00:00:00','LEHMS','Lehmanns Marktstand','Renate Messner','Sales Representative','Magazinweg 7'),(45,1,'1900-01-01 00:00:00','2200-01-01 00:00:00','LETSS','Let\'s Stop N Shop','Jaime Yorres','Owner','87 Polk St. Suite 5'),(46,1,'1900-01-01 00:00:00','2200-01-01 00:00:00','LILAS','LILA-Supermercado','Carlos Gonzlez','Accounting Manager','Carrera 52 con Ave. Bolvar #65-98 Llano Largo'),(47,1,'1900-01-01 00:00:00','2200-01-01 00:00:00','LINOD','LINO-Delicateses','Felipe Izquierdo','Owner','Ave. 5 de Mayo Porlamar'),(48,1,'1900-01-01 00:00:00','2200-01-01 00:00:00','LONEP','Lonesome Pine Restaurant','Fran Wilson','Sales Manager','89 Chiaroscuro Rd.'),(49,1,'1900-01-01 00:00:00','2200-01-01 00:00:00','MAGAA','Magazzini Alimentari Riuniti','Giovanni Rovelli','Marketing Manager','Via Ludovico il Moro 22'),(50,1,'1900-01-01 00:00:00','2200-01-01 00:00:00','MAISD','Maison Dewey','Catherine Dewey','Sales Agent','Rue Joseph-Bens 532'),(51,1,'1900-01-01 00:00:00','2200-01-01 00:00:00','MEREP','Mre Paillarde','Jean Fresnire','Marketing Assistant','43 rue St. Laurent'),(52,1,'1900-01-01 00:00:00','2200-01-01 00:00:00','MORGK','Morgenstern Gesundkost','Alexander Feuer','Marketing Assistant','Heerstr. 22'),(53,1,'1900-01-01 00:00:00','2200-01-01 00:00:00','NORTS','North/South','Simon Crowther','Sales Associate','South House 300 Queensbridge'),(54,1,'1900-01-01 00:00:00','2200-01-01 00:00:00','OCEAN','Ocano Atlntico Ltda.','Yvonne Moncada','Sales Agent','Ing. Gustavo Moncada 8585 Piso 20-A'),(55,1,'1900-01-01 00:00:00','2200-01-01 00:00:00','OLDWO','Old World Delicatessen','Rene Phillips','Sales Representative','2743 Bering St.'),(56,1,'1900-01-01 00:00:00','2200-01-01 00:00:00','OTTIK','Ottilies Kseladen','Henriette Pfalzheim','Owner','Mehrheimerstr. 369'),(57,1,'1900-01-01 00:00:00','2200-01-01 00:00:00','PARIS','Paris spcialits','Marie Bertrand','Owner','265, boulevard Charonne'),(58,1,'1900-01-01 00:00:00','2200-01-01 00:00:00','PERIC','Pericles Comidas clsicas','Guillermo Fernndez','Sales Representative','Calle Dr. Jorge Cash 321'),(59,1,'1900-01-01 00:00:00','2200-01-01 00:00:00','PICCO','Piccolo und mehr','Georg Pipps','Sales Manager','Geislweg 14'),(60,1,'1900-01-01 00:00:00','2200-01-01 00:00:00','PRINI','Princesa Isabel Vinhos','Isabel de Castro','Sales Representative','Estrada da sade n. 58'),(61,1,'1900-01-01 00:00:00','2200-01-01 00:00:00','QUEDE','Que Delcia','Bernardo Batista','Accounting Manager','Rua da Panificadora, 12'),(62,1,'1900-01-01 00:00:00','2200-01-01 00:00:00','QUEEN','Queen Cozinha','Lcia Carvalho','Marketing Assistant','Alameda dos Canrios, 891'),(63,1,'1900-01-01 00:00:00','2200-01-01 00:00:00','QUICK','QUICK-Stop','Horst Kloss','Accounting Manager','Taucherstrae 10'),(64,1,'1900-01-01 00:00:00','2200-01-01 00:00:00','RANCH','Rancho grande','Sergio Gutirrez','Sales Representative','Av. del Libertador 900'),(65,1,'1900-01-01 00:00:00','2200-01-01 00:00:00','RATTC','Rattlesnake Canyon Grocery','Paula Wilson','Assistant Sales Representative','2817 Milton Dr.'),(66,1,'1900-01-01 00:00:00','2200-01-01 00:00:00','REGGC','Reggiani Caseifici','Maurizio Moroni','Sales Associate','Strada Provinciale 124'),(67,1,'1900-01-01 00:00:00','2200-01-01 00:00:00','RICAR','Ricardo Adocicados','Janete Limeira','Assistant Sales Agent','Av. Copacabana, 267'),(68,1,'1900-01-01 00:00:00','2200-01-01 00:00:00','RICSU','Richter Supermarkt','Michael Holz','Sales Manager','Grenzacherweg 237'),(69,1,'1900-01-01 00:00:00','2200-01-01 00:00:00','ROMEY','Romero y tomillo','Alejandra Camino','Accounting Manager','Gran Va, 1'),(70,1,'1900-01-01 00:00:00','2200-01-01 00:00:00','SANTG','Sant Gourmet','Jonas Bergulfsen','Owner','Erling Skakkes gate 78'),(71,1,'1900-01-01 00:00:00','2200-01-01 00:00:00','SAVEA','Save-a-lot Markets','Jose Pavarotti','Sales Representative','187 Suffolk Ln.'),(72,1,'1900-01-01 00:00:00','2200-01-01 00:00:00','SEVES','Seven Seas Imports','Hari Kumar','Sales Manager','90 Wadhurst Rd.'),(73,1,'1900-01-01 00:00:00','2200-01-01 00:00:00','SIMOB','Simons bistro','Jytte Petersen','Owner','Vinbltet 34'),(74,1,'1900-01-01 00:00:00','2200-01-01 00:00:00','SPECD','Spcialits du monde','Dominique Perrier','Marketing Manager','25, rue Lauriston'),(75,1,'1900-01-01 00:00:00','2200-01-01 00:00:00','SPLIR','Split Rail Beer & Ale','Art Braunschweiger','Sales Manager','P.O. Box 555'),(76,1,'1900-01-01 00:00:00','2200-01-01 00:00:00','SUPRD','Suprmes dlices','Pascale Cartrain','Accounting Manager','Boulevard Tirou, 255'),(77,1,'1900-01-01 00:00:00','2200-01-01 00:00:00','THEBI','The Big Cheese','Liz Nixon','Marketing Manager','89 Jefferson Way Suite 2'),(78,1,'1900-01-01 00:00:00','2200-01-01 00:00:00','THECR','The Cracker Box','Liu Wong','Marketing Assistant','55 Grizzly Peak Rd.'),(79,1,'1900-01-01 00:00:00','2200-01-01 00:00:00','TOMSP','Toms Spezialitten','Karin Josephs','Marketing Manager','Luisenstr. 48'),(80,1,'1900-01-01 00:00:00','2200-01-01 00:00:00','TORTU','Tortuga Restaurante','Miguel Angel Paolino','Owner','Avda. Azteca 123'),(81,1,'1900-01-01 00:00:00','2200-01-01 00:00:00','TRADH','Tradio Hipermercados','Anabela Domingues','Sales Representative','Av. Ins de Castro, 414'),(82,1,'1900-01-01 00:00:00','2200-01-01 00:00:00','TRAIH','Trail\'s Head Gourmet Provisioners','Helvetius Nagy','Sales Associate','722 DaVinci Blvd.'),(83,1,'1900-01-01 00:00:00','2200-01-01 00:00:00','VAFFE','Vaffeljernet','Palle Ibsen','Sales Manager','Smagsloget 45'),(84,1,'1900-01-01 00:00:00','2200-01-01 00:00:00','VICTE','Victuailles en stock','Mary Saveley','Sales Agent','2, rue du Commerce'),(85,1,'1900-01-01 00:00:00','2200-01-01 00:00:00','VINET','Vins et alcools Chevalier','Paul Henriot','Accounting Manager','59 rue de l\'Abbaye'),(86,1,'1900-01-01 00:00:00','2200-01-01 00:00:00','WANDK','Die Wandernde Kuh','Rita Mller','Sales Representative','Adenauerallee 900'),(87,1,'1900-01-01 00:00:00','2200-01-01 00:00:00','WARTH','Wartian Herkku','Pirkko Koskitalo','Accounting Manager','Torikatu 38'),(88,1,'1900-01-01 00:00:00','2200-01-01 00:00:00','WELLI','Wellington Importadora','Paula Parente','Sales Manager','Rua do Mercado, 12'),(89,1,'1900-01-01 00:00:00','2200-01-01 00:00:00','WHITC','White Clover Markets','Karl Jablonski','Owner','305 - 14th Ave. S. Suite 3B'),(90,1,'1900-01-01 00:00:00','2200-01-01 00:00:00','WILMK','Wilman Kala','Matti Karttunen','Owner/Marketing Assistant','Keskuskatu 45'),(91,1,'1900-01-01 00:00:00','2200-01-01 00:00:00','WOLZA','Wolski  Zajazd','Zbyszek Piestrzeniewicz','Owner','ul. Filtrowa 68');
/*!40000 ALTER TABLE `customers_dim` ENABLE KEYS */;
UNLOCK TABLES;

--
-- Table structure for table `date_dim`
--

DROP TABLE IF EXISTS `date_dim`;
/*!40101 SET @saved_cs_client     = @@character_set_client */;
/*!50503 SET character_set_client = utf8mb4 */;
CREATE TABLE `date_dim` (
  `date_sk` int NOT NULL AUTO_INCREMENT,
  `date` datetime DEFAULT NULL,
  `year` int DEFAULT NULL,
  `trimestre` int DEFAULT NULL,
  `month` int DEFAULT NULL,
  `day` int DEFAULT NULL,
  `version` int DEFAULT NULL,
  `date_from` datetime DEFAULT NULL,
  `date_to` datetime DEFAULT NULL,
  PRIMARY KEY (`date_sk`)
) ENGINE=InnoDB AUTO_INCREMENT=705 DEFAULT CHARSET=latin1;
/*!40101 SET character_set_client = @saved_cs_client */;

--
-- Dumping data for table `date_dim`
--

LOCK TABLES `date_dim` WRITE;
/*!40000 ALTER TABLE `date_dim` DISABLE KEYS */;
INSERT INTO `date_dim` VALUES (1,NULL,NULL,NULL,NULL,NULL,1,NULL,NULL),(2,'1996-07-01 00:00:00',1996,3,7,1,1,'1900-01-01 00:00:00','2200-01-01 00:00:00'),(3,'1996-07-02 00:00:00',1996,3,7,2,1,'1900-01-01 00:00:00','2200-01-01 00:00:00'),(4,'1996-07-03 00:00:00',1996,3,7,3,1,'1900-01-01 00:00:00','2200-01-01 00:00:00'),(5,'1996-07-04 00:00:00',1996,3,7,4,1,'1900-01-01 00:00:00','2200-01-01 00:00:00'),(6,'1996-07-05 00:00:00',1996,3,7,5,1,'1900-01-01 00:00:00','2200-01-01 00:00:00'),(7,'1996-07-06 00:00:00',1996,3,7,6,1,'1900-01-01 00:00:00','2200-01-01 00:00:00'),(8,'1996-07-07 00:00:00',1996,3,7,7,1,'1900-01-01 00:00:00','2200-01-01 00:00:00'),(9,'1996-07-08 00:00:00',1996,3,7,8,1,'1900-01-01 00:00:00','2200-01-01 00:00:00'),(10,'1996-07-09 00:00:00',1996,3,7,9,1,'1900-01-01 00:00:00','2200-01-01 00:00:00'),(11,'1996-07-10 00:00:00',1996,3,7,10,1,'1900-01-01 00:00:00','2200-01-01 00:00:00'),(12,'1996-07-11 00:00:00',1996,3,7,11,1,'1900-01-01 00:00:00','2200-01-01 00:00:00'),(13,'1996-07-12 00:00:00',1996,3,7,12,1,'1900-01-01 00:00:00','2200-01-01 00:00:00'),(14,'1996-07-13 00:00:00',1996,3,7,13,1,'1900-01-01 00:00:00','2200-01-01 00:00:00'),(15,'1996-07-14 00:00:00',1996,3,7,14,1,'1900-01-01 00:00:00','2200-01-01 00:00:00'),(16,'1996-07-15 00:00:00',1996,3,7,15,1,'1900-01-01 00:00:00','2200-01-01 00:00:00'),(17,'1996-07-16 00:00:00',1996,3,7,16,1,'1900-01-01 00:00:00','2200-01-01 00:00:00'),(18,'1996-07-17 00:00:00',1996,3,7,17,1,'1900-01-01 00:00:00','2200-01-01 00:00:00'),(19,'1996-07-18 00:00:00',1996,3,7,18,1,'1900-01-01 00:00:00','2200-01-01 00:00:00'),(20,'1996-07-19 00:00:00',1996,3,7,19,1,'1900-01-01 00:00:00','2200-01-01 00:00:00'),(21,'1996-07-20 00:00:00',1996,3,7,20,1,'1900-01-01 00:00:00','2200-01-01 00:00:00'),(22,'1996-07-21 00:00:00',1996,3,7,21,1,'1900-01-01 00:00:00','2200-01-01 00:00:00'),(23,'1996-07-22 00:00:00',1996,3,7,22,1,'1900-01-01 00:00:00','2200-01-01 00:00:00'),(24,'1996-07-23 00:00:00',1996,3,7,23,1,'1900-01-01 00:00:00','2200-01-01 00:00:00'),(25,'1996-07-24 00:00:00',1996,3,7,24,1,'1900-01-01 00:00:00','2200-01-01 00:00:00'),(26,'1996-07-25 00:00:00',1996,3,7,25,1,'1900-01-01 00:00:00','2200-01-01 00:00:00'),(27,'1996-07-26 00:00:00',1996,3,7,26,1,'1900-01-01 00:00:00','2200-01-01 00:00:00'),(28,'1996-07-27 00:00:00',1996,3,7,27,1,'1900-01-01 00:00:00','2200-01-01 00:00:00'),(29,'1996-07-28 00:00:00',1996,3,7,28,1,'1900-01-01 00:00:00','2200-01-01 00:00:00'),(30,'1996-07-29 00:00:00',1996,3,7,29,1,'1900-01-01 00:00:00','2200-01-01 00:00:00'),(31,'1996-07-30 00:00:00',1996,3,7,30,1,'1900-01-01 00:00:00','2200-01-01 00:00:00'),(32,'1996-07-31 00:00:00',1996,3,7,31,1,'1900-01-01 00:00:00','2200-01-01 00:00:00'),(33,'1996-08-01 00:00:00',1996,3,8,1,1,'1900-01-01 00:00:00','2200-01-01 00:00:00'),(34,'1996-08-02 00:00:00',1996,3,8,2,1,'1900-01-01 00:00:00','2200-01-01 00:00:00'),(35,'1996-08-03 00:00:00',1996,3,8,3,1,'1900-01-01 00:00:00','2200-01-01 00:00:00'),(36,'1996-08-04 00:00:00',1996,3,8,4,1,'1900-01-01 00:00:00','2200-01-01 00:00:00'),(37,'1996-08-05 00:00:00',1996,3,8,5,1,'1900-01-01 00:00:00','2200-01-01 00:00:00'),(38,'1996-08-06 00:00:00',1996,3,8,6,1,'1900-01-01 00:00:00','2200-01-01 00:00:00'),(39,'1996-08-07 00:00:00',1996,3,8,7,1,'1900-01-01 00:00:00','2200-01-01 00:00:00'),(40,'1996-08-08 00:00:00',1996,3,8,8,1,'1900-01-01 00:00:00','2200-01-01 00:00:00'),(41,'1996-08-09 00:00:00',1996,3,8,9,1,'1900-01-01 00:00:00','2200-01-01 00:00:00'),(42,'1996-08-10 00:00:00',1996,3,8,10,1,'1900-01-01 00:00:00','2200-01-01 00:00:00'),(43,'1996-08-11 00:00:00',1996,3,8,11,1,'1900-01-01 00:00:00','2200-01-01 00:00:00'),(44,'1996-08-12 00:00:00',1996,3,8,12,1,'1900-01-01 00:00:00','2200-01-01 00:00:00'),(45,'1996-08-13 00:00:00',1996,3,8,13,1,'1900-01-01 00:00:00','2200-01-01 00:00:00'),(46,'1996-08-14 00:00:00',1996,3,8,14,1,'1900-01-01 00:00:00','2200-01-01 00:00:00'),(47,'1996-08-15 00:00:00',1996,3,8,15,1,'1900-01-01 00:00:00','2200-01-01 00:00:00'),(48,'1996-08-16 00:00:00',1996,3,8,16,1,'1900-01-01 00:00:00','2200-01-01 00:00:00'),(49,'1996-08-17 00:00:00',1996,3,8,17,1,'1900-01-01 00:00:00','2200-01-01 00:00:00'),(50,'1996-08-18 00:00:00',1996,3,8,18,1,'1900-01-01 00:00:00','2200-01-01 00:00:00'),(51,'1996-08-19 00:00:00',1996,3,8,19,1,'1900-01-01 00:00:00','2200-01-01 00:00:00'),(52,'1996-08-20 00:00:00',1996,3,8,20,1,'1900-01-01 00:00:00','2200-01-01 00:00:00'),(53,'1996-08-21 00:00:00',1996,3,8,21,1,'1900-01-01 00:00:00','2200-01-01 00:00:00'),(54,'1996-08-22 00:00:00',1996,3,8,22,1,'1900-01-01 00:00:00','2200-01-01 00:00:00'),(55,'1996-08-23 00:00:00',1996,3,8,23,1,'1900-01-01 00:00:00','2200-01-01 00:00:00'),(56,'1996-08-24 00:00:00',1996,3,8,24,1,'1900-01-01 00:00:00','2200-01-01 00:00:00'),(57,'1996-08-25 00:00:00',1996,3,8,25,1,'1900-01-01 00:00:00','2200-01-01 00:00:00'),(58,'1996-08-26 00:00:00',1996,3,8,26,1,'1900-01-01 00:00:00','2200-01-01 00:00:00'),(59,'1996-08-27 00:00:00',1996,3,8,27,1,'1900-01-01 00:00:00','2200-01-01 00:00:00'),(60,'1996-08-28 00:00:00',1996,3,8,28,1,'1900-01-01 00:00:00','2200-01-01 00:00:00'),(61,'1996-08-29 00:00:00',1996,3,8,29,1,'1900-01-01 00:00:00','2200-01-01 00:00:00'),(62,'1996-08-30 00:00:00',1996,3,8,30,1,'1900-01-01 00:00:00','2200-01-01 00:00:00'),(63,'1996-08-31 00:00:00',1996,3,8,31,1,'1900-01-01 00:00:00','2200-01-01 00:00:00'),(64,'1996-09-01 00:00:00',1996,3,9,1,1,'1900-01-01 00:00:00','2200-01-01 00:00:00'),(65,'1996-09-02 00:00:00',1996,3,9,2,1,'1900-01-01 00:00:00','2200-01-01 00:00:00'),(66,'1996-09-03 00:00:00',1996,3,9,3,1,'1900-01-01 00:00:00','2200-01-01 00:00:00'),(67,'1996-09-04 00:00:00',1996,3,9,4,1,'1900-01-01 00:00:00','2200-01-01 00:00:00'),(68,'1996-09-05 00:00:00',1996,3,9,5,1,'1900-01-01 00:00:00','2200-01-01 00:00:00'),(69,'1996-09-06 00:00:00',1996,3,9,6,1,'1900-01-01 00:00:00','2200-01-01 00:00:00'),(70,'1996-09-07 00:00:00',1996,3,9,7,1,'1900-01-01 00:00:00','2200-01-01 00:00:00'),(71,'1996-09-08 00:00:00',1996,3,9,8,1,'1900-01-01 00:00:00','2200-01-01 00:00:00'),(72,'1996-09-09 00:00:00',1996,3,9,9,1,'1900-01-01 00:00:00','2200-01-01 00:00:00'),(73,'1996-09-10 00:00:00',1996,3,9,10,1,'1900-01-01 00:00:00','2200-01-01 00:00:00'),(74,'1996-09-11 00:00:00',1996,3,9,11,1,'1900-01-01 00:00:00','2200-01-01 00:00:00'),(75,'1996-09-12 00:00:00',1996,3,9,12,1,'1900-01-01 00:00:00','2200-01-01 00:00:00'),(76,'1996-09-13 00:00:00',1996,3,9,13,1,'1900-01-01 00:00:00','2200-01-01 00:00:00'),(77,'1996-09-14 00:00:00',1996,3,9,14,1,'1900-01-01 00:00:00','2200-01-01 00:00:00'),(78,'1996-09-15 00:00:00',1996,3,9,15,1,'1900-01-01 00:00:00','2200-01-01 00:00:00'),(79,'1996-09-16 00:00:00',1996,3,9,16,1,'1900-01-01 00:00:00','2200-01-01 00:00:00'),(80,'1996-09-17 00:00:00',1996,3,9,17,1,'1900-01-01 00:00:00','2200-01-01 00:00:00'),(81,'1996-09-18 00:00:00',1996,3,9,18,1,'1900-01-01 00:00:00','2200-01-01 00:00:00'),(82,'1996-09-19 00:00:00',1996,3,9,19,1,'1900-01-01 00:00:00','2200-01-01 00:00:00'),(83,'1996-09-20 00:00:00',1996,3,9,20,1,'1900-01-01 00:00:00','2200-01-01 00:00:00'),(84,'1996-09-21 00:00:00',1996,3,9,21,1,'1900-01-01 00:00:00','2200-01-01 00:00:00'),(85,'1996-09-22 00:00:00',1996,3,9,22,1,'1900-01-01 00:00:00','2200-01-01 00:00:00'),(86,'1996-09-23 00:00:00',1996,3,9,23,1,'1900-01-01 00:00:00','2200-01-01 00:00:00'),(87,'1996-09-24 00:00:00',1996,3,9,24,1,'1900-01-01 00:00:00','2200-01-01 00:00:00'),(88,'1996-09-25 00:00:00',1996,3,9,25,1,'1900-01-01 00:00:00','2200-01-01 00:00:00'),(89,'1996-09-26 00:00:00',1996,3,9,26,1,'1900-01-01 00:00:00','2200-01-01 00:00:00'),(90,'1996-09-27 00:00:00',1996,3,9,27,1,'1900-01-01 00:00:00','2200-01-01 00:00:00'),(91,'1996-09-28 00:00:00',1996,3,9,28,1,'1900-01-01 00:00:00','2200-01-01 00:00:00'),(92,'1996-09-29 00:00:00',1996,3,9,29,1,'1900-01-01 00:00:00','2200-01-01 00:00:00'),(93,'1996-09-30 00:00:00',1996,3,9,30,1,'1900-01-01 00:00:00','2200-01-01 00:00:00'),(94,'1996-10-01 00:00:00',1996,4,10,1,1,'1900-01-01 00:00:00','2200-01-01 00:00:00'),(95,'1996-10-02 00:00:00',1996,4,10,2,1,'1900-01-01 00:00:00','2200-01-01 00:00:00'),(96,'1996-10-03 00:00:00',1996,4,10,3,1,'1900-01-01 00:00:00','2200-01-01 00:00:00'),(97,'1996-10-04 00:00:00',1996,4,10,4,1,'1900-01-01 00:00:00','2200-01-01 00:00:00'),(98,'1996-10-05 00:00:00',1996,4,10,5,1,'1900-01-01 00:00:00','2200-01-01 00:00:00'),(99,'1996-10-06 00:00:00',1996,4,10,6,1,'1900-01-01 00:00:00','2200-01-01 00:00:00'),(100,'1996-10-07 00:00:00',1996,4,10,7,1,'1900-01-01 00:00:00','2200-01-01 00:00:00'),(101,'1996-10-08 00:00:00',1996,4,10,8,1,'1900-01-01 00:00:00','2200-01-01 00:00:00'),(102,'1996-10-09 00:00:00',1996,4,10,9,1,'1900-01-01 00:00:00','2200-01-01 00:00:00'),(103,'1996-10-10 00:00:00',1996,4,10,10,1,'1900-01-01 00:00:00','2200-01-01 00:00:00'),(104,'1996-10-11 00:00:00',1996,4,10,11,1,'1900-01-01 00:00:00','2200-01-01 00:00:00'),(105,'1996-10-12 00:00:00',1996,4,10,12,1,'1900-01-01 00:00:00','2200-01-01 00:00:00'),(106,'1996-10-13 00:00:00',1996,4,10,13,1,'1900-01-01 00:00:00','2200-01-01 00:00:00'),(107,'1996-10-14 00:00:00',1996,4,10,14,1,'1900-01-01 00:00:00','2200-01-01 00:00:00'),(108,'1996-10-15 00:00:00',1996,4,10,15,1,'1900-01-01 00:00:00','2200-01-01 00:00:00'),(109,'1996-10-16 00:00:00',1996,4,10,16,1,'1900-01-01 00:00:00','2200-01-01 00:00:00'),(110,'1996-10-17 00:00:00',1996,4,10,17,1,'1900-01-01 00:00:00','2200-01-01 00:00:00'),(111,'1996-10-18 00:00:00',1996,4,10,18,1,'1900-01-01 00:00:00','2200-01-01 00:00:00'),(112,'1996-10-19 00:00:00',1996,4,10,19,1,'1900-01-01 00:00:00','2200-01-01 00:00:00'),(113,'1996-10-20 00:00:00',1996,4,10,20,1,'1900-01-01 00:00:00','2200-01-01 00:00:00'),(114,'1996-10-21 00:00:00',1996,4,10,21,1,'1900-01-01 00:00:00','2200-01-01 00:00:00'),(115,'1996-10-22 00:00:00',1996,4,10,22,1,'1900-01-01 00:00:00','2200-01-01 00:00:00'),(116,'1996-10-23 00:00:00',1996,4,10,23,1,'1900-01-01 00:00:00','2200-01-01 00:00:00'),(117,'1996-10-24 00:00:00',1996,4,10,24,1,'1900-01-01 00:00:00','2200-01-01 00:00:00'),(118,'1996-10-25 00:00:00',1996,4,10,25,1,'1900-01-01 00:00:00','2200-01-01 00:00:00'),(119,'1996-10-26 00:00:00',1996,4,10,26,1,'1900-01-01 00:00:00','2200-01-01 00:00:00'),(120,'1996-10-27 00:00:00',1996,4,10,27,1,'1900-01-01 00:00:00','2200-01-01 00:00:00'),(121,'1996-10-28 00:00:00',1996,4,10,28,1,'1900-01-01 00:00:00','2200-01-01 00:00:00'),(122,'1996-10-29 00:00:00',1996,4,10,29,1,'1900-01-01 00:00:00','2200-01-01 00:00:00'),(123,'1996-10-30 00:00:00',1996,4,10,30,1,'1900-01-01 00:00:00','2200-01-01 00:00:00'),(124,'1996-10-31 00:00:00',1996,4,10,31,1,'1900-01-01 00:00:00','2200-01-01 00:00:00'),(125,'1996-11-01 00:00:00',1996,4,11,1,1,'1900-01-01 00:00:00','2200-01-01 00:00:00'),(126,'1996-11-02 00:00:00',1996,4,11,2,1,'1900-01-01 00:00:00','2200-01-01 00:00:00'),(127,'1996-11-03 00:00:00',1996,4,11,3,1,'1900-01-01 00:00:00','2200-01-01 00:00:00'),(128,'1996-11-04 00:00:00',1996,4,11,4,1,'1900-01-01 00:00:00','2200-01-01 00:00:00'),(129,'1996-11-05 00:00:00',1996,4,11,5,1,'1900-01-01 00:00:00','2200-01-01 00:00:00'),(130,'1996-11-06 00:00:00',1996,4,11,6,1,'1900-01-01 00:00:00','2200-01-01 00:00:00'),(131,'1996-11-07 00:00:00',1996,4,11,7,1,'1900-01-01 00:00:00','2200-01-01 00:00:00'),(132,'1996-11-08 00:00:00',1996,4,11,8,1,'1900-01-01 00:00:00','2200-01-01 00:00:00'),(133,'1996-11-09 00:00:00',1996,4,11,9,1,'1900-01-01 00:00:00','2200-01-01 00:00:00'),(134,'1996-11-10 00:00:00',1996,4,11,10,1,'1900-01-01 00:00:00','2200-01-01 00:00:00'),(135,'1996-11-11 00:00:00',1996,4,11,11,1,'1900-01-01 00:00:00','2200-01-01 00:00:00'),(136,'1996-11-12 00:00:00',1996,4,11,12,1,'1900-01-01 00:00:00','2200-01-01 00:00:00'),(137,'1996-11-13 00:00:00',1996,4,11,13,1,'1900-01-01 00:00:00','2200-01-01 00:00:00'),(138,'1996-11-14 00:00:00',1996,4,11,14,1,'1900-01-01 00:00:00','2200-01-01 00:00:00'),(139,'1996-11-15 00:00:00',1996,4,11,15,1,'1900-01-01 00:00:00','2200-01-01 00:00:00'),(140,'1996-11-16 00:00:00',1996,4,11,16,1,'1900-01-01 00:00:00','2200-01-01 00:00:00'),(141,'1996-11-17 00:00:00',1996,4,11,17,1,'1900-01-01 00:00:00','2200-01-01 00:00:00'),(142,'1996-11-18 00:00:00',1996,4,11,18,1,'1900-01-01 00:00:00','2200-01-01 00:00:00'),(143,'1996-11-19 00:00:00',1996,4,11,19,1,'1900-01-01 00:00:00','2200-01-01 00:00:00'),(144,'1996-11-20 00:00:00',1996,4,11,20,1,'1900-01-01 00:00:00','2200-01-01 00:00:00'),(145,'1996-11-21 00:00:00',1996,4,11,21,1,'1900-01-01 00:00:00','2200-01-01 00:00:00'),(146,'1996-11-22 00:00:00',1996,4,11,22,1,'1900-01-01 00:00:00','2200-01-01 00:00:00'),(147,'1996-11-23 00:00:00',1996,4,11,23,1,'1900-01-01 00:00:00','2200-01-01 00:00:00'),(148,'1996-11-24 00:00:00',1996,4,11,24,1,'1900-01-01 00:00:00','2200-01-01 00:00:00'),(149,'1996-11-25 00:00:00',1996,4,11,25,1,'1900-01-01 00:00:00','2200-01-01 00:00:00'),(150,'1996-11-26 00:00:00',1996,4,11,26,1,'1900-01-01 00:00:00','2200-01-01 00:00:00'),(151,'1996-11-27 00:00:00',1996,4,11,27,1,'1900-01-01 00:00:00','2200-01-01 00:00:00'),(152,'1996-11-28 00:00:00',1996,4,11,28,1,'1900-01-01 00:00:00','2200-01-01 00:00:00'),(153,'1996-11-29 00:00:00',1996,4,11,29,1,'1900-01-01 00:00:00','2200-01-01 00:00:00'),(154,'1996-11-30 00:00:00',1996,4,11,30,1,'1900-01-01 00:00:00','2200-01-01 00:00:00'),(155,'1996-12-01 00:00:00',1996,4,12,1,1,'1900-01-01 00:00:00','2200-01-01 00:00:00'),(156,'1996-12-02 00:00:00',1996,4,12,2,1,'1900-01-01 00:00:00','2200-01-01 00:00:00'),(157,'1996-12-03 00:00:00',1996,4,12,3,1,'1900-01-01 00:00:00','2200-01-01 00:00:00'),(158,'1996-12-04 00:00:00',1996,4,12,4,1,'1900-01-01 00:00:00','2200-01-01 00:00:00'),(159,'1996-12-05 00:00:00',1996,4,12,5,1,'1900-01-01 00:00:00','2200-01-01 00:00:00'),(160,'1996-12-06 00:00:00',1996,4,12,6,1,'1900-01-01 00:00:00','2200-01-01 00:00:00'),(161,'1996-12-07 00:00:00',1996,4,12,7,1,'1900-01-01 00:00:00','2200-01-01 00:00:00'),(162,'1996-12-08 00:00:00',1996,4,12,8,1,'1900-01-01 00:00:00','2200-01-01 00:00:00'),(163,'1996-12-09 00:00:00',1996,4,12,9,1,'1900-01-01 00:00:00','2200-01-01 00:00:00'),(164,'1996-12-10 00:00:00',1996,4,12,10,1,'1900-01-01 00:00:00','2200-01-01 00:00:00'),(165,'1996-12-11 00:00:00',1996,4,12,11,1,'1900-01-01 00:00:00','2200-01-01 00:00:00'),(166,'1996-12-12 00:00:00',1996,4,12,12,1,'1900-01-01 00:00:00','2200-01-01 00:00:00'),(167,'1996-12-13 00:00:00',1996,4,12,13,1,'1900-01-01 00:00:00','2200-01-01 00:00:00'),(168,'1996-12-14 00:00:00',1996,4,12,14,1,'1900-01-01 00:00:00','2200-01-01 00:00:00'),(169,'1996-12-15 00:00:00',1996,4,12,15,1,'1900-01-01 00:00:00','2200-01-01 00:00:00'),(170,'1996-12-16 00:00:00',1996,4,12,16,1,'1900-01-01 00:00:00','2200-01-01 00:00:00'),(171,'1996-12-17 00:00:00',1996,4,12,17,1,'1900-01-01 00:00:00','2200-01-01 00:00:00'),(172,'1996-12-18 00:00:00',1996,4,12,18,1,'1900-01-01 00:00:00','2200-01-01 00:00:00'),(173,'1996-12-19 00:00:00',1996,4,12,19,1,'1900-01-01 00:00:00','2200-01-01 00:00:00'),(174,'1996-12-20 00:00:00',1996,4,12,20,1,'1900-01-01 00:00:00','2200-01-01 00:00:00'),(175,'1996-12-21 00:00:00',1996,4,12,21,1,'1900-01-01 00:00:00','2200-01-01 00:00:00'),(176,'1996-12-22 00:00:00',1996,4,12,22,1,'1900-01-01 00:00:00','2200-01-01 00:00:00'),(177,'1996-12-23 00:00:00',1996,4,12,23,1,'1900-01-01 00:00:00','2200-01-01 00:00:00'),(178,'1996-12-24 00:00:00',1996,4,12,24,1,'1900-01-01 00:00:00','2200-01-01 00:00:00'),(179,'1996-12-25 00:00:00',1996,4,12,25,1,'1900-01-01 00:00:00','2200-01-01 00:00:00'),(180,'1996-12-26 00:00:00',1996,4,12,26,1,'1900-01-01 00:00:00','2200-01-01 00:00:00'),(181,'1996-12-27 00:00:00',1996,4,12,27,1,'1900-01-01 00:00:00','2200-01-01 00:00:00'),(182,'1996-12-28 00:00:00',1996,4,12,28,1,'1900-01-01 00:00:00','2200-01-01 00:00:00'),(183,'1996-12-29 00:00:00',1996,4,12,29,1,'1900-01-01 00:00:00','2200-01-01 00:00:00'),(184,'1996-12-30 00:00:00',1996,4,12,30,1,'1900-01-01 00:00:00','2200-01-01 00:00:00'),(185,'1996-12-31 00:00:00',1996,4,12,31,1,'1900-01-01 00:00:00','2200-01-01 00:00:00'),(186,'1997-01-01 00:00:00',1997,1,1,1,1,'1900-01-01 00:00:00','2200-01-01 00:00:00'),(187,'1997-01-02 00:00:00',1997,1,1,2,1,'1900-01-01 00:00:00','2200-01-01 00:00:00'),(188,'1997-01-03 00:00:00',1997,1,1,3,1,'1900-01-01 00:00:00','2200-01-01 00:00:00'),(189,'1997-01-04 00:00:00',1997,1,1,4,1,'1900-01-01 00:00:00','2200-01-01 00:00:00'),(190,'1997-01-05 00:00:00',1997,1,1,5,1,'1900-01-01 00:00:00','2200-01-01 00:00:00'),(191,'1997-01-06 00:00:00',1997,1,1,6,1,'1900-01-01 00:00:00','2200-01-01 00:00:00'),(192,'1997-01-07 00:00:00',1997,1,1,7,1,'1900-01-01 00:00:00','2200-01-01 00:00:00'),(193,'1997-01-08 00:00:00',1997,1,1,8,1,'1900-01-01 00:00:00','2200-01-01 00:00:00'),(194,'1997-01-09 00:00:00',1997,1,1,9,1,'1900-01-01 00:00:00','2200-01-01 00:00:00'),(195,'1997-01-10 00:00:00',1997,1,1,10,1,'1900-01-01 00:00:00','2200-01-01 00:00:00'),(196,'1997-01-11 00:00:00',1997,1,1,11,1,'1900-01-01 00:00:00','2200-01-01 00:00:00'),(197,'1997-01-12 00:00:00',1997,1,1,12,1,'1900-01-01 00:00:00','2200-01-01 00:00:00'),(198,'1997-01-13 00:00:00',1997,1,1,13,1,'1900-01-01 00:00:00','2200-01-01 00:00:00'),(199,'1997-01-14 00:00:00',1997,1,1,14,1,'1900-01-01 00:00:00','2200-01-01 00:00:00'),(200,'1997-01-15 00:00:00',1997,1,1,15,1,'1900-01-01 00:00:00','2200-01-01 00:00:00'),(201,'1997-01-16 00:00:00',1997,1,1,16,1,'1900-01-01 00:00:00','2200-01-01 00:00:00'),(202,'1997-01-17 00:00:00',1997,1,1,17,1,'1900-01-01 00:00:00','2200-01-01 00:00:00'),(203,'1997-01-18 00:00:00',1997,1,1,18,1,'1900-01-01 00:00:00','2200-01-01 00:00:00'),(204,'1997-01-19 00:00:00',1997,1,1,19,1,'1900-01-01 00:00:00','2200-01-01 00:00:00'),(205,'1997-01-20 00:00:00',1997,1,1,20,1,'1900-01-01 00:00:00','2200-01-01 00:00:00'),(206,'1997-01-21 00:00:00',1997,1,1,21,1,'1900-01-01 00:00:00','2200-01-01 00:00:00'),(207,'1997-01-22 00:00:00',1997,1,1,22,1,'1900-01-01 00:00:00','2200-01-01 00:00:00'),(208,'1997-01-23 00:00:00',1997,1,1,23,1,'1900-01-01 00:00:00','2200-01-01 00:00:00'),(209,'1997-01-24 00:00:00',1997,1,1,24,1,'1900-01-01 00:00:00','2200-01-01 00:00:00'),(210,'1997-01-25 00:00:00',1997,1,1,25,1,'1900-01-01 00:00:00','2200-01-01 00:00:00'),(211,'1997-01-26 00:00:00',1997,1,1,26,1,'1900-01-01 00:00:00','2200-01-01 00:00:00'),(212,'1997-01-27 00:00:00',1997,1,1,27,1,'1900-01-01 00:00:00','2200-01-01 00:00:00'),(213,'1997-01-28 00:00:00',1997,1,1,28,1,'1900-01-01 00:00:00','2200-01-01 00:00:00'),(214,'1997-01-29 00:00:00',1997,1,1,29,1,'1900-01-01 00:00:00','2200-01-01 00:00:00'),(215,'1997-01-30 00:00:00',1997,1,1,30,1,'1900-01-01 00:00:00','2200-01-01 00:00:00'),(216,'1997-01-31 00:00:00',1997,1,1,31,1,'1900-01-01 00:00:00','2200-01-01 00:00:00'),(217,'1997-02-01 00:00:00',1997,1,2,1,1,'1900-01-01 00:00:00','2200-01-01 00:00:00'),(218,'1997-02-02 00:00:00',1997,1,2,2,1,'1900-01-01 00:00:00','2200-01-01 00:00:00'),(219,'1997-02-03 00:00:00',1997,1,2,3,1,'1900-01-01 00:00:00','2200-01-01 00:00:00'),(220,'1997-02-04 00:00:00',1997,1,2,4,1,'1900-01-01 00:00:00','2200-01-01 00:00:00'),(221,'1997-02-05 00:00:00',1997,1,2,5,1,'1900-01-01 00:00:00','2200-01-01 00:00:00'),(222,'1997-02-06 00:00:00',1997,1,2,6,1,'1900-01-01 00:00:00','2200-01-01 00:00:00'),(223,'1997-02-07 00:00:00',1997,1,2,7,1,'1900-01-01 00:00:00','2200-01-01 00:00:00'),(224,'1997-02-08 00:00:00',1997,1,2,8,1,'1900-01-01 00:00:00','2200-01-01 00:00:00'),(225,'1997-02-09 00:00:00',1997,1,2,9,1,'1900-01-01 00:00:00','2200-01-01 00:00:00'),(226,'1997-02-10 00:00:00',1997,1,2,10,1,'1900-01-01 00:00:00','2200-01-01 00:00:00'),(227,'1997-02-11 00:00:00',1997,1,2,11,1,'1900-01-01 00:00:00','2200-01-01 00:00:00'),(228,'1997-02-12 00:00:00',1997,1,2,12,1,'1900-01-01 00:00:00','2200-01-01 00:00:00'),(229,'1997-02-13 00:00:00',1997,1,2,13,1,'1900-01-01 00:00:00','2200-01-01 00:00:00'),(230,'1997-02-14 00:00:00',1997,1,2,14,1,'1900-01-01 00:00:00','2200-01-01 00:00:00'),(231,'1997-02-15 00:00:00',1997,1,2,15,1,'1900-01-01 00:00:00','2200-01-01 00:00:00'),(232,'1997-02-16 00:00:00',1997,1,2,16,1,'1900-01-01 00:00:00','2200-01-01 00:00:00'),(233,'1997-02-17 00:00:00',1997,1,2,17,1,'1900-01-01 00:00:00','2200-01-01 00:00:00'),(234,'1997-02-18 00:00:00',1997,1,2,18,1,'1900-01-01 00:00:00','2200-01-01 00:00:00'),(235,'1997-02-19 00:00:00',1997,1,2,19,1,'1900-01-01 00:00:00','2200-01-01 00:00:00'),(236,'1997-02-20 00:00:00',1997,1,2,20,1,'1900-01-01 00:00:00','2200-01-01 00:00:00'),(237,'1997-02-21 00:00:00',1997,1,2,21,1,'1900-01-01 00:00:00','2200-01-01 00:00:00'),(238,'1997-02-22 00:00:00',1997,1,2,22,1,'1900-01-01 00:00:00','2200-01-01 00:00:00'),(239,'1997-02-23 00:00:00',1997,1,2,23,1,'1900-01-01 00:00:00','2200-01-01 00:00:00'),(240,'1997-02-24 00:00:00',1997,1,2,24,1,'1900-01-01 00:00:00','2200-01-01 00:00:00'),(241,'1997-02-25 00:00:00',1997,1,2,25,1,'1900-01-01 00:00:00','2200-01-01 00:00:00'),(242,'1997-02-26 00:00:00',1997,1,2,26,1,'1900-01-01 00:00:00','2200-01-01 00:00:00'),(243,'1997-02-27 00:00:00',1997,1,2,27,1,'1900-01-01 00:00:00','2200-01-01 00:00:00'),(244,'1997-02-28 00:00:00',1997,1,2,28,1,'1900-01-01 00:00:00','2200-01-01 00:00:00'),(245,'1997-03-01 00:00:00',1997,1,3,1,1,'1900-01-01 00:00:00','2200-01-01 00:00:00'),(246,'1997-03-02 00:00:00',1997,1,3,2,1,'1900-01-01 00:00:00','2200-01-01 00:00:00'),(247,'1997-03-03 00:00:00',1997,1,3,3,1,'1900-01-01 00:00:00','2200-01-01 00:00:00'),(248,'1997-03-04 00:00:00',1997,1,3,4,1,'1900-01-01 00:00:00','2200-01-01 00:00:00'),(249,'1997-03-05 00:00:00',1997,1,3,5,1,'1900-01-01 00:00:00','2200-01-01 00:00:00'),(250,'1997-03-06 00:00:00',1997,1,3,6,1,'1900-01-01 00:00:00','2200-01-01 00:00:00'),(251,'1997-03-07 00:00:00',1997,1,3,7,1,'1900-01-01 00:00:00','2200-01-01 00:00:00'),(252,'1997-03-08 00:00:00',1997,1,3,8,1,'1900-01-01 00:00:00','2200-01-01 00:00:00'),(253,'1997-03-09 00:00:00',1997,1,3,9,1,'1900-01-01 00:00:00','2200-01-01 00:00:00'),(254,'1997-03-10 00:00:00',1997,1,3,10,1,'1900-01-01 00:00:00','2200-01-01 00:00:00'),(255,'1997-03-11 00:00:00',1997,1,3,11,1,'1900-01-01 00:00:00','2200-01-01 00:00:00'),(256,'1997-03-12 00:00:00',1997,1,3,12,1,'1900-01-01 00:00:00','2200-01-01 00:00:00'),(257,'1997-03-13 00:00:00',1997,1,3,13,1,'1900-01-01 00:00:00','2200-01-01 00:00:00'),(258,'1997-03-14 00:00:00',1997,1,3,14,1,'1900-01-01 00:00:00','2200-01-01 00:00:00'),(259,'1997-03-15 00:00:00',1997,1,3,15,1,'1900-01-01 00:00:00','2200-01-01 00:00:00'),(260,'1997-03-16 00:00:00',1997,1,3,16,1,'1900-01-01 00:00:00','2200-01-01 00:00:00'),(261,'1997-03-17 00:00:00',1997,1,3,17,1,'1900-01-01 00:00:00','2200-01-01 00:00:00'),(262,'1997-03-18 00:00:00',1997,1,3,18,1,'1900-01-01 00:00:00','2200-01-01 00:00:00'),(263,'1997-03-19 00:00:00',1997,1,3,19,1,'1900-01-01 00:00:00','2200-01-01 00:00:00'),(264,'1997-03-20 00:00:00',1997,1,3,20,1,'1900-01-01 00:00:00','2200-01-01 00:00:00'),(265,'1997-03-21 00:00:00',1997,1,3,21,1,'1900-01-01 00:00:00','2200-01-01 00:00:00'),(266,'1997-03-22 00:00:00',1997,1,3,22,1,'1900-01-01 00:00:00','2200-01-01 00:00:00'),(267,'1997-03-23 00:00:00',1997,1,3,23,1,'1900-01-01 00:00:00','2200-01-01 00:00:00'),(268,'1997-03-24 00:00:00',1997,1,3,24,1,'1900-01-01 00:00:00','2200-01-01 00:00:00'),(269,'1997-03-25 00:00:00',1997,1,3,25,1,'1900-01-01 00:00:00','2200-01-01 00:00:00'),(270,'1997-03-26 00:00:00',1997,1,3,26,1,'1900-01-01 00:00:00','2200-01-01 00:00:00'),(271,'1997-03-27 00:00:00',1997,1,3,27,1,'1900-01-01 00:00:00','2200-01-01 00:00:00'),(272,'1997-03-28 00:00:00',1997,1,3,28,1,'1900-01-01 00:00:00','2200-01-01 00:00:00'),(273,'1997-03-29 00:00:00',1997,1,3,29,1,'1900-01-01 00:00:00','2200-01-01 00:00:00'),(274,'1997-03-30 00:00:00',1997,1,3,30,1,'1900-01-01 00:00:00','2200-01-01 00:00:00'),(275,'1997-03-31 00:00:00',1997,1,3,31,1,'1900-01-01 00:00:00','2200-01-01 00:00:00'),(276,'1997-04-01 00:00:00',1997,2,4,1,1,'1900-01-01 00:00:00','2200-01-01 00:00:00'),(277,'1997-04-02 00:00:00',1997,2,4,2,1,'1900-01-01 00:00:00','2200-01-01 00:00:00'),(278,'1997-04-03 00:00:00',1997,2,4,3,1,'1900-01-01 00:00:00','2200-01-01 00:00:00'),(279,'1997-04-04 00:00:00',1997,2,4,4,1,'1900-01-01 00:00:00','2200-01-01 00:00:00'),(280,'1997-04-05 00:00:00',1997,2,4,5,1,'1900-01-01 00:00:00','2200-01-01 00:00:00'),(281,'1997-04-06 00:00:00',1997,2,4,6,1,'1900-01-01 00:00:00','2200-01-01 00:00:00'),(282,'1997-04-07 00:00:00',1997,2,4,7,1,'1900-01-01 00:00:00','2200-01-01 00:00:00'),(283,'1997-04-08 00:00:00',1997,2,4,8,1,'1900-01-01 00:00:00','2200-01-01 00:00:00'),(284,'1997-04-09 00:00:00',1997,2,4,9,1,'1900-01-01 00:00:00','2200-01-01 00:00:00'),(285,'1997-04-10 00:00:00',1997,2,4,10,1,'1900-01-01 00:00:00','2200-01-01 00:00:00'),(286,'1997-04-11 00:00:00',1997,2,4,11,1,'1900-01-01 00:00:00','2200-01-01 00:00:00'),(287,'1997-04-12 00:00:00',1997,2,4,12,1,'1900-01-01 00:00:00','2200-01-01 00:00:00'),(288,'1997-04-13 00:00:00',1997,2,4,13,1,'1900-01-01 00:00:00','2200-01-01 00:00:00'),(289,'1997-04-14 00:00:00',1997,2,4,14,1,'1900-01-01 00:00:00','2200-01-01 00:00:00'),(290,'1997-04-15 00:00:00',1997,2,4,15,1,'1900-01-01 00:00:00','2200-01-01 00:00:00'),(291,'1997-04-16 00:00:00',1997,2,4,16,1,'1900-01-01 00:00:00','2200-01-01 00:00:00'),(292,'1997-04-17 00:00:00',1997,2,4,17,1,'1900-01-01 00:00:00','2200-01-01 00:00:00'),(293,'1997-04-18 00:00:00',1997,2,4,18,1,'1900-01-01 00:00:00','2200-01-01 00:00:00'),(294,'1997-04-19 00:00:00',1997,2,4,19,1,'1900-01-01 00:00:00','2200-01-01 00:00:00'),(295,'1997-04-20 00:00:00',1997,2,4,20,1,'1900-01-01 00:00:00','2200-01-01 00:00:00'),(296,'1997-04-21 00:00:00',1997,2,4,21,1,'1900-01-01 00:00:00','2200-01-01 00:00:00'),(297,'1997-04-22 00:00:00',1997,2,4,22,1,'1900-01-01 00:00:00','2200-01-01 00:00:00'),(298,'1997-04-23 00:00:00',1997,2,4,23,1,'1900-01-01 00:00:00','2200-01-01 00:00:00'),(299,'1997-04-24 00:00:00',1997,2,4,24,1,'1900-01-01 00:00:00','2200-01-01 00:00:00'),(300,'1997-04-25 00:00:00',1997,2,4,25,1,'1900-01-01 00:00:00','2200-01-01 00:00:00'),(301,'1997-04-26 00:00:00',1997,2,4,26,1,'1900-01-01 00:00:00','2200-01-01 00:00:00'),(302,'1997-04-27 00:00:00',1997,2,4,27,1,'1900-01-01 00:00:00','2200-01-01 00:00:00'),(303,'1997-04-28 00:00:00',1997,2,4,28,1,'1900-01-01 00:00:00','2200-01-01 00:00:00'),(304,'1997-04-29 00:00:00',1997,2,4,29,1,'1900-01-01 00:00:00','2200-01-01 00:00:00'),(305,'1997-04-30 00:00:00',1997,2,4,30,1,'1900-01-01 00:00:00','2200-01-01 00:00:00'),(306,'1997-05-01 00:00:00',1997,2,5,1,1,'1900-01-01 00:00:00','2200-01-01 00:00:00'),(307,'1997-05-02 00:00:00',1997,2,5,2,1,'1900-01-01 00:00:00','2200-01-01 00:00:00'),(308,'1997-05-03 00:00:00',1997,2,5,3,1,'1900-01-01 00:00:00','2200-01-01 00:00:00'),(309,'1997-05-04 00:00:00',1997,2,5,4,1,'1900-01-01 00:00:00','2200-01-01 00:00:00'),(310,'1997-05-05 00:00:00',1997,2,5,5,1,'1900-01-01 00:00:00','2200-01-01 00:00:00'),(311,'1997-05-06 00:00:00',1997,2,5,6,1,'1900-01-01 00:00:00','2200-01-01 00:00:00'),(312,'1997-05-07 00:00:00',1997,2,5,7,1,'1900-01-01 00:00:00','2200-01-01 00:00:00'),(313,'1997-05-08 00:00:00',1997,2,5,8,1,'1900-01-01 00:00:00','2200-01-01 00:00:00'),(314,'1997-05-09 00:00:00',1997,2,5,9,1,'1900-01-01 00:00:00','2200-01-01 00:00:00'),(315,'1997-05-10 00:00:00',1997,2,5,10,1,'1900-01-01 00:00:00','2200-01-01 00:00:00'),(316,'1997-05-11 00:00:00',1997,2,5,11,1,'1900-01-01 00:00:00','2200-01-01 00:00:00'),(317,'1997-05-12 00:00:00',1997,2,5,12,1,'1900-01-01 00:00:00','2200-01-01 00:00:00'),(318,'1997-05-13 00:00:00',1997,2,5,13,1,'1900-01-01 00:00:00','2200-01-01 00:00:00'),(319,'1997-05-14 00:00:00',1997,2,5,14,1,'1900-01-01 00:00:00','2200-01-01 00:00:00'),(320,'1997-05-15 00:00:00',1997,2,5,15,1,'1900-01-01 00:00:00','2200-01-01 00:00:00'),(321,'1997-05-16 00:00:00',1997,2,5,16,1,'1900-01-01 00:00:00','2200-01-01 00:00:00'),(322,'1997-05-17 00:00:00',1997,2,5,17,1,'1900-01-01 00:00:00','2200-01-01 00:00:00'),(323,'1997-05-18 00:00:00',1997,2,5,18,1,'1900-01-01 00:00:00','2200-01-01 00:00:00'),(324,'1997-05-19 00:00:00',1997,2,5,19,1,'1900-01-01 00:00:00','2200-01-01 00:00:00'),(325,'1997-05-20 00:00:00',1997,2,5,20,1,'1900-01-01 00:00:00','2200-01-01 00:00:00'),(326,'1997-05-21 00:00:00',1997,2,5,21,1,'1900-01-01 00:00:00','2200-01-01 00:00:00'),(327,'1997-05-22 00:00:00',1997,2,5,22,1,'1900-01-01 00:00:00','2200-01-01 00:00:00'),(328,'1997-05-23 00:00:00',1997,2,5,23,1,'1900-01-01 00:00:00','2200-01-01 00:00:00'),(329,'1997-05-24 00:00:00',1997,2,5,24,1,'1900-01-01 00:00:00','2200-01-01 00:00:00'),(330,'1997-05-25 00:00:00',1997,2,5,25,1,'1900-01-01 00:00:00','2200-01-01 00:00:00'),(331,'1997-05-26 00:00:00',1997,2,5,26,1,'1900-01-01 00:00:00','2200-01-01 00:00:00'),(332,'1997-05-27 00:00:00',1997,2,5,27,1,'1900-01-01 00:00:00','2200-01-01 00:00:00'),(333,'1997-05-28 00:00:00',1997,2,5,28,1,'1900-01-01 00:00:00','2200-01-01 00:00:00'),(334,'1997-05-29 00:00:00',1997,2,5,29,1,'1900-01-01 00:00:00','2200-01-01 00:00:00'),(335,'1997-05-30 00:00:00',1997,2,5,30,1,'1900-01-01 00:00:00','2200-01-01 00:00:00'),(336,'1997-05-31 00:00:00',1997,2,5,31,1,'1900-01-01 00:00:00','2200-01-01 00:00:00'),(337,'1997-06-01 00:00:00',1997,2,6,1,1,'1900-01-01 00:00:00','2200-01-01 00:00:00'),(338,'1997-06-02 00:00:00',1997,2,6,2,1,'1900-01-01 00:00:00','2200-01-01 00:00:00'),(339,'1997-06-03 00:00:00',1997,2,6,3,1,'1900-01-01 00:00:00','2200-01-01 00:00:00'),(340,'1997-06-04 00:00:00',1997,2,6,4,1,'1900-01-01 00:00:00','2200-01-01 00:00:00'),(341,'1997-06-05 00:00:00',1997,2,6,5,1,'1900-01-01 00:00:00','2200-01-01 00:00:00'),(342,'1997-06-06 00:00:00',1997,2,6,6,1,'1900-01-01 00:00:00','2200-01-01 00:00:00'),(343,'1997-06-07 00:00:00',1997,2,6,7,1,'1900-01-01 00:00:00','2200-01-01 00:00:00'),(344,'1997-06-08 00:00:00',1997,2,6,8,1,'1900-01-01 00:00:00','2200-01-01 00:00:00'),(345,'1997-06-09 00:00:00',1997,2,6,9,1,'1900-01-01 00:00:00','2200-01-01 00:00:00'),(346,'1997-06-10 00:00:00',1997,2,6,10,1,'1900-01-01 00:00:00','2200-01-01 00:00:00'),(347,'1997-06-11 00:00:00',1997,2,6,11,1,'1900-01-01 00:00:00','2200-01-01 00:00:00'),(348,'1997-06-12 00:00:00',1997,2,6,12,1,'1900-01-01 00:00:00','2200-01-01 00:00:00'),(349,'1997-06-13 00:00:00',1997,2,6,13,1,'1900-01-01 00:00:00','2200-01-01 00:00:00'),(350,'1997-06-14 00:00:00',1997,2,6,14,1,'1900-01-01 00:00:00','2200-01-01 00:00:00'),(351,'1997-06-15 00:00:00',1997,2,6,15,1,'1900-01-01 00:00:00','2200-01-01 00:00:00'),(352,'1997-06-16 00:00:00',1997,2,6,16,1,'1900-01-01 00:00:00','2200-01-01 00:00:00'),(353,'1997-06-17 00:00:00',1997,2,6,17,1,'1900-01-01 00:00:00','2200-01-01 00:00:00'),(354,'1997-06-18 00:00:00',1997,2,6,18,1,'1900-01-01 00:00:00','2200-01-01 00:00:00'),(355,'1997-06-19 00:00:00',1997,2,6,19,1,'1900-01-01 00:00:00','2200-01-01 00:00:00'),(356,'1997-06-20 00:00:00',1997,2,6,20,1,'1900-01-01 00:00:00','2200-01-01 00:00:00'),(357,'1997-06-21 00:00:00',1997,2,6,21,1,'1900-01-01 00:00:00','2200-01-01 00:00:00'),(358,'1997-06-22 00:00:00',1997,2,6,22,1,'1900-01-01 00:00:00','2200-01-01 00:00:00'),(359,'1997-06-23 00:00:00',1997,2,6,23,1,'1900-01-01 00:00:00','2200-01-01 00:00:00'),(360,'1997-06-24 00:00:00',1997,2,6,24,1,'1900-01-01 00:00:00','2200-01-01 00:00:00'),(361,'1997-06-25 00:00:00',1997,2,6,25,1,'1900-01-01 00:00:00','2200-01-01 00:00:00'),(362,'1997-06-26 00:00:00',1997,2,6,26,1,'1900-01-01 00:00:00','2200-01-01 00:00:00'),(363,'1997-06-27 00:00:00',1997,2,6,27,1,'1900-01-01 00:00:00','2200-01-01 00:00:00'),(364,'1997-06-28 00:00:00',1997,2,6,28,1,'1900-01-01 00:00:00','2200-01-01 00:00:00'),(365,'1997-06-29 00:00:00',1997,2,6,29,1,'1900-01-01 00:00:00','2200-01-01 00:00:00'),(366,'1997-06-30 00:00:00',1997,2,6,30,1,'1900-01-01 00:00:00','2200-01-01 00:00:00'),(367,'1997-07-01 00:00:00',1997,3,7,1,1,'1900-01-01 00:00:00','2200-01-01 00:00:00'),(368,'1997-07-02 00:00:00',1997,3,7,2,1,'1900-01-01 00:00:00','2200-01-01 00:00:00'),(369,'1997-07-03 00:00:00',1997,3,7,3,1,'1900-01-01 00:00:00','2200-01-01 00:00:00'),(370,'1997-07-04 00:00:00',1997,3,7,4,1,'1900-01-01 00:00:00','2200-01-01 00:00:00'),(371,'1997-07-05 00:00:00',1997,3,7,5,1,'1900-01-01 00:00:00','2200-01-01 00:00:00'),(372,'1997-07-06 00:00:00',1997,3,7,6,1,'1900-01-01 00:00:00','2200-01-01 00:00:00'),(373,'1997-07-07 00:00:00',1997,3,7,7,1,'1900-01-01 00:00:00','2200-01-01 00:00:00'),(374,'1997-07-08 00:00:00',1997,3,7,8,1,'1900-01-01 00:00:00','2200-01-01 00:00:00'),(375,'1997-07-09 00:00:00',1997,3,7,9,1,'1900-01-01 00:00:00','2200-01-01 00:00:00'),(376,'1997-07-10 00:00:00',1997,3,7,10,1,'1900-01-01 00:00:00','2200-01-01 00:00:00'),(377,'1997-07-11 00:00:00',1997,3,7,11,1,'1900-01-01 00:00:00','2200-01-01 00:00:00'),(378,'1997-07-12 00:00:00',1997,3,7,12,1,'1900-01-01 00:00:00','2200-01-01 00:00:00'),(379,'1997-07-13 00:00:00',1997,3,7,13,1,'1900-01-01 00:00:00','2200-01-01 00:00:00'),(380,'1997-07-14 00:00:00',1997,3,7,14,1,'1900-01-01 00:00:00','2200-01-01 00:00:00'),(381,'1997-07-15 00:00:00',1997,3,7,15,1,'1900-01-01 00:00:00','2200-01-01 00:00:00'),(382,'1997-07-16 00:00:00',1997,3,7,16,1,'1900-01-01 00:00:00','2200-01-01 00:00:00'),(383,'1997-07-17 00:00:00',1997,3,7,17,1,'1900-01-01 00:00:00','2200-01-01 00:00:00'),(384,'1997-07-18 00:00:00',1997,3,7,18,1,'1900-01-01 00:00:00','2200-01-01 00:00:00'),(385,'1997-07-19 00:00:00',1997,3,7,19,1,'1900-01-01 00:00:00','2200-01-01 00:00:00'),(386,'1997-07-20 00:00:00',1997,3,7,20,1,'1900-01-01 00:00:00','2200-01-01 00:00:00'),(387,'1997-07-21 00:00:00',1997,3,7,21,1,'1900-01-01 00:00:00','2200-01-01 00:00:00'),(388,'1997-07-22 00:00:00',1997,3,7,22,1,'1900-01-01 00:00:00','2200-01-01 00:00:00'),(389,'1997-07-23 00:00:00',1997,3,7,23,1,'1900-01-01 00:00:00','2200-01-01 00:00:00'),(390,'1997-07-24 00:00:00',1997,3,7,24,1,'1900-01-01 00:00:00','2200-01-01 00:00:00'),(391,'1997-07-25 00:00:00',1997,3,7,25,1,'1900-01-01 00:00:00','2200-01-01 00:00:00'),(392,'1997-07-26 00:00:00',1997,3,7,26,1,'1900-01-01 00:00:00','2200-01-01 00:00:00'),(393,'1997-07-27 00:00:00',1997,3,7,27,1,'1900-01-01 00:00:00','2200-01-01 00:00:00'),(394,'1997-07-28 00:00:00',1997,3,7,28,1,'1900-01-01 00:00:00','2200-01-01 00:00:00'),(395,'1997-07-29 00:00:00',1997,3,7,29,1,'1900-01-01 00:00:00','2200-01-01 00:00:00'),(396,'1997-07-30 00:00:00',1997,3,7,30,1,'1900-01-01 00:00:00','2200-01-01 00:00:00'),(397,'1997-07-31 00:00:00',1997,3,7,31,1,'1900-01-01 00:00:00','2200-01-01 00:00:00'),(398,'1997-08-01 00:00:00',1997,3,8,1,1,'1900-01-01 00:00:00','2200-01-01 00:00:00'),(399,'1997-08-02 00:00:00',1997,3,8,2,1,'1900-01-01 00:00:00','2200-01-01 00:00:00'),(400,'1997-08-03 00:00:00',1997,3,8,3,1,'1900-01-01 00:00:00','2200-01-01 00:00:00'),(401,'1997-08-04 00:00:00',1997,3,8,4,1,'1900-01-01 00:00:00','2200-01-01 00:00:00'),(402,'1997-08-05 00:00:00',1997,3,8,5,1,'1900-01-01 00:00:00','2200-01-01 00:00:00'),(403,'1997-08-06 00:00:00',1997,3,8,6,1,'1900-01-01 00:00:00','2200-01-01 00:00:00'),(404,'1997-08-07 00:00:00',1997,3,8,7,1,'1900-01-01 00:00:00','2200-01-01 00:00:00'),(405,'1997-08-08 00:00:00',1997,3,8,8,1,'1900-01-01 00:00:00','2200-01-01 00:00:00'),(406,'1997-08-09 00:00:00',1997,3,8,9,1,'1900-01-01 00:00:00','2200-01-01 00:00:00'),(407,'1997-08-10 00:00:00',1997,3,8,10,1,'1900-01-01 00:00:00','2200-01-01 00:00:00'),(408,'1997-08-11 00:00:00',1997,3,8,11,1,'1900-01-01 00:00:00','2200-01-01 00:00:00'),(409,'1997-08-12 00:00:00',1997,3,8,12,1,'1900-01-01 00:00:00','2200-01-01 00:00:00'),(410,'1997-08-13 00:00:00',1997,3,8,13,1,'1900-01-01 00:00:00','2200-01-01 00:00:00'),(411,'1997-08-14 00:00:00',1997,3,8,14,1,'1900-01-01 00:00:00','2200-01-01 00:00:00'),(412,'1997-08-15 00:00:00',1997,3,8,15,1,'1900-01-01 00:00:00','2200-01-01 00:00:00'),(413,'1997-08-16 00:00:00',1997,3,8,16,1,'1900-01-01 00:00:00','2200-01-01 00:00:00'),(414,'1997-08-17 00:00:00',1997,3,8,17,1,'1900-01-01 00:00:00','2200-01-01 00:00:00'),(415,'1997-08-18 00:00:00',1997,3,8,18,1,'1900-01-01 00:00:00','2200-01-01 00:00:00'),(416,'1997-08-19 00:00:00',1997,3,8,19,1,'1900-01-01 00:00:00','2200-01-01 00:00:00'),(417,'1997-08-20 00:00:00',1997,3,8,20,1,'1900-01-01 00:00:00','2200-01-01 00:00:00'),(418,'1997-08-21 00:00:00',1997,3,8,21,1,'1900-01-01 00:00:00','2200-01-01 00:00:00'),(419,'1997-08-22 00:00:00',1997,3,8,22,1,'1900-01-01 00:00:00','2200-01-01 00:00:00'),(420,'1997-08-23 00:00:00',1997,3,8,23,1,'1900-01-01 00:00:00','2200-01-01 00:00:00'),(421,'1997-08-24 00:00:00',1997,3,8,24,1,'1900-01-01 00:00:00','2200-01-01 00:00:00'),(422,'1997-08-25 00:00:00',1997,3,8,25,1,'1900-01-01 00:00:00','2200-01-01 00:00:00'),(423,'1997-08-26 00:00:00',1997,3,8,26,1,'1900-01-01 00:00:00','2200-01-01 00:00:00'),(424,'1997-08-27 00:00:00',1997,3,8,27,1,'1900-01-01 00:00:00','2200-01-01 00:00:00'),(425,'1997-08-28 00:00:00',1997,3,8,28,1,'1900-01-01 00:00:00','2200-01-01 00:00:00'),(426,'1997-08-29 00:00:00',1997,3,8,29,1,'1900-01-01 00:00:00','2200-01-01 00:00:00'),(427,'1997-08-30 00:00:00',1997,3,8,30,1,'1900-01-01 00:00:00','2200-01-01 00:00:00'),(428,'1997-08-31 00:00:00',1997,3,8,31,1,'1900-01-01 00:00:00','2200-01-01 00:00:00'),(429,'1997-09-01 00:00:00',1997,3,9,1,1,'1900-01-01 00:00:00','2200-01-01 00:00:00'),(430,'1997-09-02 00:00:00',1997,3,9,2,1,'1900-01-01 00:00:00','2200-01-01 00:00:00'),(431,'1997-09-03 00:00:00',1997,3,9,3,1,'1900-01-01 00:00:00','2200-01-01 00:00:00'),(432,'1997-09-04 00:00:00',1997,3,9,4,1,'1900-01-01 00:00:00','2200-01-01 00:00:00'),(433,'1997-09-05 00:00:00',1997,3,9,5,1,'1900-01-01 00:00:00','2200-01-01 00:00:00'),(434,'1997-09-06 00:00:00',1997,3,9,6,1,'1900-01-01 00:00:00','2200-01-01 00:00:00'),(435,'1997-09-07 00:00:00',1997,3,9,7,1,'1900-01-01 00:00:00','2200-01-01 00:00:00'),(436,'1997-09-08 00:00:00',1997,3,9,8,1,'1900-01-01 00:00:00','2200-01-01 00:00:00'),(437,'1997-09-09 00:00:00',1997,3,9,9,1,'1900-01-01 00:00:00','2200-01-01 00:00:00'),(438,'1997-09-10 00:00:00',1997,3,9,10,1,'1900-01-01 00:00:00','2200-01-01 00:00:00'),(439,'1997-09-11 00:00:00',1997,3,9,11,1,'1900-01-01 00:00:00','2200-01-01 00:00:00'),(440,'1997-09-12 00:00:00',1997,3,9,12,1,'1900-01-01 00:00:00','2200-01-01 00:00:00'),(441,'1997-09-13 00:00:00',1997,3,9,13,1,'1900-01-01 00:00:00','2200-01-01 00:00:00'),(442,'1997-09-14 00:00:00',1997,3,9,14,1,'1900-01-01 00:00:00','2200-01-01 00:00:00'),(443,'1997-09-15 00:00:00',1997,3,9,15,1,'1900-01-01 00:00:00','2200-01-01 00:00:00'),(444,'1997-09-16 00:00:00',1997,3,9,16,1,'1900-01-01 00:00:00','2200-01-01 00:00:00'),(445,'1997-09-17 00:00:00',1997,3,9,17,1,'1900-01-01 00:00:00','2200-01-01 00:00:00'),(446,'1997-09-18 00:00:00',1997,3,9,18,1,'1900-01-01 00:00:00','2200-01-01 00:00:00'),(447,'1997-09-19 00:00:00',1997,3,9,19,1,'1900-01-01 00:00:00','2200-01-01 00:00:00'),(448,'1997-09-20 00:00:00',1997,3,9,20,1,'1900-01-01 00:00:00','2200-01-01 00:00:00'),(449,'1997-09-21 00:00:00',1997,3,9,21,1,'1900-01-01 00:00:00','2200-01-01 00:00:00'),(450,'1997-09-22 00:00:00',1997,3,9,22,1,'1900-01-01 00:00:00','2200-01-01 00:00:00'),(451,'1997-09-23 00:00:00',1997,3,9,23,1,'1900-01-01 00:00:00','2200-01-01 00:00:00'),(452,'1997-09-24 00:00:00',1997,3,9,24,1,'1900-01-01 00:00:00','2200-01-01 00:00:00'),(453,'1997-09-25 00:00:00',1997,3,9,25,1,'1900-01-01 00:00:00','2200-01-01 00:00:00'),(454,'1997-09-26 00:00:00',1997,3,9,26,1,'1900-01-01 00:00:00','2200-01-01 00:00:00'),(455,'1997-09-27 00:00:00',1997,3,9,27,1,'1900-01-01 00:00:00','2200-01-01 00:00:00'),(456,'1997-09-28 00:00:00',1997,3,9,28,1,'1900-01-01 00:00:00','2200-01-01 00:00:00'),(457,'1997-09-29 00:00:00',1997,3,9,29,1,'1900-01-01 00:00:00','2200-01-01 00:00:00'),(458,'1997-09-30 00:00:00',1997,3,9,30,1,'1900-01-01 00:00:00','2200-01-01 00:00:00'),(459,'1997-10-01 00:00:00',1997,4,10,1,1,'1900-01-01 00:00:00','2200-01-01 00:00:00'),(460,'1997-10-02 00:00:00',1997,4,10,2,1,'1900-01-01 00:00:00','2200-01-01 00:00:00'),(461,'1997-10-03 00:00:00',1997,4,10,3,1,'1900-01-01 00:00:00','2200-01-01 00:00:00'),(462,'1997-10-04 00:00:00',1997,4,10,4,1,'1900-01-01 00:00:00','2200-01-01 00:00:00'),(463,'1997-10-05 00:00:00',1997,4,10,5,1,'1900-01-01 00:00:00','2200-01-01 00:00:00'),(464,'1997-10-06 00:00:00',1997,4,10,6,1,'1900-01-01 00:00:00','2200-01-01 00:00:00'),(465,'1997-10-07 00:00:00',1997,4,10,7,1,'1900-01-01 00:00:00','2200-01-01 00:00:00'),(466,'1997-10-08 00:00:00',1997,4,10,8,1,'1900-01-01 00:00:00','2200-01-01 00:00:00'),(467,'1997-10-09 00:00:00',1997,4,10,9,1,'1900-01-01 00:00:00','2200-01-01 00:00:00'),(468,'1997-10-10 00:00:00',1997,4,10,10,1,'1900-01-01 00:00:00','2200-01-01 00:00:00'),(469,'1997-10-11 00:00:00',1997,4,10,11,1,'1900-01-01 00:00:00','2200-01-01 00:00:00'),(470,'1997-10-12 00:00:00',1997,4,10,12,1,'1900-01-01 00:00:00','2200-01-01 00:00:00'),(471,'1997-10-13 00:00:00',1997,4,10,13,1,'1900-01-01 00:00:00','2200-01-01 00:00:00'),(472,'1997-10-14 00:00:00',1997,4,10,14,1,'1900-01-01 00:00:00','2200-01-01 00:00:00'),(473,'1997-10-15 00:00:00',1997,4,10,15,1,'1900-01-01 00:00:00','2200-01-01 00:00:00'),(474,'1997-10-16 00:00:00',1997,4,10,16,1,'1900-01-01 00:00:00','2200-01-01 00:00:00'),(475,'1997-10-17 00:00:00',1997,4,10,17,1,'1900-01-01 00:00:00','2200-01-01 00:00:00'),(476,'1997-10-18 00:00:00',1997,4,10,18,1,'1900-01-01 00:00:00','2200-01-01 00:00:00'),(477,'1997-10-19 00:00:00',1997,4,10,19,1,'1900-01-01 00:00:00','2200-01-01 00:00:00'),(478,'1997-10-20 00:00:00',1997,4,10,20,1,'1900-01-01 00:00:00','2200-01-01 00:00:00'),(479,'1997-10-21 00:00:00',1997,4,10,21,1,'1900-01-01 00:00:00','2200-01-01 00:00:00'),(480,'1997-10-22 00:00:00',1997,4,10,22,1,'1900-01-01 00:00:00','2200-01-01 00:00:00'),(481,'1997-10-23 00:00:00',1997,4,10,23,1,'1900-01-01 00:00:00','2200-01-01 00:00:00'),(482,'1997-10-24 00:00:00',1997,4,10,24,1,'1900-01-01 00:00:00','2200-01-01 00:00:00'),(483,'1997-10-25 00:00:00',1997,4,10,25,1,'1900-01-01 00:00:00','2200-01-01 00:00:00'),(484,'1997-10-26 00:00:00',1997,4,10,26,1,'1900-01-01 00:00:00','2200-01-01 00:00:00'),(485,'1997-10-27 00:00:00',1997,4,10,27,1,'1900-01-01 00:00:00','2200-01-01 00:00:00'),(486,'1997-10-28 00:00:00',1997,4,10,28,1,'1900-01-01 00:00:00','2200-01-01 00:00:00'),(487,'1997-10-29 00:00:00',1997,4,10,29,1,'1900-01-01 00:00:00','2200-01-01 00:00:00'),(488,'1997-10-30 00:00:00',1997,4,10,30,1,'1900-01-01 00:00:00','2200-01-01 00:00:00'),(489,'1997-10-31 00:00:00',1997,4,10,31,1,'1900-01-01 00:00:00','2200-01-01 00:00:00'),(490,'1997-11-01 00:00:00',1997,4,11,1,1,'1900-01-01 00:00:00','2200-01-01 00:00:00'),(491,'1997-11-02 00:00:00',1997,4,11,2,1,'1900-01-01 00:00:00','2200-01-01 00:00:00'),(492,'1997-11-03 00:00:00',1997,4,11,3,1,'1900-01-01 00:00:00','2200-01-01 00:00:00'),(493,'1997-11-04 00:00:00',1997,4,11,4,1,'1900-01-01 00:00:00','2200-01-01 00:00:00'),(494,'1997-11-05 00:00:00',1997,4,11,5,1,'1900-01-01 00:00:00','2200-01-01 00:00:00'),(495,'1997-11-06 00:00:00',1997,4,11,6,1,'1900-01-01 00:00:00','2200-01-01 00:00:00'),(496,'1997-11-07 00:00:00',1997,4,11,7,1,'1900-01-01 00:00:00','2200-01-01 00:00:00'),(497,'1997-11-08 00:00:00',1997,4,11,8,1,'1900-01-01 00:00:00','2200-01-01 00:00:00'),(498,'1997-11-09 00:00:00',1997,4,11,9,1,'1900-01-01 00:00:00','2200-01-01 00:00:00'),(499,'1997-11-10 00:00:00',1997,4,11,10,1,'1900-01-01 00:00:00','2200-01-01 00:00:00'),(500,'1997-11-11 00:00:00',1997,4,11,11,1,'1900-01-01 00:00:00','2200-01-01 00:00:00'),(501,'1997-11-12 00:00:00',1997,4,11,12,1,'1900-01-01 00:00:00','2200-01-01 00:00:00'),(502,'1997-11-13 00:00:00',1997,4,11,13,1,'1900-01-01 00:00:00','2200-01-01 00:00:00'),(503,'1997-11-14 00:00:00',1997,4,11,14,1,'1900-01-01 00:00:00','2200-01-01 00:00:00'),(504,'1997-11-15 00:00:00',1997,4,11,15,1,'1900-01-01 00:00:00','2200-01-01 00:00:00'),(505,'1997-11-16 00:00:00',1997,4,11,16,1,'1900-01-01 00:00:00','2200-01-01 00:00:00'),(506,'1997-11-17 00:00:00',1997,4,11,17,1,'1900-01-01 00:00:00','2200-01-01 00:00:00'),(507,'1997-11-18 00:00:00',1997,4,11,18,1,'1900-01-01 00:00:00','2200-01-01 00:00:00'),(508,'1997-11-19 00:00:00',1997,4,11,19,1,'1900-01-01 00:00:00','2200-01-01 00:00:00'),(509,'1997-11-20 00:00:00',1997,4,11,20,1,'1900-01-01 00:00:00','2200-01-01 00:00:00'),(510,'1997-11-21 00:00:00',1997,4,11,21,1,'1900-01-01 00:00:00','2200-01-01 00:00:00'),(511,'1997-11-22 00:00:00',1997,4,11,22,1,'1900-01-01 00:00:00','2200-01-01 00:00:00'),(512,'1997-11-23 00:00:00',1997,4,11,23,1,'1900-01-01 00:00:00','2200-01-01 00:00:00'),(513,'1997-11-24 00:00:00',1997,4,11,24,1,'1900-01-01 00:00:00','2200-01-01 00:00:00'),(514,'1997-11-25 00:00:00',1997,4,11,25,1,'1900-01-01 00:00:00','2200-01-01 00:00:00'),(515,'1997-11-26 00:00:00',1997,4,11,26,1,'1900-01-01 00:00:00','2200-01-01 00:00:00'),(516,'1997-11-27 00:00:00',1997,4,11,27,1,'1900-01-01 00:00:00','2200-01-01 00:00:00'),(517,'1997-11-28 00:00:00',1997,4,11,28,1,'1900-01-01 00:00:00','2200-01-01 00:00:00'),(518,'1997-11-29 00:00:00',1997,4,11,29,1,'1900-01-01 00:00:00','2200-01-01 00:00:00'),(519,'1997-11-30 00:00:00',1997,4,11,30,1,'1900-01-01 00:00:00','2200-01-01 00:00:00'),(520,'1997-12-01 00:00:00',1997,4,12,1,1,'1900-01-01 00:00:00','2200-01-01 00:00:00'),(521,'1997-12-02 00:00:00',1997,4,12,2,1,'1900-01-01 00:00:00','2200-01-01 00:00:00'),(522,'1997-12-03 00:00:00',1997,4,12,3,1,'1900-01-01 00:00:00','2200-01-01 00:00:00'),(523,'1997-12-04 00:00:00',1997,4,12,4,1,'1900-01-01 00:00:00','2200-01-01 00:00:00'),(524,'1997-12-05 00:00:00',1997,4,12,5,1,'1900-01-01 00:00:00','2200-01-01 00:00:00'),(525,'1997-12-06 00:00:00',1997,4,12,6,1,'1900-01-01 00:00:00','2200-01-01 00:00:00'),(526,'1997-12-07 00:00:00',1997,4,12,7,1,'1900-01-01 00:00:00','2200-01-01 00:00:00'),(527,'1997-12-08 00:00:00',1997,4,12,8,1,'1900-01-01 00:00:00','2200-01-01 00:00:00'),(528,'1997-12-09 00:00:00',1997,4,12,9,1,'1900-01-01 00:00:00','2200-01-01 00:00:00'),(529,'1997-12-10 00:00:00',1997,4,12,10,1,'1900-01-01 00:00:00','2200-01-01 00:00:00'),(530,'1997-12-11 00:00:00',1997,4,12,11,1,'1900-01-01 00:00:00','2200-01-01 00:00:00'),(531,'1997-12-12 00:00:00',1997,4,12,12,1,'1900-01-01 00:00:00','2200-01-01 00:00:00'),(532,'1997-12-13 00:00:00',1997,4,12,13,1,'1900-01-01 00:00:00','2200-01-01 00:00:00'),(533,'1997-12-14 00:00:00',1997,4,12,14,1,'1900-01-01 00:00:00','2200-01-01 00:00:00'),(534,'1997-12-15 00:00:00',1997,4,12,15,1,'1900-01-01 00:00:00','2200-01-01 00:00:00'),(535,'1997-12-16 00:00:00',1997,4,12,16,1,'1900-01-01 00:00:00','2200-01-01 00:00:00'),(536,'1997-12-17 00:00:00',1997,4,12,17,1,'1900-01-01 00:00:00','2200-01-01 00:00:00'),(537,'1997-12-18 00:00:00',1997,4,12,18,1,'1900-01-01 00:00:00','2200-01-01 00:00:00'),(538,'1997-12-19 00:00:00',1997,4,12,19,1,'1900-01-01 00:00:00','2200-01-01 00:00:00'),(539,'1997-12-20 00:00:00',1997,4,12,20,1,'1900-01-01 00:00:00','2200-01-01 00:00:00'),(540,'1997-12-21 00:00:00',1997,4,12,21,1,'1900-01-01 00:00:00','2200-01-01 00:00:00'),(541,'1997-12-22 00:00:00',1997,4,12,22,1,'1900-01-01 00:00:00','2200-01-01 00:00:00'),(542,'1997-12-23 00:00:00',1997,4,12,23,1,'1900-01-01 00:00:00','2200-01-01 00:00:00'),(543,'1997-12-24 00:00:00',1997,4,12,24,1,'1900-01-01 00:00:00','2200-01-01 00:00:00'),(544,'1997-12-25 00:00:00',1997,4,12,25,1,'1900-01-01 00:00:00','2200-01-01 00:00:00'),(545,'1997-12-26 00:00:00',1997,4,12,26,1,'1900-01-01 00:00:00','2200-01-01 00:00:00'),(546,'1997-12-27 00:00:00',1997,4,12,27,1,'1900-01-01 00:00:00','2200-01-01 00:00:00'),(547,'1997-12-28 00:00:00',1997,4,12,28,1,'1900-01-01 00:00:00','2200-01-01 00:00:00'),(548,'1997-12-29 00:00:00',1997,4,12,29,1,'1900-01-01 00:00:00','2200-01-01 00:00:00'),(549,'1997-12-30 00:00:00',1997,4,12,30,1,'1900-01-01 00:00:00','2200-01-01 00:00:00'),(550,'1997-12-31 00:00:00',1997,4,12,31,1,'1900-01-01 00:00:00','2200-01-01 00:00:00'),(551,'1998-01-01 00:00:00',1998,1,1,1,1,'1900-01-01 00:00:00','2200-01-01 00:00:00'),(552,'1998-01-02 00:00:00',1998,1,1,2,1,'1900-01-01 00:00:00','2200-01-01 00:00:00'),(553,'1998-01-03 00:00:00',1998,1,1,3,1,'1900-01-01 00:00:00','2200-01-01 00:00:00'),(554,'1998-01-04 00:00:00',1998,1,1,4,1,'1900-01-01 00:00:00','2200-01-01 00:00:00'),(555,'1998-01-05 00:00:00',1998,1,1,5,1,'1900-01-01 00:00:00','2200-01-01 00:00:00'),(556,'1998-01-06 00:00:00',1998,1,1,6,1,'1900-01-01 00:00:00','2200-01-01 00:00:00'),(557,'1998-01-07 00:00:00',1998,1,1,7,1,'1900-01-01 00:00:00','2200-01-01 00:00:00'),(558,'1998-01-08 00:00:00',1998,1,1,8,1,'1900-01-01 00:00:00','2200-01-01 00:00:00'),(559,'1998-01-09 00:00:00',1998,1,1,9,1,'1900-01-01 00:00:00','2200-01-01 00:00:00'),(560,'1998-01-10 00:00:00',1998,1,1,10,1,'1900-01-01 00:00:00','2200-01-01 00:00:00'),(561,'1998-01-11 00:00:00',1998,1,1,11,1,'1900-01-01 00:00:00','2200-01-01 00:00:00'),(562,'1998-01-12 00:00:00',1998,1,1,12,1,'1900-01-01 00:00:00','2200-01-01 00:00:00'),(563,'1998-01-13 00:00:00',1998,1,1,13,1,'1900-01-01 00:00:00','2200-01-01 00:00:00'),(564,'1998-01-14 00:00:00',1998,1,1,14,1,'1900-01-01 00:00:00','2200-01-01 00:00:00'),(565,'1998-01-15 00:00:00',1998,1,1,15,1,'1900-01-01 00:00:00','2200-01-01 00:00:00'),(566,'1998-01-16 00:00:00',1998,1,1,16,1,'1900-01-01 00:00:00','2200-01-01 00:00:00'),(567,'1998-01-17 00:00:00',1998,1,1,17,1,'1900-01-01 00:00:00','2200-01-01 00:00:00'),(568,'1998-01-18 00:00:00',1998,1,1,18,1,'1900-01-01 00:00:00','2200-01-01 00:00:00'),(569,'1998-01-19 00:00:00',1998,1,1,19,1,'1900-01-01 00:00:00','2200-01-01 00:00:00'),(570,'1998-01-20 00:00:00',1998,1,1,20,1,'1900-01-01 00:00:00','2200-01-01 00:00:00'),(571,'1998-01-21 00:00:00',1998,1,1,21,1,'1900-01-01 00:00:00','2200-01-01 00:00:00'),(572,'1998-01-22 00:00:00',1998,1,1,22,1,'1900-01-01 00:00:00','2200-01-01 00:00:00'),(573,'1998-01-23 00:00:00',1998,1,1,23,1,'1900-01-01 00:00:00','2200-01-01 00:00:00'),(574,'1998-01-24 00:00:00',1998,1,1,24,1,'1900-01-01 00:00:00','2200-01-01 00:00:00'),(575,'1998-01-25 00:00:00',1998,1,1,25,1,'1900-01-01 00:00:00','2200-01-01 00:00:00'),(576,'1998-01-26 00:00:00',1998,1,1,26,1,'1900-01-01 00:00:00','2200-01-01 00:00:00'),(577,'1998-01-27 00:00:00',1998,1,1,27,1,'1900-01-01 00:00:00','2200-01-01 00:00:00'),(578,'1998-01-28 00:00:00',1998,1,1,28,1,'1900-01-01 00:00:00','2200-01-01 00:00:00'),(579,'1998-01-29 00:00:00',1998,1,1,29,1,'1900-01-01 00:00:00','2200-01-01 00:00:00'),(580,'1998-01-30 00:00:00',1998,1,1,30,1,'1900-01-01 00:00:00','2200-01-01 00:00:00'),(581,'1998-01-31 00:00:00',1998,1,1,31,1,'1900-01-01 00:00:00','2200-01-01 00:00:00'),(582,'1998-02-01 00:00:00',1998,1,2,1,1,'1900-01-01 00:00:00','2200-01-01 00:00:00'),(583,'1998-02-02 00:00:00',1998,1,2,2,1,'1900-01-01 00:00:00','2200-01-01 00:00:00'),(584,'1998-02-03 00:00:00',1998,1,2,3,1,'1900-01-01 00:00:00','2200-01-01 00:00:00'),(585,'1998-02-04 00:00:00',1998,1,2,4,1,'1900-01-01 00:00:00','2200-01-01 00:00:00'),(586,'1998-02-05 00:00:00',1998,1,2,5,1,'1900-01-01 00:00:00','2200-01-01 00:00:00'),(587,'1998-02-06 00:00:00',1998,1,2,6,1,'1900-01-01 00:00:00','2200-01-01 00:00:00'),(588,'1998-02-07 00:00:00',1998,1,2,7,1,'1900-01-01 00:00:00','2200-01-01 00:00:00'),(589,'1998-02-08 00:00:00',1998,1,2,8,1,'1900-01-01 00:00:00','2200-01-01 00:00:00'),(590,'1998-02-09 00:00:00',1998,1,2,9,1,'1900-01-01 00:00:00','2200-01-01 00:00:00'),(591,'1998-02-10 00:00:00',1998,1,2,10,1,'1900-01-01 00:00:00','2200-01-01 00:00:00'),(592,'1998-02-11 00:00:00',1998,1,2,11,1,'1900-01-01 00:00:00','2200-01-01 00:00:00'),(593,'1998-02-12 00:00:00',1998,1,2,12,1,'1900-01-01 00:00:00','2200-01-01 00:00:00'),(594,'1998-02-13 00:00:00',1998,1,2,13,1,'1900-01-01 00:00:00','2200-01-01 00:00:00'),(595,'1998-02-14 00:00:00',1998,1,2,14,1,'1900-01-01 00:00:00','2200-01-01 00:00:00'),(596,'1998-02-15 00:00:00',1998,1,2,15,1,'1900-01-01 00:00:00','2200-01-01 00:00:00'),(597,'1998-02-16 00:00:00',1998,1,2,16,1,'1900-01-01 00:00:00','2200-01-01 00:00:00'),(598,'1998-02-17 00:00:00',1998,1,2,17,1,'1900-01-01 00:00:00','2200-01-01 00:00:00'),(599,'1998-02-18 00:00:00',1998,1,2,18,1,'1900-01-01 00:00:00','2200-01-01 00:00:00'),(600,'1998-02-19 00:00:00',1998,1,2,19,1,'1900-01-01 00:00:00','2200-01-01 00:00:00'),(601,'1998-02-20 00:00:00',1998,1,2,20,1,'1900-01-01 00:00:00','2200-01-01 00:00:00'),(602,'1998-02-21 00:00:00',1998,1,2,21,1,'1900-01-01 00:00:00','2200-01-01 00:00:00'),(603,'1998-02-22 00:00:00',1998,1,2,22,1,'1900-01-01 00:00:00','2200-01-01 00:00:00'),(604,'1998-02-23 00:00:00',1998,1,2,23,1,'1900-01-01 00:00:00','2200-01-01 00:00:00'),(605,'1998-02-24 00:00:00',1998,1,2,24,1,'1900-01-01 00:00:00','2200-01-01 00:00:00'),(606,'1998-02-25 00:00:00',1998,1,2,25,1,'1900-01-01 00:00:00','2200-01-01 00:00:00'),(607,'1998-02-26 00:00:00',1998,1,2,26,1,'1900-01-01 00:00:00','2200-01-01 00:00:00'),(608,'1998-02-27 00:00:00',1998,1,2,27,1,'1900-01-01 00:00:00','2200-01-01 00:00:00'),(609,'1998-02-28 00:00:00',1998,1,2,28,1,'1900-01-01 00:00:00','2200-01-01 00:00:00'),(610,'1998-03-01 00:00:00',1998,1,3,1,1,'1900-01-01 00:00:00','2200-01-01 00:00:00'),(611,'1998-03-02 00:00:00',1998,1,3,2,1,'1900-01-01 00:00:00','2200-01-01 00:00:00'),(612,'1998-03-03 00:00:00',1998,1,3,3,1,'1900-01-01 00:00:00','2200-01-01 00:00:00'),(613,'1998-03-04 00:00:00',1998,1,3,4,1,'1900-01-01 00:00:00','2200-01-01 00:00:00'),(614,'1998-03-05 00:00:00',1998,1,3,5,1,'1900-01-01 00:00:00','2200-01-01 00:00:00'),(615,'1998-03-06 00:00:00',1998,1,3,6,1,'1900-01-01 00:00:00','2200-01-01 00:00:00'),(616,'1998-03-07 00:00:00',1998,1,3,7,1,'1900-01-01 00:00:00','2200-01-01 00:00:00'),(617,'1998-03-08 00:00:00',1998,1,3,8,1,'1900-01-01 00:00:00','2200-01-01 00:00:00'),(618,'1998-03-09 00:00:00',1998,1,3,9,1,'1900-01-01 00:00:00','2200-01-01 00:00:00'),(619,'1998-03-10 00:00:00',1998,1,3,10,1,'1900-01-01 00:00:00','2200-01-01 00:00:00'),(620,'1998-03-11 00:00:00',1998,1,3,11,1,'1900-01-01 00:00:00','2200-01-01 00:00:00'),(621,'1998-03-12 00:00:00',1998,1,3,12,1,'1900-01-01 00:00:00','2200-01-01 00:00:00'),(622,'1998-03-13 00:00:00',1998,1,3,13,1,'1900-01-01 00:00:00','2200-01-01 00:00:00'),(623,'1998-03-14 00:00:00',1998,1,3,14,1,'1900-01-01 00:00:00','2200-01-01 00:00:00'),(624,'1998-03-15 00:00:00',1998,1,3,15,1,'1900-01-01 00:00:00','2200-01-01 00:00:00'),(625,'1998-03-16 00:00:00',1998,1,3,16,1,'1900-01-01 00:00:00','2200-01-01 00:00:00'),(626,'1998-03-17 00:00:00',1998,1,3,17,1,'1900-01-01 00:00:00','2200-01-01 00:00:00'),(627,'1998-03-18 00:00:00',1998,1,3,18,1,'1900-01-01 00:00:00','2200-01-01 00:00:00'),(628,'1998-03-19 00:00:00',1998,1,3,19,1,'1900-01-01 00:00:00','2200-01-01 00:00:00'),(629,'1998-03-20 00:00:00',1998,1,3,20,1,'1900-01-01 00:00:00','2200-01-01 00:00:00'),(630,'1998-03-21 00:00:00',1998,1,3,21,1,'1900-01-01 00:00:00','2200-01-01 00:00:00'),(631,'1998-03-22 00:00:00',1998,1,3,22,1,'1900-01-01 00:00:00','2200-01-01 00:00:00'),(632,'1998-03-23 00:00:00',1998,1,3,23,1,'1900-01-01 00:00:00','2200-01-01 00:00:00'),(633,'1998-03-24 00:00:00',1998,1,3,24,1,'1900-01-01 00:00:00','2200-01-01 00:00:00'),(634,'1998-03-25 00:00:00',1998,1,3,25,1,'1900-01-01 00:00:00','2200-01-01 00:00:00'),(635,'1998-03-26 00:00:00',1998,1,3,26,1,'1900-01-01 00:00:00','2200-01-01 00:00:00'),(636,'1998-03-27 00:00:00',1998,1,3,27,1,'1900-01-01 00:00:00','2200-01-01 00:00:00'),(637,'1998-03-28 00:00:00',1998,1,3,28,1,'1900-01-01 00:00:00','2200-01-01 00:00:00'),(638,'1998-03-29 00:00:00',1998,1,3,29,1,'1900-01-01 00:00:00','2200-01-01 00:00:00'),(639,'1998-03-30 00:00:00',1998,1,3,30,1,'1900-01-01 00:00:00','2200-01-01 00:00:00'),(640,'1998-03-31 00:00:00',1998,1,3,31,1,'1900-01-01 00:00:00','2200-01-01 00:00:00'),(641,'1998-04-01 00:00:00',1998,2,4,1,1,'1900-01-01 00:00:00','2200-01-01 00:00:00'),(642,'1998-04-02 00:00:00',1998,2,4,2,1,'1900-01-01 00:00:00','2200-01-01 00:00:00'),(643,'1998-04-03 00:00:00',1998,2,4,3,1,'1900-01-01 00:00:00','2200-01-01 00:00:00'),(644,'1998-04-04 00:00:00',1998,2,4,4,1,'1900-01-01 00:00:00','2200-01-01 00:00:00'),(645,'1998-04-05 00:00:00',1998,2,4,5,1,'1900-01-01 00:00:00','2200-01-01 00:00:00'),(646,'1998-04-06 00:00:00',1998,2,4,6,1,'1900-01-01 00:00:00','2200-01-01 00:00:00'),(647,'1998-04-07 00:00:00',1998,2,4,7,1,'1900-01-01 00:00:00','2200-01-01 00:00:00'),(648,'1998-04-08 00:00:00',1998,2,4,8,1,'1900-01-01 00:00:00','2200-01-01 00:00:00'),(649,'1998-04-09 00:00:00',1998,2,4,9,1,'1900-01-01 00:00:00','2200-01-01 00:00:00'),(650,'1998-04-10 00:00:00',1998,2,4,10,1,'1900-01-01 00:00:00','2200-01-01 00:00:00'),(651,'1998-04-11 00:00:00',1998,2,4,11,1,'1900-01-01 00:00:00','2200-01-01 00:00:00'),(652,'1998-04-12 00:00:00',1998,2,4,12,1,'1900-01-01 00:00:00','2200-01-01 00:00:00'),(653,'1998-04-13 00:00:00',1998,2,4,13,1,'1900-01-01 00:00:00','2200-01-01 00:00:00'),(654,'1998-04-14 00:00:00',1998,2,4,14,1,'1900-01-01 00:00:00','2200-01-01 00:00:00'),(655,'1998-04-15 00:00:00',1998,2,4,15,1,'1900-01-01 00:00:00','2200-01-01 00:00:00'),(656,'1998-04-16 00:00:00',1998,2,4,16,1,'1900-01-01 00:00:00','2200-01-01 00:00:00'),(657,'1998-04-17 00:00:00',1998,2,4,17,1,'1900-01-01 00:00:00','2200-01-01 00:00:00'),(658,'1998-04-18 00:00:00',1998,2,4,18,1,'1900-01-01 00:00:00','2200-01-01 00:00:00'),(659,'1998-04-19 00:00:00',1998,2,4,19,1,'1900-01-01 00:00:00','2200-01-01 00:00:00'),(660,'1998-04-20 00:00:00',1998,2,4,20,1,'1900-01-01 00:00:00','2200-01-01 00:00:00'),(661,'1998-04-21 00:00:00',1998,2,4,21,1,'1900-01-01 00:00:00','2200-01-01 00:00:00'),(662,'1998-04-22 00:00:00',1998,2,4,22,1,'1900-01-01 00:00:00','2200-01-01 00:00:00'),(663,'1998-04-23 00:00:00',1998,2,4,23,1,'1900-01-01 00:00:00','2200-01-01 00:00:00'),(664,'1998-04-24 00:00:00',1998,2,4,24,1,'1900-01-01 00:00:00','2200-01-01 00:00:00'),(665,'1998-04-25 00:00:00',1998,2,4,25,1,'1900-01-01 00:00:00','2200-01-01 00:00:00'),(666,'1998-04-26 00:00:00',1998,2,4,26,1,'1900-01-01 00:00:00','2200-01-01 00:00:00'),(667,'1998-04-27 00:00:00',1998,2,4,27,1,'1900-01-01 00:00:00','2200-01-01 00:00:00'),(668,'1998-04-28 00:00:00',1998,2,4,28,1,'1900-01-01 00:00:00','2200-01-01 00:00:00'),(669,'1998-04-29 00:00:00',1998,2,4,29,1,'1900-01-01 00:00:00','2200-01-01 00:00:00'),(670,'1998-04-30 00:00:00',1998,2,4,30,1,'1900-01-01 00:00:00','2200-01-01 00:00:00'),(671,'1998-05-01 00:00:00',1998,2,5,1,1,'1900-01-01 00:00:00','2200-01-01 00:00:00'),(672,'1998-05-02 00:00:00',1998,2,5,2,1,'1900-01-01 00:00:00','2200-01-01 00:00:00'),(673,'1998-05-03 00:00:00',1998,2,5,3,1,'1900-01-01 00:00:00','2200-01-01 00:00:00'),(674,'1998-05-04 00:00:00',1998,2,5,4,1,'1900-01-01 00:00:00','2200-01-01 00:00:00'),(675,'1998-05-05 00:00:00',1998,2,5,5,1,'1900-01-01 00:00:00','2200-01-01 00:00:00'),(676,'1998-05-06 00:00:00',1998,2,5,6,1,'1900-01-01 00:00:00','2200-01-01 00:00:00'),(677,'1998-05-07 00:00:00',1998,2,5,7,1,'1900-01-01 00:00:00','2200-01-01 00:00:00'),(678,'1998-05-08 00:00:00',1998,2,5,8,1,'1900-01-01 00:00:00','2200-01-01 00:00:00'),(679,'1998-05-09 00:00:00',1998,2,5,9,1,'1900-01-01 00:00:00','2200-01-01 00:00:00'),(680,'1998-05-10 00:00:00',1998,2,5,10,1,'1900-01-01 00:00:00','2200-01-01 00:00:00'),(681,'1998-05-11 00:00:00',1998,2,5,11,1,'1900-01-01 00:00:00','2200-01-01 00:00:00'),(682,'1998-05-12 00:00:00',1998,2,5,12,1,'1900-01-01 00:00:00','2200-01-01 00:00:00'),(683,'1998-05-13 00:00:00',1998,2,5,13,1,'1900-01-01 00:00:00','2200-01-01 00:00:00'),(684,'1998-05-14 00:00:00',1998,2,5,14,1,'1900-01-01 00:00:00','2200-01-01 00:00:00'),(685,'1998-05-15 00:00:00',1998,2,5,15,1,'1900-01-01 00:00:00','2200-01-01 00:00:00'),(686,'1998-05-16 00:00:00',1998,2,5,16,1,'1900-01-01 00:00:00','2200-01-01 00:00:00'),(687,'1998-05-17 00:00:00',1998,2,5,17,1,'1900-01-01 00:00:00','2200-01-01 00:00:00'),(688,'1998-05-18 00:00:00',1998,2,5,18,1,'1900-01-01 00:00:00','2200-01-01 00:00:00'),(689,'1998-05-19 00:00:00',1998,2,5,19,1,'1900-01-01 00:00:00','2200-01-01 00:00:00'),(690,'1998-05-20 00:00:00',1998,2,5,20,1,'1900-01-01 00:00:00','2200-01-01 00:00:00'),(691,'1998-05-21 00:00:00',1998,2,5,21,1,'1900-01-01 00:00:00','2200-01-01 00:00:00'),(692,'1998-05-22 00:00:00',1998,2,5,22,1,'1900-01-01 00:00:00','2200-01-01 00:00:00'),(693,'1998-05-23 00:00:00',1998,2,5,23,1,'1900-01-01 00:00:00','2200-01-01 00:00:00'),(694,'1998-05-24 00:00:00',1998,2,5,24,1,'1900-01-01 00:00:00','2200-01-01 00:00:00'),(695,'1998-05-25 00:00:00',1998,2,5,25,1,'1900-01-01 00:00:00','2200-01-01 00:00:00'),(696,'1998-05-26 00:00:00',1998,2,5,26,1,'1900-01-01 00:00:00','2200-01-01 00:00:00'),(697,'1998-05-27 00:00:00',1998,2,5,27,1,'1900-01-01 00:00:00','2200-01-01 00:00:00'),(698,'1998-05-28 00:00:00',1998,2,5,28,1,'1900-01-01 00:00:00','2200-01-01 00:00:00'),(699,'1998-05-29 00:00:00',1998,2,5,29,1,'1900-01-01 00:00:00','2200-01-01 00:00:00'),(700,'1998-05-30 00:00:00',1998,2,5,30,1,'1900-01-01 00:00:00','2200-01-01 00:00:00'),(701,'1998-05-31 00:00:00',1998,2,5,31,1,'1900-01-01 00:00:00','2200-01-01 00:00:00'),(702,'1998-06-01 00:00:00',1998,2,6,1,1,'1900-01-01 00:00:00','2200-01-01 00:00:00'),(703,NULL,NULL,NULL,NULL,NULL,1,NULL,NULL),(704,NULL,NULL,NULL,NULL,NULL,1,'1900-01-01 00:00:00','2200-01-01 00:00:00');
/*!40000 ALTER TABLE `date_dim` ENABLE KEYS */;
UNLOCK TABLES;

--
-- Table structure for table `inventory_fact`
--

DROP TABLE IF EXISTS `inventory_fact`;
/*!40101 SET @saved_cs_client     = @@character_set_client */;
/*!50503 SET character_set_client = utf8mb4 */;
CREATE TABLE `inventory_fact` (
  `inventory_sk` int NOT NULL AUTO_INCREMENT,
  `store_id` int DEFAULT NULL,
  `date_id` int DEFAULT NULL,
  `product_id` int DEFAULT NULL,
  `quantity` int DEFAULT NULL,
  `total_price` float DEFAULT NULL,
  `channel_id` int DEFAULT NULL,
  `unit_price` float DEFAULT NULL,
  PRIMARY KEY (`inventory_sk`),
  KEY `inventory_fact_FK` (`date_id`),
  KEY `inventory_fact_FK_1` (`channel_id`),
  KEY `inventory_fact_FK_2` (`product_id`),
  KEY `inventory_fact_FK_3` (`store_id`),
  CONSTRAINT `inventory_fact_FK` FOREIGN KEY (`date_id`) REFERENCES `date_dim` (`date_sk`),
  CONSTRAINT `inventory_fact_FK_1` FOREIGN KEY (`channel_id`) REFERENCES `channel_dim` (`channel_sk`),
  CONSTRAINT `inventory_fact_FK_2` FOREIGN KEY (`product_id`) REFERENCES `products_dim` (`product_sk`),
  CONSTRAINT `inventory_fact_FK_3` FOREIGN KEY (`store_id`) REFERENCES `store_dim` (`store_sk`)
) ENGINE=InnoDB AUTO_INCREMENT=2397 DEFAULT CHARSET=utf8mb4 COLLATE=utf8mb4_0900_ai_ci;
/*!40101 SET character_set_client = @saved_cs_client */;

--
-- Dumping data for table `inventory_fact`
--

LOCK TABLES `inventory_fact` WRITE;
/*!40000 ALTER TABLE `inventory_fact` DISABLE KEYS */;
INSERT INTO `inventory_fact` VALUES (1,45,685,728,8,1584,1,198),(2,46,594,639,4,79.6,4,19.9),(3,41,34,543,9,3690,1,410),(4,42,253,569,8,2312,2,289),(5,39,475,534,24,10468.8,2,436.2),(6,36,368,527,36,14399.6,3,399.99),(7,36,645,732,6,888,4,148),(8,35,597,568,9,4499.91,2,499.99),(9,39,661,666,24,1738.8,2,72.45),(10,45,303,745,18,1782,4,99),(11,44,269,536,4,128,2,32),(12,40,422,862,10,2290,1,229),(13,39,580,541,12,2832,1,236),(14,36,79,571,13,649.48,1,49.96),(15,40,623,690,10,430,2,43),(16,47,337,577,9,1259.91,1,139.99),(17,40,145,658,9,2609.91,1,289.99),(18,39,548,614,3,168,2,56),(19,47,662,852,12,7428,1,619),(20,39,172,881,20,2999,1,149.95),(21,35,180,701,26,5198.7,1,199.95),(22,36,448,893,9,1142.1,1,126.9),(23,43,488,607,9,1881,2,209),(24,43,535,632,9,1710,2,190),(25,36,175,808,10,3999.9,1,399.99),(26,40,601,508,6,719.94,1,119.99),(27,47,92,596,10,3500,1,350),(28,38,479,672,13,522.47,1,40.19),(29,45,448,498,6,2199.3,1,366.55),(30,40,482,529,13,9087,1,699),(31,36,511,686,9,944.01,3,104.89),(32,36,475,667,8,5272,1,659),(33,46,523,801,18,214.2,1,11.9),(34,38,606,514,10,2080,1,208),(35,47,395,495,10,1399.9,1,139.99),(36,47,309,700,10,6990,2,699),(37,37,483,637,10,3580,1,358),(38,40,203,648,12,1139.88,4,94.99),(39,42,180,824,12,4056,1,338),(40,44,396,509,13,11687,1,899),(41,42,511,639,50,844.5,1,16.89),(42,46,434,691,4,652,1,163),(43,42,5,695,9,5391,1,599),(44,35,637,731,9,2259,2,251),(45,41,109,874,9,5211,1,579),(46,41,298,816,18,12402,4,689),(47,47,75,761,12,3624,1,302),(48,41,551,875,10,949.9,1,94.99),(49,39,682,880,9,22491,1,2499),(50,42,17,802,6,474,1,79),(51,43,1,748,6,420.78,2,70.13),(52,41,255,690,10,9670,1,967),(53,41,85,615,10,1160,1,116),(54,41,600,507,10,4805,2,480.5),(55,46,200,878,2,64,2,32),(56,39,589,666,8,3992,1,499),(57,40,54,565,6,659.94,1,109.99),(58,41,510,861,24,7176,2,299),(59,47,49,638,20,5160,3,258),(60,45,500,617,12,3060,1,255),(61,40,272,575,12,3238.8,2,269.9),(62,38,237,679,9,449.91,1,49.99),(63,39,133,517,36,8280,3,230),(64,40,212,825,27,971.73,3,35.99),(65,36,156,628,18,3959.1,1,219.95),(66,47,331,748,12,2832,1,236),(67,41,506,631,480,1948.8,2,4.06),(68,38,130,671,9,3042,1,338),(69,36,598,738,9,207,1,23),(70,46,171,577,2,1999.8,1,999.9),(71,42,306,586,12,5916,1,493),(72,39,604,775,10,14750,1,1475),(73,40,432,798,9,7119,4,791),(74,41,448,724,10,2999.9,1,299.99),(75,41,463,591,20,1560,1,78),(76,46,134,661,12,5148,1,429),(77,43,28,879,8,319.92,2,39.99),(78,42,155,513,8,5592,1,699),(79,41,121,867,9,1259.91,1,139.99),(80,43,159,558,26,22100,4,850),(81,39,221,714,10,2890,1,289),(82,42,457,832,12,11988,1,999),(83,44,694,754,12,2159.88,1,179.99),(84,39,358,521,24,3576,1,149),(85,45,525,599,20,1999.8,1,99.99),(86,38,232,699,18,2338.2,1,129.9),(87,36,231,691,6,59.94,1,9.99),(88,38,83,897,12,4908,1,409),(89,47,634,692,13,11297,1,869),(90,42,130,597,13,6498.7,1,499.9),(91,45,54,735,8,2392,2,299),(92,44,594,572,9,2403,3,267),(93,44,117,566,32,10432,4,326),(94,47,202,879,18,29700,2,1650),(95,46,641,783,9,305.91,1,33.99),(96,39,175,793,9,1799.91,1,199.99),(97,40,68,668,18,1782,1,99),(98,47,607,778,10,5680,2,568),(99,38,330,730,12,7524,1,627),(100,37,682,795,13,1677,1,129),(101,39,133,832,10,2999.9,2,299.99),(102,44,486,645,12,5519.88,2,459.99),(103,46,522,894,13,3639.87,2,279.99),(104,44,593,677,18,1367.82,1,75.99),(105,46,173,740,9,454.86,2,50.54),(106,35,393,676,12,2159.88,1,179.99),(107,45,247,899,2,64,2,32),(108,42,334,651,5,34.75,1,6.95),(109,43,341,713,9,242.1,1,26.9),(110,46,435,798,9,6291,1,699),(111,40,490,685,10,1999.9,2,199.99),(112,39,625,766,16,944,2,59),(113,45,343,669,10,22950,1,2295),(114,41,452,682,4,166.92,1,41.73),(115,41,127,759,12,1559.88,1,129.99),(116,42,214,660,6,779.94,1,129.99),(117,44,352,750,4,51.96,1,12.99),(118,47,636,732,5,284.5,1,56.9),(119,40,80,626,30,29970,3,999),(120,42,620,812,6,1199.94,1,199.99),(121,43,259,509,10,279,1,27.9),(122,44,62,553,12,1439.88,1,119.99),(123,43,657,699,8,2464,1,308),(124,37,522,637,36,14400,3,400),(125,43,132,507,13,1326,1,102),(126,39,417,522,9,3681,1,409),(127,42,272,660,9,2061,1,229),(128,38,421,519,9,2610,3,290),(129,41,304,510,10,2299.9,4,229.99),(130,41,522,862,6,258,2,43),(131,40,497,821,24,6719.76,4,279.99),(132,46,426,754,6,5214,1,869),(133,45,59,648,13,1742,3,134),(134,44,458,530,18,14238,3,791),(135,41,591,597,9,9891,1,1099),(136,38,113,886,18,207,1,11.5),(137,44,236,671,24,2639.76,1,109.99),(138,43,686,675,9,1467,1,163),(139,36,28,527,18,4122,2,229),(140,40,354,577,18,462.42,1,25.69),(141,41,41,631,5,134.5,1,26.9),(142,39,474,738,5,399.75,1,79.95),(143,41,89,702,5,717,1,143.4),(144,35,261,737,13,9087,1,699),(145,39,631,616,6,294,1,49),(146,40,335,664,12,11.4,1,0.95),(147,44,503,732,18,1710,1,95),(148,46,272,879,12,2388,2,199),(149,41,173,645,12,5784,1,482),(150,46,630,556,13,4978.35,1,382.95),(151,38,290,582,10,1399.9,1,139.99),(152,36,253,829,10,299.9,1,29.99),(153,45,222,580,12,2628,1,219),(154,44,512,523,12,948,4,79),(155,39,624,513,10,2290,1,229),(156,39,462,887,4,147.32,1,36.83),(157,36,44,523,5,49.95,1,9.99),(158,41,77,584,6,599.94,1,99.99),(159,35,348,882,10,1799.9,1,179.99),(160,47,675,715,13,478.79,4,36.83),(161,46,172,760,24,1150.8,2,47.95),(162,42,297,788,30,209.7,1,6.99),(163,41,548,893,4,652,4,163),(164,38,654,499,13,8398,1,646),(165,44,629,771,9,1611,2,179),(166,47,150,806,10,1799.9,1,179.99),(167,45,608,527,27,7019.73,4,259.99),(168,46,432,747,13,467.87,1,35.99),(169,43,655,682,9,2988,1,332),(170,39,256,725,9,1692,2,188),(171,36,647,669,12,5916,1,493),(172,42,418,509,5,695,1,139),(173,36,309,512,3,96,2,32),(174,40,669,503,5,850,1,170),(175,46,143,531,10,260,2,26),(176,35,196,876,24,3598.8,1,149.95),(177,42,533,629,9,458.91,1,50.99),(178,39,90,579,10,1360,1,136),(179,42,664,810,5,815,1,163),(180,42,650,773,6,719.94,3,119.99),(181,40,158,752,6,3792,2,632),(182,46,633,607,8,5592,1,699),(183,42,608,762,13,3770,1,290),(184,36,319,714,9,1161,1,129),(185,43,555,683,8,1672,1,209),(186,37,150,696,5,13260,3,2652),(187,43,421,683,6,203.4,1,33.9),(188,46,598,808,39,18291,1,469),(189,41,531,778,10,6990,1,699),(190,39,23,786,9,4401,2,489),(191,47,399,517,12,114,1,9.5),(192,44,441,606,8,2384,2,298),(193,47,345,776,13,219.7,1,16.9),(194,45,208,673,9,242.91,1,26.99),(195,41,426,736,26,3614,1,139),(196,35,231,891,10,8190,1,819),(197,39,236,875,50,349.5,2,6.99),(198,42,409,765,12,2399.88,1,199.99),(199,37,269,733,20,3760,1,188),(200,40,476,749,10,320,3,32),(201,42,660,807,4,573.6,1,143.4),(202,41,317,898,5,499.95,1,99.99),(203,38,362,782,9,6291,2,699),(204,41,118,811,2,1998,1,999),(205,41,522,785,48,7920,4,165),(206,42,390,606,10,7990,4,799),(207,41,548,607,12,7991.28,1,665.94),(208,42,301,777,9,5723.91,1,635.99),(209,39,291,689,10,1099.9,4,109.99),(210,44,702,592,18,5904,4,328),(211,42,377,587,12,7991.28,1,665.94),(212,42,490,765,13,8151,1,627),(213,40,58,708,10,1480,1,148),(214,45,314,661,20,736.6,2,36.83),(215,38,606,633,6,13770,1,2295),(216,38,368,607,10,1900,1,190),(217,41,453,651,8,1352,1,169),(218,37,147,718,10,724.5,2,72.45),(219,47,448,608,10,3390,1,339),(220,45,87,776,20,8599.8,4,429.99),(221,40,586,806,13,7644,4,588),(222,36,511,857,8,561.04,2,70.13),(223,42,413,759,4,419.56,2,104.89),(224,40,574,632,9,8091,1,899),(225,43,662,735,27,538.65,4,19.95),(226,44,130,765,4,172,4,43),(227,41,209,776,20,17980,2,899),(228,47,345,820,10,8990,3,899),(229,36,335,581,12,3222,1,268.5),(230,39,122,755,13,3354,1,258),(231,44,202,879,4,407.96,1,101.99),(232,40,412,650,9,6201,1,689),(233,47,314,582,5,379.95,2,75.99),(234,44,49,839,5,84.95,1,16.99),(235,41,484,896,9,3591,1,399),(236,42,305,643,6,2412,1,402),(237,46,367,612,16,207.84,4,12.99),(238,35,36,608,6,834,1,139),(239,35,468,568,13,2574,1,198),(240,39,422,538,12,3192,1,266),(241,35,391,624,26,2859.74,1,109.99),(242,42,118,794,26,2859.74,1,109.99),(243,39,680,706,9,2069.91,4,229.99),(244,37,178,588,10,4362,1,436.2),(245,35,523,729,10,95,2,9.5),(246,36,623,734,24,2447.76,1,101.99),(247,37,674,895,8,1476,1,184.5),(248,35,234,653,13,1287,4,99),(249,42,103,755,8,1824,1,228),(250,47,690,719,18,539.82,2,29.99),(251,39,388,601,10,2799.9,1,279.99),(252,36,265,841,10,399.9,1,39.99),(253,42,110,587,6,594,1,99),(254,37,27,736,10,6270,1,627),(255,42,195,769,6,10908,1,1818),(256,40,503,623,13,6604,1,508),(257,40,314,634,6,443.94,2,73.99),(258,39,46,744,12,10788,1,899),(259,40,470,879,80,4480,2,56),(260,45,631,650,8,2148,2,268.5),(261,42,256,796,18,5398.2,1,299.9),(262,46,504,699,12,275.88,4,22.99),(263,36,90,670,52,76700,2,1475),(264,44,581,796,10,5890,2,589),(265,37,293,812,10,2680,1,268),(266,43,627,548,20,2399.8,2,119.99),(267,45,621,566,10,1199.9,4,119.99),(268,42,103,672,12,3516,1,293),(269,39,610,504,9,1224,3,136),(270,43,660,746,10,5880,1,588),(271,45,609,855,6,3534,1,589),(272,46,450,531,12,2628,1,219),(273,40,187,624,8,621.44,2,77.68),(274,38,394,679,18,359.82,1,19.99),(275,40,429,723,6,258,2,43),(276,40,657,672,20,11720,4,586),(277,41,158,728,13,3354,1,258),(278,42,475,621,12,7032,1,586),(279,43,633,770,13,2989.87,1,229.99),(280,47,565,584,12,359.88,4,29.99),(281,47,212,854,9,2249.91,2,249.99),(282,42,492,756,10,3980,1,398),(283,46,244,578,12,3090,4,257.5),(284,46,83,622,10,1980,1,198),(285,46,427,745,12,276,1,23),(286,41,192,593,5,599.95,1,119.99),(287,38,617,866,12,10428,1,869),(288,45,397,779,52,9802,3,188.5),(289,42,558,614,10,7580,1,758),(290,44,119,700,30,14099.1,4,469.97),(291,38,657,688,13,3315,1,255),(292,39,24,823,9,5292,1,588),(293,41,541,510,45,314.55,4,6.99),(294,38,520,755,20,579.8,4,28.99),(295,43,306,669,12,936,4,78),(296,42,62,861,10,3000,1,300),(297,37,432,511,12,5340,4,445),(298,35,24,663,10,779.9,2,77.99),(299,46,226,785,9,2952,1,328),(300,37,258,511,13,5199.87,1,399.99),(301,43,461,799,9,3042,1,338),(302,43,663,752,9,161.91,3,17.99),(303,46,688,735,10,3290,1,329),(304,35,411,724,10,6890,4,689),(305,38,345,581,12,3372,2,281),(306,41,210,638,5,9090,1,1818),(307,40,340,605,10,4320,1,432),(308,42,533,727,40,8798,2,219.95),(309,42,464,802,10,1329.9,1,132.99),(310,38,467,792,12,2214,2,184.5),(311,41,230,592,20,798,3,39.9),(312,45,117,603,24,9190.8,1,382.95),(313,44,72,668,10,5990,4,599),(314,43,543,608,4,519.96,1,129.99),(315,39,96,539,4,196,1,49),(316,47,374,814,9,2691,1,299),(317,40,388,725,5,154.95,1,30.99),(318,39,487,880,5,13264.5,1,2652.9),(319,37,628,760,12,1896,1,158),(320,36,660,841,9,7821,1,869),(321,37,78,858,10,289.9,1,28.99),(322,47,483,833,5,74.95,1,14.99),(323,38,224,523,6,330,1,55),(324,37,129,705,10,2480,1,248),(325,41,654,785,12,1319.88,2,109.99),(326,40,579,505,20,1199.8,3,59.99),(327,45,693,799,12,1139.88,2,94.99),(328,47,337,857,20,53058,3,2652.9),(329,37,41,718,12,2748,4,229),(330,44,238,635,24,2376,1,99),(331,37,116,855,39,22932,2,588),(332,39,400,736,18,305.82,4,16.99),(333,42,37,553,9,323.91,1,35.99),(334,47,11,692,5,510,1,102),(335,43,200,688,9,1619.91,1,179.99),(336,38,623,524,8,3944,1,493),(337,42,571,881,2,1999.8,1,999.9),(338,44,299,889,13,1235,1,95),(339,42,220,757,12,3228,1,269),(340,46,47,662,13,649.48,2,49.96),(341,47,425,541,4,652,1,163),(342,40,331,779,9,6291,1,699),(343,37,275,842,5,1640,1,328),(344,35,58,660,5,127.5,4,25.5),(345,43,470,579,12,7188,2,599),(346,43,140,736,5,149.95,1,29.99),(347,35,342,891,8,1199.6,4,149.95),(348,46,28,893,10,4290,3,429),(349,44,150,889,8,13200,4,1650),(350,42,446,683,10,3100,1,310),(351,46,624,642,6,1200,1,200),(352,47,609,563,20,834.6,2,41.73),(353,42,71,755,13,4277,1,329),(354,39,445,805,10,1099.9,1,109.99),(355,41,398,620,24,119.76,1,4.99),(356,37,586,599,24,2639.76,1,109.99),(357,40,43,649,9,6291,1,699),(358,44,624,676,10,5080,1,508),(359,39,654,831,10,9980,1,998),(360,45,489,769,20,2780,1,139),(361,47,472,499,20,2039.8,1,101.99),(362,35,498,506,24,2279.76,2,94.99),(363,37,373,748,6,153,1,25.5),(364,43,611,794,9,711,1,79),(365,46,265,748,6,719.94,1,119.99),(366,41,353,786,27,12663,1,469),(367,45,151,567,10,2680,1,268),(368,47,413,636,6,77.7,1,12.95),(369,47,313,496,20,8724,3,436.2),(370,43,696,534,10,3000,1,300),(371,37,338,894,10,1090,2,109),(372,46,399,734,10,8990,1,899),(373,46,610,645,12,2759.88,1,229.99),(374,35,286,798,20,431.4,2,21.57),(375,36,569,750,18,12582,2,699),(376,40,555,534,26,1823.38,2,70.13),(377,43,233,845,18,1709.82,1,94.99),(378,45,234,816,12,151.92,1,12.66),(379,42,262,506,5,74.95,1,14.99),(380,44,496,564,10,3829.5,1,382.95),(381,36,266,675,100,550,1,5.5),(382,45,454,721,13,4407,1,339),(383,41,542,691,12,4428,1,369),(384,44,92,765,10,3010,1,301),(385,38,596,663,12,162,4,13.5),(386,41,251,534,10,4699.7,1,469.97),(387,44,291,793,12,1548,1,129),(388,44,572,768,6,5999.4,2,999.9),(389,42,391,769,10,6320,1,632),(390,36,250,541,4,227.6,1,56.9),(391,44,604,751,8,2079.92,1,259.99),(392,40,617,526,4,227.6,1,56.9),(393,46,629,504,26,1819.74,2,69.99),(394,38,595,709,10,155,1,15.5),(395,46,696,495,12,3359.88,1,279.99),(396,40,169,659,9,13680,2,1520),(397,41,321,785,9,404.91,4,44.99),(398,42,98,812,9,1169.91,1,129.99),(399,40,689,853,12,2496,3,208),(400,35,591,594,9,3925.8,1,436.2),(401,45,180,657,9,127.71,1,14.19),(402,38,530,634,12,2760,1,230),(403,42,72,788,10,1790,1,179),(404,36,59,668,10,1869,1,186.9),(405,40,597,690,13,5199.87,1,399.99),(406,45,45,535,13,8267.87,1,635.99),(407,43,278,779,16,3712,2,232),(408,45,422,698,39,13221,3,339),(409,40,431,724,9,5913,4,657),(410,45,107,857,12,3720,1,310),(411,39,15,576,12,3599.88,1,299.99),(412,47,406,613,26,17314.4,4,665.94),(413,44,216,549,26,12480,4,480),(414,35,226,801,10,24990,3,2499),(415,45,65,877,4,128,2,32),(416,43,25,556,16,4960,2,310),(417,35,359,808,8,879.92,3,109.99),(418,39,619,884,9,1089,4,121),(419,39,48,841,10,1845,1,184.5),(420,36,207,805,10,15000,1,1500),(421,47,630,642,12,7188,4,599),(422,37,67,879,12,2748,1,229),(423,42,636,712,24,1557.6,2,64.9),(424,38,456,541,13,3887,4,299),(425,38,534,855,18,3420,4,190),(426,37,124,772,26,2652,4,102),(427,35,331,680,20,190,4,9.5),(428,40,653,600,9,3861,1,429),(429,39,48,631,9,3925.8,1,436.2),(430,37,252,515,24,7824,1,326),(431,35,136,858,4,316,1,79),(432,41,44,744,4,1199.6,1,299.9),(433,38,390,687,10,4110,1,411),(434,46,530,890,4,1312,1,328),(435,40,171,557,10,2999.9,1,299.99),(436,37,246,792,13,286,1,22),(437,41,563,818,6,1968,1,328),(438,39,529,873,10,950,4,95),(439,40,220,772,13,4407,1,339),(440,47,562,546,9,4005,1,445),(441,44,607,590,18,207,3,11.5),(442,36,125,641,9,1169.91,1,129.99),(443,39,580,645,5,495,1,99),(444,45,109,561,20,6440,3,322),(445,37,678,813,5,49.95,2,9.99),(446,36,679,820,10,9990,2,999),(447,40,232,688,26,17030,4,655),(448,43,671,497,6,227.7,1,37.95),(449,47,376,862,12,8388,1,699),(450,43,468,694,10,1690,1,169),(451,45,357,712,8,2144,1,268),(452,40,184,562,9,215.1,1,23.9),(453,45,5,805,9,441,1,49),(454,35,225,505,12,3359.88,1,279.99),(455,43,599,630,12,6816,4,568),(456,40,274,580,8,4632,2,579),(457,43,245,749,10,2799.9,1,279.99),(458,44,222,820,10,169.9,4,16.99),(459,44,71,526,24,21360,2,890),(460,46,173,792,8,6880,4,860),(461,36,13,705,9,1467,1,163),(462,41,43,894,4,10611.6,1,2652.9),(463,38,661,658,9,9270,1,1030),(464,41,386,715,5,154.95,1,30.99),(465,44,225,792,10,3100,4,310),(466,42,679,736,10,1599.9,1,159.99),(467,36,545,572,12,3600,4,300),(468,46,428,888,13,12987,1,999),(469,44,361,725,10,299.9,1,29.99),(470,38,68,678,13,7787,3,599),(471,35,73,698,8,959.92,1,119.99),(472,35,446,665,5,249.95,1,49.99),(473,39,12,769,12,4595.4,1,382.95),(474,37,349,813,10,4930,1,493),(475,37,606,782,13,7787,1,599),(476,38,31,725,12,8951.88,1,745.99),(477,36,419,497,48,4559.52,2,94.99),(478,36,616,857,18,23382,1,1299),(479,47,563,495,9,3051,1,339),(480,41,194,541,12,500.76,4,41.73),(481,38,667,756,20,1999.8,1,99.99),(482,45,394,502,13,2599.87,1,199.99),(483,37,198,705,10,3100,1,310),(484,42,240,773,6,654,1,109),(485,36,264,651,20,6520,1,326),(486,37,527,822,12,3239.4,4,269.95),(487,40,219,721,5,509.95,2,101.99),(488,45,98,843,12,1920,1,160),(489,35,509,639,12,19198.8,2,1599.9),(490,42,630,817,13,1937,1,149),(491,46,66,746,9,2736,2,304),(492,45,259,546,9,520.92,3,57.88),(493,45,625,584,6,197.34,1,32.89),(494,36,37,602,4,99.96,1,24.99),(495,45,51,576,6,300,4,50),(496,47,456,528,39,25971.7,2,665.94),(497,37,391,800,20,7999.8,2,399.99),(498,40,234,633,24,743.76,3,30.99),(499,45,564,533,9,3222,1,358),(500,45,626,827,9,1611,1,179),(501,46,274,565,6,93.6,1,15.6),(502,39,347,859,10,6790,1,679),(503,35,490,595,10,4800,4,480),(504,43,54,732,5,149.95,1,29.99),(505,47,125,864,10,5990,1,599),(506,41,517,647,100,335,3,3.35),(507,40,634,685,6,598.5,2,99.75),(508,36,378,547,10,269.9,1,26.99),(509,45,310,852,24,573.6,4,23.9),(510,38,405,727,40,5160,3,129),(511,36,506,744,8,287.92,1,35.99),(512,39,148,733,9,8982,1,998),(513,42,426,511,9,11691,2,1299),(514,41,82,805,10,2300,1,230),(515,35,438,797,12,323.88,1,26.99),(516,38,96,745,4,176,4,44),(517,36,517,835,12,274.68,1,22.89),(518,35,119,542,20,259,1,12.95),(519,45,517,872,12,8388,1,699),(520,46,5,774,4,356,2,89),(521,47,114,707,20,5370,3,268.5),(522,43,53,809,10,4362,1,436.2),(523,45,338,830,26,5198.7,2,199.95),(524,35,132,512,10,2930,1,293),(525,40,221,882,10,3390,1,339),(526,46,76,761,10,1790,4,179),(527,38,280,813,80,3520,2,44),(528,36,116,730,10,701.3,2,70.13),(529,44,266,801,13,3367,1,259),(530,37,356,520,2,1998,1,999),(531,35,656,619,10,2299.9,1,229.99),(532,39,86,766,12,2362.8,1,196.9),(533,47,232,570,6,569.94,1,94.99),(534,40,91,503,8,2060,4,257.5),(535,36,355,603,12,1139.88,1,94.99),(536,47,502,661,24,4560,4,190),(537,36,11,757,48,1536,2,32),(538,39,433,812,40,3198,4,79.95),(539,45,401,864,12,3060,3,255),(540,47,609,668,10,499.9,1,49.99),(541,36,18,557,13,1547,1,119),(542,36,53,502,10,1799.9,1,179.99),(543,40,492,706,8,767.6,1,95.95),(544,45,267,752,13,5199.87,2,399.99),(545,39,304,841,12,156,1,13),(546,38,376,782,45,399.6,1,8.88),(547,37,646,727,18,13644,2,758),(548,42,132,535,9,3527.1,1,391.9),(549,44,381,520,10,8190,1,819),(550,40,36,858,10,229.9,4,22.99),(551,38,303,538,8,3944,1,493),(552,45,643,804,13,4238,2,326),(553,37,93,592,6,299.76,1,49.96),(554,38,133,760,5,9090,1,1818),(555,45,371,676,6,192,2,32),(556,43,669,722,6,192,2,32),(557,41,560,813,12,8388,1,699),(558,41,459,669,10,6190,1,619),(559,45,224,841,5,1560,1,312),(560,41,433,732,10,279,4,27.9),(561,41,393,812,12,38399.9,1,3199.99),(562,45,499,773,24,4799.76,3,199.99),(563,42,220,719,13,180.57,1,13.89),(564,42,643,839,27,2754,3,102),(565,36,77,812,9,2529,1,281),(566,38,530,772,5,510,1,102),(567,44,650,898,5,649.95,1,129.99),(568,43,237,534,9,3051,1,339),(569,35,363,717,10,2900,1,290),(570,43,281,526,24,333.6,1,13.9),(571,37,581,553,10,5890,1,589),(572,43,332,777,10,3690,1,369),(573,37,590,639,13,2977,2,229),(574,46,243,548,10,699.9,1,69.99),(575,41,588,632,24,6960,1,290),(576,47,671,874,8,375.92,4,46.99),(577,40,393,742,12,1776,1,148),(578,42,263,718,10,6270,1,627),(579,38,80,869,9,2610,1,290),(580,46,696,688,12,5988,1,499),(581,44,254,859,13,9087,1,699),(582,40,341,709,9,2609.91,1,289.99),(583,42,123,885,5,1349.5,1,269.9),(584,41,209,813,12,1679.88,1,139.99),(585,38,178,800,20,1553.6,1,77.68),(586,47,75,618,40,10796,2,269.9),(587,40,236,820,12,6708,3,559),(588,39,340,654,24,2399.76,1,99.99),(589,45,390,539,8,404.32,2,50.54),(590,36,692,862,10,405.5,1,40.55),(591,41,380,663,9,531,1,59),(592,40,80,851,9,7371,1,819),(593,38,157,613,10,4362,1,436.2),(594,47,523,615,12,10272,1,856),(595,46,33,776,48,1536,2,32),(596,43,267,631,20,599.8,1,29.99),(597,38,135,530,24,1212.96,3,50.54),(598,39,53,722,13,2847,1,219),(599,37,381,702,12,1908,1,159),(600,38,218,799,4,102.76,1,25.69),(601,39,464,689,45,399.6,4,8.88),(602,35,6,610,8,3759.76,4,469.97),(603,35,492,589,108,3456,2,32),(604,38,702,525,10,229.9,2,22.99),(605,37,539,584,10,2799.9,4,279.99),(606,46,610,801,20,5360,2,268),(607,41,142,537,10,1799.9,1,179.99),(608,36,149,800,10,420,1,42),(609,40,346,655,12,1308,2,109),(610,40,359,874,10,3290,1,329),(611,38,613,591,10,950,1,95),(612,37,383,529,12,166.68,1,13.89),(613,37,544,629,10,3390,1,339),(614,39,440,551,5,1630,2,326),(615,44,592,660,13,2587,1,199),(616,40,183,662,9,1692,1,188),(617,46,18,513,18,5039.82,4,279.99),(618,43,269,778,45,399.6,4,8.88),(619,37,531,632,12,3590.76,2,299.23),(620,45,173,557,9,1611,1,179),(621,40,206,551,18,4635,1,257.5),(622,45,244,509,12,2159.88,1,179.99),(623,46,629,716,13,2989.87,4,229.99),(624,47,61,646,12,1439.88,1,119.99),(625,36,539,828,20,3180,2,159),(626,37,564,726,18,7686,2,427),(627,41,379,869,9,6291,1,699),(628,44,611,823,10,4020,1,402),(629,38,277,639,4,436,2,109),(630,41,560,690,12,1188,1,99),(631,36,607,675,8,1599.92,4,199.99),(632,45,336,753,6,990,1,165),(633,38,107,655,10,6890,3,689),(634,35,692,757,5,150,2,30),(635,40,13,707,13,3899.87,1,299.99),(636,36,637,530,13,8657.22,1,665.94),(637,38,607,795,8,23199.9,2,2899.99),(638,42,63,538,13,1573,3,121),(639,36,651,619,4,573.6,1,143.4),(640,47,627,895,12,4908,1,409),(641,37,357,674,9,1799.91,4,199.99),(642,37,460,601,40,599.6,2,14.99),(643,36,370,835,10,2680,1,268),(644,39,432,786,13,2429.7,1,186.9),(645,41,618,617,10,329.9,4,32.99),(646,38,389,514,12,155.88,4,12.99),(647,42,502,685,16,8944,2,559),(648,39,523,704,24,2376,2,99),(649,35,158,896,9,2519.91,4,279.99),(650,47,151,510,18,2339.82,1,129.99),(651,47,532,657,10,1190,1,119),(652,39,630,804,18,3384,2,188),(653,37,665,858,12,4800,1,400),(654,43,460,711,10,3600,1,360),(655,46,7,628,10,389.9,1,38.99),(656,47,449,542,16,190.4,2,11.9),(657,45,440,792,20,4380,2,219),(658,42,425,881,12,2759.88,1,229.99),(659,44,58,773,10,3010,1,301),(660,42,65,548,13,3899.87,1,299.99),(661,45,215,691,6,719.94,1,119.99),(662,45,461,670,4,52,1,13),(663,43,337,858,9,2691,4,299),(664,39,286,861,12,18240,2,1520),(665,46,106,717,12,694.56,2,57.88),(666,39,262,678,16,944,1,59),(667,35,565,897,12,2399.88,1,199.99),(668,47,98,871,12,384,2,32),(669,42,115,655,10,320,4,32),(670,44,370,833,12,3372,2,281),(671,39,249,726,12,2832,1,236),(672,44,16,553,6,179.94,1,29.99),(673,40,639,513,10,1199.9,2,119.99),(674,47,294,621,10,5890,2,589),(675,45,555,739,12,2748,1,229),(676,46,139,496,13,12987,1,999),(677,41,288,762,9,306,2,34),(678,42,442,783,20,457.8,2,22.89),(679,45,591,588,10,4930,1,493),(680,45,184,667,20,431.4,4,21.57),(681,36,670,553,10,417.3,3,41.73),(682,38,608,840,18,1168.2,2,64.9),(683,45,280,889,4,276,1,69),(684,38,686,757,10,1599.9,1,159.99),(685,44,599,507,5,599.95,4,119.99),(686,47,597,516,4,147.96,1,36.99),(687,39,672,618,12,3228,1,269),(688,46,93,726,260,1401.4,2,5.39),(689,42,635,544,12,3648,1,304),(690,36,569,612,10,2080,1,208),(691,41,398,898,5,599.95,1,119.99),(692,36,169,545,13,2600,1,200),(693,37,286,508,6,894,1,149),(694,36,219,572,40,359.6,1,8.99),(695,37,694,557,10,419.9,1,41.99),(696,44,94,523,9,377.91,4,41.99),(697,43,223,618,10,724.5,2,72.45),(698,44,131,707,20,6080,1,304),(699,38,357,731,8,4544,1,568),(700,37,250,848,26,7279.74,2,279.99),(701,42,80,825,9,2061,1,229),(702,42,483,544,6,71.4,1,11.9),(703,45,504,874,9,2069.91,1,229.99),(704,38,534,790,13,9697.87,1,745.99),(705,41,263,625,9,2610,4,290),(706,37,67,577,9,8820,4,980),(707,45,344,725,45,314.55,4,6.99),(708,36,353,655,9,3925.8,2,436.2),(709,37,382,581,10,1019.9,2,101.99),(710,47,155,729,10,949.9,1,94.99),(711,40,634,700,9,179.91,4,19.99),(712,35,558,549,9,2691,1,299),(713,47,622,740,10,15999,2,1599.9),(714,38,183,745,5,9949.5,1,1989.9),(715,35,615,597,12,2256,4,188),(716,42,447,812,8,2152,1,269),(717,46,659,504,10,2290,1,229),(718,37,7,819,13,3887,1,299),(719,35,505,884,12,1956,1,163),(720,37,104,812,5,164.45,1,32.89),(721,45,475,849,10,1399.9,1,139.99),(722,39,338,690,120,568.8,4,4.74),(723,46,530,551,9,3888,1,432),(724,39,292,604,20,6560,1,328),(725,43,237,564,18,1835.82,1,101.99),(726,47,277,802,13,2977,1,229),(727,39,182,795,6,834,1,139),(728,47,237,699,400,1340,4,3.35),(729,44,554,623,12,3696,1,308),(730,39,297,790,9,809.1,1,89.9),(731,36,228,612,5,695,1,139),(732,35,46,777,24,15288,4,637),(733,42,599,630,6,101.4,1,16.9),(734,37,577,847,9,5292,2,588),(735,38,439,567,10,1290,4,129),(736,40,593,665,12,198,3,16.5),(737,46,584,584,10,3829.5,1,382.95),(738,40,291,544,12,347.88,1,28.99),(739,47,670,850,4,1030,1,257.5),(740,35,553,626,9,288,2,32),(741,37,444,688,18,538.2,4,29.9),(742,40,299,783,5,474.95,1,94.99),(743,35,330,639,12,8388,1,699),(744,41,670,749,10,28999.9,2,2899.99),(745,37,484,608,4,172,3,43),(746,47,73,782,12,7056,4,588),(747,43,600,802,9,7650,1,850),(748,43,194,748,20,560,2,28),(749,42,117,881,9,44.91,1,4.99),(750,36,256,828,9,521.91,2,57.99),(751,44,244,541,10,3580,1,358),(752,38,540,889,10,4599.9,1,459.99),(753,45,460,838,12,3216,2,268),(754,37,281,606,12,5519.88,3,459.99),(755,41,237,654,10,1490,1,149),(756,35,93,710,8,1575.2,1,196.9),(757,36,475,745,9,5391,4,599),(758,41,379,626,18,1439.1,4,79.95),(759,44,524,864,10,6990,1,699),(760,46,650,629,10,1020,1,102),(761,37,377,674,6,287.7,1,47.95),(762,47,558,662,20,139.8,1,6.99),(763,39,320,783,6,774,1,129),(764,42,690,552,8,2656,1,332),(765,42,208,861,18,1404,2,78),(766,38,340,609,8,1584,4,198),(767,40,582,626,10,4999,1,499.9),(768,44,451,783,6,8850,3,1475),(769,42,271,700,13,3497,1,269),(770,41,421,613,9,1259.91,1,139.99),(771,42,562,511,10,2000,2,200),(772,44,153,561,9,2124,1,236),(773,36,561,539,20,6240,4,312),(774,35,7,609,12,841.56,4,70.13),(775,40,46,797,8,135.92,1,16.99),(776,47,94,550,10,3580,1,358),(777,44,47,579,9,718.2,2,79.8),(778,39,647,892,12,215.88,1,17.99),(779,46,653,745,12,2256,1,188),(780,39,572,538,5,184.15,4,36.83),(781,41,578,875,18,279,4,15.5),(782,47,162,637,24,5519.76,4,229.99),(783,44,657,717,9,2699.91,1,299.99),(784,43,433,749,12,10560,1,880),(785,35,387,618,8,5967.92,2,745.99),(786,46,107,895,8,6552,1,819),(787,43,68,829,8,816,3,102),(788,47,597,850,5,395,4,79),(789,43,611,520,12,9096,1,758),(790,43,498,862,10,1799.9,1,179.99),(791,43,397,673,10,1290,1,129),(792,35,170,713,9,1696.5,1,188.5),(793,38,431,824,9,2693.07,1,299.23),(794,35,569,504,4,3996,1,999),(795,39,679,663,10,1210,1,121),(796,46,641,554,9,2772,2,308),(797,43,386,746,6,7794,1,1299),(798,41,641,763,10,239,1,23.9),(799,42,589,676,12,2832,2,236),(800,39,92,634,12,7188,1,599),(801,47,171,800,9,3925.8,1,436.2),(802,39,270,815,12,11998.8,4,999.9),(803,47,19,646,12,3216,2,268),(804,35,411,531,18,358.2,1,19.9),(805,45,11,584,24,3119.76,1,129.99),(806,41,169,872,4,51.8,1,12.95),(807,45,380,614,10,1590,1,159),(808,41,141,532,12,3720,1,310),(809,44,341,583,12,198,2,16.5),(810,42,311,562,9,4005,1,445),(811,47,565,783,2,1999.8,1,999.9),(812,36,56,800,26,4901,4,188.5),(813,42,523,845,4,38,1,9.5),(814,39,456,779,8,4792,1,599),(815,47,607,813,13,1559.87,2,119.99),(816,41,375,796,9,3051,1,339),(817,47,93,633,10,16000,4,1600),(818,41,455,560,10,2300,1,230),(819,35,640,872,10,9990,1,999),(820,39,288,889,10,1299.9,4,129.99),(821,39,240,610,12,792,1,66),(822,35,147,687,26,517.4,1,19.9),(823,36,89,857,26,3379.74,1,129.99),(824,46,683,839,9,495,1,55),(825,41,125,870,9,11691,1,1299),(826,40,636,569,9,2412,1,268),(827,45,121,632,10,2992.3,1,299.23),(828,43,293,755,12,5784,2,482),(829,39,418,728,13,1027,1,79),(830,39,565,835,18,2339.82,2,129.99),(831,42,56,748,10,6330,1,633),(832,39,187,889,12,5628,1,469),(833,40,438,552,9,1682.1,1,186.9),(834,46,252,900,10,7580,1,758),(835,36,89,637,10,6000,1,600),(836,43,19,512,13,5174,1,398),(837,36,3,834,10,959.5,2,95.95),(838,46,167,670,10,2999.9,1,299.99),(839,40,555,724,10,8500,1,850),(840,37,586,840,8,1320,2,165),(841,43,684,607,6,466.08,1,77.68),(842,37,701,526,13,2704,1,208),(843,38,205,609,10,4000,1,400),(844,37,394,603,27,2158.65,2,79.95),(845,47,572,757,24,14112,2,588),(846,40,388,701,12,7200,1,600),(847,35,15,548,10,1999.9,2,199.99),(848,40,352,812,20,11360,2,568),(849,40,150,774,10,4990,4,499),(850,38,473,778,12,3239.4,2,269.95),(851,36,434,850,4,316,1,79),(852,42,636,855,9,3051,1,339),(853,47,221,667,120,568.8,4,4.74),(854,43,532,624,24,5016,1,209),(855,36,605,546,10,499.9,1,49.99),(856,37,459,725,24,3336,1,139),(857,44,696,900,13,389.87,1,29.99),(858,47,540,832,9,1682.1,3,186.9),(859,41,135,755,18,5022,1,279),(860,35,509,883,100,474,1,4.74),(861,45,627,885,20,25980,2,1299),(862,45,89,830,8,3759.76,4,469.97),(863,40,460,717,36,8244,2,229),(864,45,562,735,9,1259.91,2,139.99),(865,40,674,802,18,3321,2,184.5),(866,47,445,812,18,1709.82,1,94.99),(867,40,593,858,2,5304,1,2652),(868,47,519,859,5,1499.5,1,299.9),(869,43,578,669,6,1686,1,281),(870,46,41,640,9,2069.91,1,229.99),(871,45,262,577,18,2159.82,1,119.99),(872,35,54,778,6,179.94,1,29.99),(873,38,584,607,12,9096,4,758),(874,40,21,745,6,5514,1,919),(875,47,648,836,27,2133,4,79),(876,42,244,568,16,784,2,49),(877,37,20,511,18,8442,4,469),(878,45,332,860,12,258.84,1,21.57),(879,42,597,648,6,1776,2,296),(880,38,553,497,4,1248,1,312),(881,43,278,746,9,2529,1,281),(882,37,599,664,5,9090,1,1818),(883,41,592,810,6,154.14,1,25.69),(884,47,174,699,12,3360,1,280),(885,37,220,842,9,2699.91,1,299.99),(886,46,691,601,18,10782,4,599),(887,46,427,563,30,161.7,1,5.39),(888,37,96,757,10,2999.9,1,299.99),(889,46,69,802,4,799.96,1,199.99),(890,40,24,613,72,35992.8,4,499.9),(891,42,375,656,13,11687,1,899),(892,37,526,823,9,2609.91,1,289.99),(893,46,267,527,18,5580,3,310),(894,36,437,548,18,3959.1,1,219.95),(895,37,362,642,16,3696,4,231),(896,40,637,811,10,2290,1,229),(897,38,35,721,80,1199.2,1,14.99),(898,43,39,651,45,242.55,1,5.39),(899,47,659,622,18,10782,1,599),(900,40,528,870,12,7991.28,1,665.94),(901,37,665,767,5,510,1,102),(902,40,596,723,20,5860,2,293),(903,43,116,764,6,13770,2,2295),(904,38,239,754,13,987.87,1,75.99),(905,44,113,592,10,2999,1,299.9),(906,38,393,606,10,1885,1,188.5),(907,35,52,614,13,6487,1,499),(908,42,326,730,26,8034,4,309),(909,42,158,882,48,2064,2,43),(910,37,573,585,10,1880,1,188),(911,41,169,890,27,13497.3,1,499.9),(912,39,446,625,13,3900,1,300),(913,40,192,817,12,1139.88,4,94.99),(914,45,300,834,26,2651.74,1,101.99),(915,39,603,614,10,5000,1,500),(916,37,351,515,4,128,2,32),(917,42,274,505,5,499.95,1,99.99),(918,36,605,557,18,6893.1,1,382.95),(919,44,62,532,4,379.96,1,94.99),(920,40,312,581,9,2699.91,2,299.99),(921,44,498,703,24,768,2,32),(922,46,304,605,30,506.7,1,16.89),(923,47,488,678,13,2989.87,1,229.99),(924,38,566,561,12,7056,1,588),(925,41,579,777,12,186,2,15.5),(926,37,469,782,12,3372,4,281),(927,42,396,664,4,99.96,1,24.99),(928,43,619,635,12,5340,2,445),(929,39,11,725,5,890,2,178),(930,45,309,551,10,690,3,69),(931,37,211,842,12,258.84,4,21.57),(932,43,393,606,12,14219.6,1,1184.97),(933,38,342,678,13,16887,3,1299),(934,41,666,630,48,2399.52,2,49.99),(935,35,283,780,20,2868,1,143.4),(936,36,40,599,12,2496,2,208),(937,46,438,582,3,7956,1,2652),(938,46,52,708,9,1710,1,190),(939,35,29,859,10,2550,4,255),(940,40,252,715,9,350.91,1,38.99),(941,43,667,703,18,751.14,3,41.73),(942,39,322,751,10,2992.3,1,299.23),(943,43,400,504,12,2159.88,1,179.99),(944,46,66,513,12,2280,3,190),(945,44,226,896,20,36378,2,1818.9),(946,45,263,595,4,67.96,1,16.99),(947,47,411,659,18,3204,2,178),(948,47,306,814,8,14551.2,2,1818.9),(949,44,361,554,8,1432,2,179),(950,36,690,712,26,259.74,1,9.99),(951,40,669,858,9,4139.91,1,459.99),(952,44,12,782,9,10664.7,1,1184.97),(953,41,427,888,90,485.1,4,5.39),(954,36,288,675,10,449.9,1,44.99),(955,38,554,692,10,1399.9,1,139.99),(956,39,213,557,24,6478.8,2,269.95),(957,37,42,615,6,149.94,1,24.99),(958,38,145,822,9,2790,1,310),(959,36,264,842,16,643.04,1,40.19),(960,37,175,702,12,3598.8,1,299.9),(961,36,134,735,10,2299.9,1,229.99),(962,40,506,737,5,99.95,1,19.99),(963,44,305,788,10,269.9,1,26.99),(964,47,454,515,10,22950,2,2295),(965,39,32,777,130,648.7,3,4.99),(966,43,376,864,12,2639.4,1,219.95),(967,43,420,577,9,28799.9,1,3199.99),(968,46,323,582,10,3999.9,1,399.99),(969,36,583,732,12,1199.88,2,99.99),(970,46,445,538,8,3272,1,409),(971,41,374,734,10,779.9,1,77.99),(972,36,597,761,9,458.91,1,50.99),(973,36,6,600,9,2529,1,281),(974,37,580,501,9,148.5,1,16.5),(975,46,687,595,13,8060,2,620),(976,37,12,698,13,16887,3,1299),(977,36,672,877,9,981,2,109),(978,37,95,648,9,1350,1,150),(979,44,488,590,10,4930,1,493),(980,44,600,866,10,2799.9,1,279.99),(981,45,685,632,5,815,1,163),(982,45,437,858,12,3599.88,1,299.99),(983,38,605,499,10,2299.9,1,229.99),(984,41,632,898,10,3010,1,301),(985,45,622,808,9,6822,1,758),(986,40,523,869,6,180,1,30),(987,44,687,698,10,6450,1,645),(988,39,474,806,3,168,2,56),(989,36,251,615,6,539.4,1,89.9),(990,46,170,585,12,10788,1,899),(991,38,24,609,5,995,1,199),(992,39,475,687,12,1223.88,1,101.99),(993,44,256,772,10,999.9,1,99.99),(994,35,353,656,24,4032,1,168),(995,40,364,854,18,2070,4,115),(996,39,143,695,18,504,2,28),(997,45,178,709,6,1872,1,312),(998,44,552,642,10,2999.9,1,299.99),(999,45,297,706,24,4319.76,2,179.99),(1000,39,445,610,4,396,1,99),(1001,45,193,768,8,6392,1,799),(1002,45,570,715,18,2322,2,129),(1003,40,103,727,45,404.55,1,8.99),(1004,40,230,683,12,5988,1,499),(1005,47,156,836,6,1488,1,248),(1006,41,23,528,9,4491,1,499),(1007,47,310,505,6,719.94,1,119.99),(1008,46,8,559,10,2300,1,230),(1009,45,108,728,10,1340,1,134),(1010,45,95,895,24,4560,1,190),(1011,35,410,617,2,5305.8,1,2652.9),(1012,35,388,681,10,199.9,4,19.99),(1013,38,73,647,9,3925.8,1,436.2),(1014,39,273,802,13,9087,1,699),(1015,36,620,544,9,1341,4,149),(1016,45,143,661,9,1782,1,198),(1017,37,531,531,4,439.96,1,109.99),(1018,37,663,850,12,3984,4,332),(1019,38,34,577,5,140,1,28),(1020,37,553,642,5,740,1,148),(1021,37,646,604,18,41310,2,2295),(1022,40,99,798,10,4990,2,499),(1023,37,505,513,8,728,3,91),(1024,44,437,838,13,1937,1,149),(1025,41,398,667,9,4437,1,493),(1026,37,107,618,80,1199.2,1,14.99),(1027,44,336,694,10,2599.9,1,259.99),(1028,35,687,669,20,9380,2,469),(1029,44,302,778,10,126.6,1,12.66),(1030,43,481,542,24,623.76,2,25.99),(1031,38,132,846,40,4799.6,2,119.99),(1032,45,590,668,9,2601,1,289),(1033,42,238,860,5,599.95,2,119.99),(1034,46,8,733,4,519.96,1,129.99),(1035,37,229,517,4,652,2,163),(1036,44,191,617,10,5680,2,568),(1037,38,370,818,10,1399.9,2,139.99),(1038,46,106,746,4,319.8,1,79.95),(1039,38,412,542,4,407.96,1,101.99),(1040,40,73,846,8,191.2,1,23.9),(1041,45,512,583,5,1345,3,269),(1042,46,579,718,12,8388,1,699),(1043,38,85,799,9,5391,1,599),(1044,46,197,531,10,255,1,25.5),(1045,42,24,699,20,2399.8,1,119.99),(1046,41,646,513,26,779.74,1,29.99),(1047,46,155,612,6,1416,1,236),(1048,39,598,557,9,1619.91,4,179.99),(1049,39,615,778,6,894,1,149),(1050,41,481,774,5,4.75,2,0.95),(1051,47,620,803,13,1742,2,134),(1052,35,53,834,9,1800,1,200),(1053,38,517,557,12,5916,1,493),(1054,39,425,603,9,3051,1,339),(1055,42,289,584,4,159.6,1,39.9),(1056,36,177,735,26,13000,1,500),(1057,46,144,647,10,3000,1,300),(1058,38,429,561,13,129.87,1,9.99),(1059,47,544,497,12,4800,1,400),(1060,35,393,660,8,76,2,9.5),(1061,38,213,636,18,5382,1,299),(1062,39,222,658,10,2680,1,268),(1063,38,581,731,15,3448.5,1,229.9),(1064,42,197,809,2,64,2,32),(1065,37,674,508,4,166.92,1,41.73),(1066,37,575,575,26,544.96,1,20.96),(1067,40,514,790,8,2712,4,339),(1068,44,282,821,13,333.97,1,25.69),(1069,40,9,786,12,5988,1,499),(1070,46,261,579,10,300,1,30),(1071,42,676,839,12,2496,1,208),(1072,43,536,693,10,3849,2,384.9),(1073,46,210,699,10,4599.9,1,459.99),(1074,38,29,889,13,7644,1,588),(1075,41,622,525,9,6713.91,1,745.99),(1076,40,118,698,6,2280,1,380),(1077,39,469,613,13,649.48,3,49.96),(1078,46,365,605,18,13644,1,758),(1079,41,263,670,10,1799.9,1,179.99),(1080,43,501,509,10,2799.9,1,279.99),(1081,41,641,639,6,569.94,1,94.99),(1082,44,141,900,12,1558.8,1,129.9),(1083,36,319,823,12,3599.88,3,299.99),(1084,47,429,711,16,1104,1,69),(1085,45,305,847,13,2145,2,165),(1086,39,450,501,6,258,2,43),(1087,44,270,579,18,359.82,1,19.99),(1088,43,621,588,9,3051,1,339),(1089,36,255,562,10,429.9,1,42.99),(1090,35,444,750,10,289.9,1,28.99),(1091,46,149,790,5,999.95,1,199.99),(1092,39,397,768,10,249.9,1,24.99),(1093,36,650,896,10,1299.9,1,129.99),(1094,40,283,587,12,5064,1,422),(1095,41,350,634,8,920,1,115),(1096,45,72,650,12,2784,1,232),(1097,39,628,631,20,99.8,4,4.99),(1098,46,99,644,4,1196,1,299),(1099,45,229,620,18,13644,2,758),(1100,46,529,637,9,3591,2,399),(1101,41,495,827,18,1262.34,2,70.13),(1102,37,123,755,12,17700,1,1475),(1103,39,650,740,13,3899.87,1,299.99),(1104,42,173,608,12,5234.4,1,436.2),(1105,44,291,690,24,1251.12,1,52.13),(1106,39,330,711,6,1385.4,1,230.9),(1107,45,243,582,13,7787,1,599),(1108,40,343,811,18,2879.82,4,159.99),(1109,35,538,614,12,3600,4,300),(1110,47,183,825,50,344,1,6.88),(1111,41,86,845,48,14395.2,2,299.9),(1112,39,615,675,200,670,3,3.35),(1113,46,214,721,18,3060,1,170),(1114,45,233,525,6,420.78,2,70.13),(1115,45,275,706,6,779.4,1,129.9),(1116,35,689,742,18,5398.2,1,299.9),(1117,40,694,780,8,5087.92,1,635.99),(1118,44,322,497,12,1199.88,4,99.99),(1119,41,367,656,12,17700,1,1475),(1120,38,464,695,13,3315,1,255),(1121,42,568,661,13,2717,1,209),(1122,40,7,656,26,338,2,13),(1123,43,614,870,6,978,2,163),(1124,41,343,593,10,2575,1,257.5),(1125,39,664,627,12,2496,2,208),(1126,47,691,773,10,1630,1,163),(1127,47,511,746,13,767,1,59),(1128,36,474,759,9,206.01,1,22.89),(1129,43,287,545,6,404.4,1,67.4),(1130,45,282,888,10,3340,1,334),(1131,40,306,698,10,550,1,55),(1132,38,79,723,12,4920,4,410),(1133,42,330,585,10,6890,1,689),(1134,37,372,866,12,3599.88,1,299.99),(1135,47,508,756,13,1417,1,109),(1136,35,124,691,9,2416.5,1,268.5),(1137,46,367,631,10,2080,4,208),(1138,36,393,559,10,2799.9,1,279.99),(1139,38,654,568,10,1299,1,129.9),(1140,45,69,757,10,250,1,25),(1141,43,323,518,10,2899.9,1,289.99),(1142,37,59,527,20,2999.8,2,149.99),(1143,37,137,844,13,325,1,25),(1144,41,70,632,12,3960,1,330),(1145,40,651,724,13,3809,1,293),(1146,39,346,524,6,15917.4,1,2652.9),(1147,47,226,601,9,2790,2,310),(1148,36,581,518,10,1799.9,1,179.99),(1149,38,280,654,4,119.96,4,29.99),(1150,42,48,634,20,99.8,1,4.99),(1151,45,373,537,12,1679.88,1,139.99),(1152,44,573,718,24,2879.76,1,119.99),(1153,40,674,628,9,5391,3,599),(1154,43,602,682,26,4159.74,2,159.99),(1155,43,61,663,5,599.95,1,119.99),(1156,40,189,581,12,186,1,15.5),(1157,40,635,739,26,4238,1,163),(1158,44,115,890,13,149.5,1,11.5),(1159,38,239,613,10,18189,4,1818.9),(1160,46,529,675,10,2992.3,2,299.23),(1161,44,269,859,10,139,1,13.9),(1162,42,45,599,12,5184,1,432),(1163,46,587,593,10,12990,1,1299),(1164,42,114,495,9,117,1,13),(1165,39,175,717,6,335.4,2,55.9),(1166,42,567,722,12,6816,1,568),(1167,38,677,611,10,1399.9,4,139.99),(1168,37,432,496,18,11286,1,627),(1169,47,252,627,20,3300,4,165),(1170,47,672,721,20,3120,2,156),(1171,39,484,748,12,166.8,2,13.9),(1172,39,393,557,13,467.87,1,35.99),(1173,47,162,508,130,908.7,2,6.99),(1174,35,7,829,6,1200,1,200),(1175,39,447,516,12,957.6,2,79.8),(1176,38,135,504,8,5592,1,699),(1177,36,329,731,10,3999.9,1,399.99),(1178,39,245,675,10,16500,1,1650),(1179,46,147,686,30,7080,2,236),(1180,36,578,560,8,239.92,1,29.99),(1181,46,435,871,480,7195.2,1,14.99),(1182,43,174,520,12,3359.88,1,279.99),(1183,42,295,812,6,396,1,66),(1184,35,236,681,8,4064,4,508),(1185,35,537,546,10,1799.9,1,179.99),(1186,39,540,874,13,559,4,43),(1187,43,640,612,6,93.6,1,15.6),(1188,41,148,741,9,719.55,1,79.95),(1189,45,290,860,20,719.8,4,35.99),(1190,47,431,799,9,117,1,13),(1191,46,688,599,10,3390,1,339),(1192,37,550,895,10,8800,3,880),(1193,38,536,607,12,349.08,2,29.09),(1194,41,388,571,10,4599.9,1,459.99),(1195,45,332,776,24,1584,1,66),(1196,44,450,766,13,9087,1,699),(1197,38,470,880,4,379.96,1,94.99),(1198,40,229,829,2,1998,1,999),(1199,35,348,507,10,8890,3,889),(1200,38,18,709,4,39.96,1,9.99),(1201,42,679,840,10,1885,1,188.5),(1202,36,378,551,10,2900,2,290),(1203,41,513,882,5,645,3,129),(1204,37,271,708,24,43653.6,2,1818.9),(1205,47,266,608,72,1648.8,2,22.9),(1206,42,433,761,10,2990,2,299),(1207,45,307,608,20,2039.8,2,101.99),(1208,42,442,674,9,1467,1,163),(1209,38,180,748,36,4319.64,1,119.99),(1210,36,691,549,10,2799.9,1,279.99),(1211,42,285,613,6,119.4,1,19.9),(1212,42,281,787,6,7794,1,1299),(1213,44,90,662,24,21117.6,3,879.9),(1214,36,312,511,4,519.6,1,129.9),(1215,46,251,538,18,4679.82,2,259.99),(1216,40,157,598,6,719.94,3,119.99),(1217,46,125,596,10,2290,1,229),(1218,46,70,496,24,31176,2,1299),(1219,39,517,602,10,3580,3,358),(1220,46,246,772,20,1380,1,69),(1221,35,629,540,20,2399.8,3,119.99),(1222,43,180,669,40,199.2,2,4.98),(1223,41,350,535,2,86,2,43),(1224,44,689,519,6,612,1,102),(1225,42,398,865,13,5670.6,1,436.2),(1226,35,53,814,24,18192,3,758),(1227,37,77,769,10,2190,4,219),(1228,40,201,820,12,8388,1,699),(1229,46,269,764,24,1200,1,50),(1230,42,280,655,12,2508,2,209),(1231,44,582,496,10,1199.9,1,119.99),(1232,35,428,889,9,4229.73,1,469.97),(1233,35,210,594,100,335,2,3.35),(1234,39,433,870,12,1308,2,109),(1235,38,273,686,10,3829.5,1,382.95),(1236,47,654,876,13,6409,3,493),(1237,46,591,847,12,1720.8,1,143.4),(1238,47,133,769,10,2156.2,4,215.62),(1239,41,494,714,12,3096,1,258),(1240,44,17,648,10,4450,1,445),(1241,41,572,641,5,999.95,1,199.99),(1242,43,126,822,12,600,2,50),(1243,40,475,666,24,10468.8,2,436.2),(1244,39,504,869,20,6999,4,349.95),(1245,40,20,557,10,733.9,2,73.39),(1246,47,110,644,10,4599.9,4,459.99),(1247,47,510,762,2,3978,1,1989),(1248,36,617,598,10,5860,1,586),(1249,35,362,525,16,227.04,3,14.19),(1250,42,553,847,9,3222,1,358),(1251,43,62,668,6,96,1,16),(1252,43,11,714,8,1119.92,4,139.99),(1253,40,479,616,12,4068,1,339),(1254,35,119,781,4,379.96,2,94.99),(1255,40,43,692,9,3006,1,334),(1256,38,245,611,8,1599.92,4,199.99),(1257,37,277,814,6,1794,1,299),(1258,39,313,861,20,600,1,30),(1259,39,153,640,10,1150,4,115),(1260,41,528,700,5,64.95,2,12.99),(1261,40,320,793,39,5031,4,129),(1262,46,213,663,6,719.94,1,119.99),(1263,37,395,819,12,3222,1,268.5),(1264,42,182,718,13,1677,3,129),(1265,43,410,638,4,516,1,129),(1266,42,39,731,90,799.2,3,8.88),(1267,47,363,555,4,680,1,170),(1268,42,94,687,10,2680,1,268),(1269,40,536,496,12,4595.4,1,382.95),(1270,42,133,604,20,4600,3,230),(1271,39,140,503,20,560,1,28),(1272,39,131,626,4,556,1,139),(1273,35,237,724,9,4005,1,445),(1274,40,309,647,12,5508,1,459),(1275,36,530,848,27,9423,1,349),(1276,37,334,863,9,206.01,1,22.89),(1277,42,270,816,10,1090,2,109),(1278,43,374,553,4,652,4,163),(1279,37,256,784,120,1198.8,1,9.99),(1280,44,236,504,20,2780,3,139),(1281,36,574,584,10,4600,1,460),(1282,47,200,497,9,1079.91,1,119.99),(1283,38,90,595,9,8721,2,969),(1284,35,131,679,10,3190,1,319),(1285,47,609,590,20,859.8,4,42.99),(1286,44,33,617,16,227.04,1,14.19),(1287,42,304,738,10,2000,2,200),(1288,38,172,645,9,3006,1,334),(1289,39,304,848,9,5697,2,633),(1290,40,401,615,9,5292,1,588),(1291,39,109,522,10,165,1,16.5),(1292,47,526,720,12,3119.88,1,259.99),(1293,36,532,745,39,18291,1,469),(1294,45,226,659,10,169,1,16.9),(1295,47,73,689,13,2080,4,160),(1296,37,258,499,5,164.45,1,32.89),(1297,41,143,718,5,154.95,2,30.99),(1298,35,361,605,12,2159.88,1,179.99),(1299,47,679,581,18,358.2,4,19.9),(1300,36,30,630,13,12844,1,988),(1301,41,633,850,24,9599.76,2,399.99),(1302,41,290,591,10,3080,1,308),(1303,38,584,799,4,39.96,2,9.99),(1304,44,236,545,8,6552,1,819),(1305,42,479,844,8,3759.76,1,469.97),(1306,43,508,659,13,362.7,1,27.9),(1307,41,248,744,12,360,1,30),(1308,40,56,735,10,2499.9,1,249.99),(1309,44,568,877,12,8388,1,699),(1310,42,664,744,18,1259.82,4,69.99),(1311,43,656,685,24,1896,1,79),(1312,42,269,748,48,1536,4,32),(1313,44,262,900,9,9270,1,1030),(1314,47,493,497,10,4290,1,429),(1315,36,224,647,10,9800,1,980),(1316,37,324,568,10,1650,1,165),(1317,35,446,655,5,337,1,67.4),(1318,38,622,584,9,4005,1,445),(1319,35,241,641,13,2444,1,188),(1320,35,401,801,6,11934,2,1989),(1321,44,406,867,12,4824,1,402),(1322,38,324,583,10,2999.9,1,299.99),(1323,36,626,780,10,2685,1,268.5),(1324,35,317,610,12,3599.88,2,299.99),(1325,38,648,670,6,8850,1,1475),(1326,43,636,897,13,1508,1,116),(1327,38,515,715,10,6359.9,3,635.99),(1328,40,349,697,9,152.91,1,16.99),(1329,41,427,598,8,759.92,2,94.99),(1330,40,293,538,9,7740,1,860),(1331,45,421,533,13,350.87,1,26.99),(1332,45,354,670,12,359.4,1,29.95),(1333,45,64,887,20,1100,1,55),(1334,47,347,507,13,1039.35,4,79.95),(1335,39,140,691,27,13497.3,1,499.9),(1336,36,123,811,9,387,4,43),(1337,43,501,790,9,2610,4,290),(1338,43,353,552,22,151.58,1,6.89),(1339,44,137,585,6,89.94,1,14.99),(1340,43,146,806,6,7794,4,1299),(1341,37,439,769,10,138.9,1,13.89),(1342,41,225,551,24,3096,1,129),(1343,46,466,707,4,396,1,99),(1344,39,477,556,9,989.55,2,109.95),(1345,40,464,839,6,299.76,1,49.96),(1346,46,376,638,4,379.96,1,94.99),(1347,44,82,752,20,4598,3,229.9),(1348,45,682,897,9,3861,2,429),(1349,47,30,644,9,206.91,1,22.99),(1350,41,387,821,10,3999.9,1,399.99),(1351,37,572,667,27,6749.73,3,249.99),(1352,39,451,610,5,649.95,1,129.99),(1353,45,99,712,12,27540,1,2295),(1354,38,371,844,10,2575,4,257.5),(1355,41,286,685,10,1885,4,188.5),(1356,38,373,882,26,1054.3,1,40.55),(1357,44,397,707,12,1522.8,2,126.9),(1358,36,410,504,50,269.5,1,5.39),(1359,41,76,514,5,1560,1,312),(1360,44,149,806,13,569.53,1,43.81),(1361,42,546,812,40,1280,2,32),(1362,40,167,860,12,443.88,2,36.99),(1363,37,607,634,6,179.94,4,29.99),(1364,39,590,863,18,10782,1,599),(1365,40,556,677,6,2280,2,380),(1366,35,123,546,27,2699.73,3,99.99),(1367,36,465,505,12,2159.88,4,179.99),(1368,39,211,694,10,229.9,1,22.99),(1369,41,458,561,10,3580,3,358),(1370,36,687,883,26,28574,4,1099),(1371,41,79,518,6,1140,1,190),(1372,45,41,578,6,1794,1,299),(1373,36,638,620,12,17700,1,1475),(1374,44,508,508,5,202.75,1,40.55),(1375,42,570,635,6,69,2,11.5),(1376,41,149,552,10,1299.9,1,129.99),(1377,44,386,717,20,7659,2,382.95),(1378,42,626,886,10,2360,4,236),(1379,43,44,521,9,6291,1,699),(1380,43,403,557,4,6396,1,1599),(1381,46,159,612,12,8388,1,699),(1382,38,312,790,10,126.6,1,12.66),(1383,38,294,669,12,2399.88,1,199.99),(1384,44,36,712,10,1690,3,169),(1385,46,588,520,10,229,1,22.9),(1386,35,212,850,12,198,1,16.5),(1387,45,628,776,10,430,4,43),(1388,42,616,516,10,1900,2,190),(1389,43,206,555,13,5785,1,445),(1390,37,495,605,9,1799.91,4,199.99),(1391,36,239,876,8,4800,1,600),(1392,45,130,511,12,323.88,2,26.99),(1393,39,96,706,20,5399,1,269.95),(1394,43,474,747,5,70.95,1,14.19),(1395,37,67,555,20,4598,1,229.9),(1396,37,73,710,13,1688.7,3,129.9),(1397,35,326,585,6,611.94,2,101.99),(1398,38,630,741,2,112,2,56),(1399,45,354,542,5,495,4,99),(1400,37,578,731,13,3769.87,1,289.99),(1401,46,674,625,10,2930,2,293),(1402,38,633,719,12,575.4,1,47.95),(1403,35,315,694,10,1199.9,4,119.99),(1404,35,61,743,9,854.91,1,94.99),(1405,40,418,828,5,645,1,129),(1406,45,599,743,5,549.95,1,109.99),(1407,36,101,666,12,3456,1,288),(1408,42,6,610,26,413.4,1,15.9),(1409,39,212,693,13,3887,1,299),(1410,47,396,867,13,4017,1,309),(1411,36,280,512,18,5904,1,328),(1412,36,208,572,18,774,2,43),(1413,47,334,499,10,3800,1,380),(1414,38,413,604,10,3829.5,1,382.95),(1415,41,19,889,10,3100,1,310),(1416,35,57,689,6,250.38,1,41.73),(1417,39,116,788,4,516,2,129),(1418,44,9,563,10,5890,3,589),(1419,39,623,690,26,5200,1,200),(1420,41,568,768,10,3000,1,300),(1421,38,443,859,12,2508,1,209),(1422,36,121,820,9,2691,2,299),(1423,39,492,895,8,799.92,1,99.99),(1424,43,456,829,10,31999.9,1,3199.99),(1425,43,370,896,10,4450,1,445),(1426,40,387,505,12,8268,1,689),(1427,40,328,831,9,1971,4,219),(1428,35,230,520,5,645,1,129),(1429,38,428,624,12,4824,1,402),(1430,38,13,813,5,284.5,1,56.9),(1431,45,595,565,12,38399.9,1,3199.99),(1432,40,596,878,12,11998.8,2,999.9),(1433,44,240,739,10,799.5,2,79.95),(1434,38,243,776,8,2928,1,366),(1435,45,145,777,4,47.6,1,11.9),(1436,42,25,875,10,2930,1,293),(1437,39,648,553,10,3580,3,358),(1438,42,11,693,10,3100,2,310),(1439,40,201,814,24,17903.8,4,745.99),(1440,39,643,664,26,986.7,1,37.95),(1441,46,611,709,13,21450,1,1650),(1442,39,514,836,13,2398.5,4,184.5),(1443,42,109,868,9,1341,3,149),(1444,35,272,621,18,1835.82,1,101.99),(1445,40,648,834,5,149.95,1,29.99),(1446,45,658,741,10,1399.9,1,139.99),(1447,46,306,879,5,77.5,1,15.5),(1448,38,652,529,10,126.6,1,12.66),(1449,41,696,711,10,2309,1,230.9),(1450,35,483,799,6,3822,1,637),(1451,39,219,825,24,1864.32,1,77.68),(1452,39,624,687,13,2470,2,190),(1453,46,369,850,6,990,1,165),(1454,41,436,900,9,206.01,2,22.89),(1455,46,464,841,10,2310,1,231),(1456,45,80,777,10,3260,4,326),(1457,39,355,588,6,468,1,78),(1458,41,497,813,4,1030,2,257.5),(1459,38,482,884,6,71.4,1,11.9),(1460,45,431,685,5,510,1,102),(1461,38,269,809,13,2574,1,198),(1462,37,603,695,10,2890,1,289),(1463,42,500,824,12,959.4,2,79.95),(1464,38,693,538,12,11998.8,2,999.9),(1465,41,542,749,5,1570,1,314),(1466,35,98,851,5,495,1,99),(1467,37,685,568,5,499.95,4,99.99),(1468,40,420,787,10,119,4,11.9),(1469,41,676,535,36,2872.8,2,79.8),(1470,45,24,835,12,2639.4,4,219.95),(1471,39,139,790,18,13743.2,2,763.51),(1472,38,196,879,13,20800,1,1600),(1473,36,408,590,18,5220,3,290),(1474,46,100,868,4,67.6,1,16.9),(1475,40,204,899,20,1999.8,1,99.99),(1476,35,523,660,2,3636,1,1818),(1477,41,438,838,20,2360,4,118),(1478,46,114,800,5,164.45,1,32.89),(1479,47,45,756,12,431.88,1,35.99),(1480,46,190,624,12,8388,1,699),(1481,40,342,504,40,679.6,1,16.99),(1482,42,613,889,26,14768,2,568),(1483,44,570,648,8,1832,1,229),(1484,41,16,700,13,4030,1,310),(1485,39,491,731,12,7584,1,632),(1486,41,588,840,10,8380,1,838),(1487,35,637,658,10,228.9,1,22.89),(1488,43,631,708,45,764.55,1,16.99),(1489,44,75,660,26,1507.74,2,57.99),(1490,45,209,560,5,1499.5,1,299.9),(1491,47,252,708,12,3588,1,299),(1492,38,71,725,10,19890,2,1989),(1493,38,362,643,10,1340,1,134),(1494,44,663,747,8,1520,1,190),(1495,38,686,778,18,1835.82,1,101.99),(1496,42,139,871,9,2699.91,1,299.99),(1497,39,434,696,10,2299.9,1,229.99),(1498,39,378,673,10,6359.9,1,635.99),(1499,47,343,751,12,4788,1,399),(1500,38,682,673,10,1299.9,1,129.99),(1501,36,415,614,12,932.16,4,77.68),(1502,46,79,804,78,3354,2,43),(1503,43,512,670,12,5508,2,459),(1504,35,592,553,12,7200,1,600),(1505,46,287,660,6,599.94,1,99.99),(1506,44,336,574,9,179.1,1,19.9),(1507,45,267,761,10,228.9,1,22.89),(1508,41,584,553,50,844.5,1,16.89),(1509,39,110,627,5,215,4,43),(1510,35,528,707,24,6720,4,280),(1511,44,162,760,10,7580,3,758),(1512,35,653,762,18,2339.82,4,129.99),(1513,44,89,738,18,5382,4,299),(1514,36,579,769,9,2609.91,1,289.99),(1515,37,189,699,18,1439.1,1,79.95),(1516,38,501,522,4,3996,1,999),(1517,45,360,861,20,107.8,1,5.39),(1518,43,685,512,10,479.5,2,47.95),(1519,37,169,534,26,389.74,1,14.99),(1520,45,51,690,24,6456,1,269),(1521,38,29,659,16,12128,4,758),(1522,42,551,811,6,779.4,1,129.9),(1523,39,538,776,10,5680,1,568),(1524,35,157,865,10,2290,1,229),(1525,40,700,845,9,631.17,2,70.13),(1526,44,460,795,8,2072,1,259),(1527,46,634,566,13,4030,2,310),(1528,37,443,505,12,3720,1,310),(1529,44,129,808,12,5124,1,427),(1530,41,63,807,10,5690,1,569),(1531,35,440,653,12,299.88,2,24.99),(1532,35,308,755,18,774,4,43),(1533,37,90,724,60,532.8,1,8.88),(1534,43,324,845,6,479.7,1,79.95),(1535,41,410,821,480,1608,2,3.35),(1536,46,679,631,10,15990,2,1599),(1537,46,161,801,9,5723.91,1,635.99),(1538,43,652,693,9,1629,1,181),(1539,44,47,625,6,654,1,109),(1540,42,490,768,12,276,1,23),(1541,40,514,892,10,199.9,1,19.99),(1542,42,23,515,10,3580,2,358),(1543,46,494,724,20,599.8,3,29.99),(1544,44,432,618,20,3260,2,163),(1545,36,40,806,13,5226,3,402),(1546,46,143,845,18,4662,1,259),(1547,46,468,801,10,4450,1,445),(1548,44,692,768,18,1398.24,2,77.68),(1549,40,668,596,8,2040,4,255),(1550,43,329,646,9,2052,1,228),(1551,41,643,724,9,5723.91,1,635.99),(1552,41,400,624,6,779.4,1,129.9),(1553,45,96,825,10,1490,1,149),(1554,47,533,602,18,5220,3,290),(1555,43,105,788,12,11976,1,998),(1556,42,553,545,8,223.2,1,27.9),(1557,45,334,854,10,14750,1,1475),(1558,40,107,646,12,3599.88,4,299.99),(1559,46,644,706,13,4407,1,339),(1560,43,460,683,9,148.5,1,16.5),(1561,37,655,582,6,71.4,1,11.9),(1562,39,265,641,18,179.82,2,9.99),(1563,46,634,671,10,1980,1,198),(1564,44,667,594,10,1885,2,188.5),(1565,36,601,511,6,774,1,129),(1566,47,81,799,12,841.56,4,70.13),(1567,40,663,869,12,3588,4,299),(1568,35,528,763,10,2799.9,4,279.99),(1569,36,500,691,10,2680,1,268),(1570,42,25,892,8,344,2,43),(1571,46,244,707,18,665.82,2,36.99),(1572,40,301,837,9,3321,2,369),(1573,39,88,768,5,509.95,1,101.99),(1574,46,116,720,12,3479.88,1,289.99),(1575,41,236,737,6,153,1,25.5),(1576,47,640,797,9,2295,2,255),(1577,45,376,523,80,268,1,3.35),(1578,44,233,856,6,779.4,1,129.9),(1579,40,89,588,5,815,1,163),(1580,45,273,650,72,8639.28,2,119.99),(1581,45,134,495,4,800,1,200),(1582,47,429,772,6,779.94,1,129.99),(1583,41,25,506,6,611.94,1,101.99),(1584,36,227,517,6,1128,1,188),(1585,40,396,695,24,3840,3,160),(1586,43,411,661,4,6396,1,1599),(1587,42,143,863,10,4930,1,493),(1588,42,497,629,10,1499.9,2,149.99),(1589,47,105,765,30,5999.7,3,199.99),(1590,38,680,702,10,1490,2,149),(1591,41,333,735,4,660,1,165),(1592,40,72,625,24,5278.8,4,219.95),(1593,43,360,795,50,444,1,8.88),(1594,35,636,719,10,279,1,27.9),(1595,38,436,501,9,2412,4,268),(1596,39,486,781,10,2599.9,1,259.99),(1597,37,24,496,5,350.65,2,70.13),(1598,44,472,509,39,1638,4,42),(1599,40,335,827,13,2977,1,229),(1600,42,27,528,24,3912,4,163),(1601,47,248,560,13,168.35,1,12.95),(1602,37,241,632,12,5519.88,1,459.99),(1603,47,387,859,20,5199.8,3,259.99),(1604,47,562,873,26,3119.74,1,119.99),(1605,38,693,818,10,4569,1,456.9),(1606,47,46,871,26,8528,2,328),(1607,38,608,639,10,99.9,1,9.99),(1608,46,587,874,9,2610,1,290),(1609,39,612,805,10,1900,1,190),(1610,47,564,532,10,228.9,1,22.89),(1611,35,192,496,5,57.5,3,11.5),(1612,37,420,755,10,3919,1,391.9),(1613,40,622,792,20,2199.8,1,109.99),(1614,39,308,787,13,518.7,1,39.9),(1615,38,451,695,9,3446.55,1,382.95),(1616,45,219,615,9,699.12,1,77.68),(1617,44,608,769,9,2070,3,230),(1618,38,511,823,12,2976,4,248),(1619,45,595,738,72,18540,4,257.5),(1620,40,644,756,9,2898,4,322),(1621,46,599,594,10,2299.9,1,229.99),(1622,42,183,836,36,5328,2,148),(1623,36,601,743,10,1960,1,196),(1624,43,604,535,10,8600,1,860),(1625,43,196,500,10,4310,2,431),(1626,47,57,761,39,5459.61,4,139.99),(1627,47,353,621,10,4090,1,409),(1628,40,164,673,60,298.8,1,4.98),(1629,47,107,838,20,2399.8,4,119.99),(1630,40,197,852,260,1055.6,1,4.06),(1631,37,196,804,9,1259.91,1,139.99),(1632,45,217,679,5,599.95,1,119.99),(1633,37,90,594,10,259.9,1,25.99),(1634,44,600,558,60,5220,2,87),(1635,37,372,619,26,2078.7,4,79.95),(1636,47,98,496,13,3497,1,269),(1637,46,690,593,13,2559.7,1,196.9),(1638,39,19,678,12,1319.88,4,109.99),(1639,35,204,773,9,4499.1,1,499.9),(1640,40,602,542,9,2317.5,3,257.5),(1641,47,607,832,12,5184,1,432),(1642,40,473,635,6,15917.4,1,2652.9),(1643,36,592,736,4,319.8,1,79.95),(1644,38,210,712,8,311.92,1,38.99),(1645,44,397,583,6,5999.4,4,999.9),(1646,37,541,814,9,5301,2,589),(1647,40,73,534,12,3359.88,1,279.99),(1648,38,406,880,10,1900,1,190),(1649,41,311,630,18,8459.46,2,469.97),(1650,36,164,875,10,999.9,1,99.99),(1651,40,651,662,9,2700,1,300),(1652,39,522,717,18,6893.1,3,382.95),(1653,38,429,662,12,2388,2,199),(1654,45,590,626,6,89.94,1,14.99),(1655,42,299,515,8,7999.2,4,999.9),(1656,44,255,689,9,2699.91,1,299.99),(1657,45,608,614,20,1120,2,56),(1658,43,76,589,13,941.85,2,72.45),(1659,35,702,573,36,17964,3,499),(1660,39,152,667,13,3484,1,268),(1661,37,59,622,5,474.95,1,94.99),(1662,45,360,816,5,815,1,163),(1663,40,180,752,24,4319.76,3,179.99),(1664,41,405,717,12,10560,1,880),(1665,42,691,678,24,3117.6,1,129.9),(1666,39,184,805,9,612,1,68),(1667,41,439,686,2,56,2,28),(1668,41,673,669,20,3980,2,199),(1669,44,518,870,12,5124,1,427),(1670,43,406,703,9,917.91,1,101.99),(1671,39,125,822,9,1800,1,200),(1672,44,566,859,2,1998,1,999),(1673,40,676,593,5,474.95,4,94.99),(1674,46,206,554,10,12990,1,1299),(1675,37,240,734,12,1439.88,1,119.99),(1676,43,609,739,12,239.4,2,19.95),(1677,45,320,621,8,2608,1,326),(1678,38,350,568,12,10668,1,889),(1679,39,617,831,13,9854,1,758),(1680,43,54,829,13,325,1,25),(1681,46,326,832,10,3390,1,339),(1682,42,203,581,24,1138.56,2,47.44),(1683,45,299,693,12,3948,1,329),(1684,44,474,596,9,1431,1,159),(1685,41,575,741,18,5398.2,1,299.9),(1686,42,420,869,10,4600,4,460),(1687,40,262,567,9,394.29,1,43.81),(1688,43,231,663,8,239.2,1,29.9),(1689,38,103,518,8,3184,1,398),(1690,44,90,546,12,2256,1,188),(1691,44,580,646,8,7992,4,999),(1692,42,422,551,4,276,1,69),(1693,45,601,568,10,7459.9,1,745.99),(1694,41,308,539,10,990,1,99),(1695,44,131,758,27,702,2,26),(1696,44,389,682,12,3192,1,266),(1697,40,622,599,13,5199.87,1,399.99),(1698,41,457,870,10,1360,1,136),(1699,37,273,887,6,9594,1,1599),(1700,44,98,749,13,8827,1,679),(1701,47,332,761,5,995,1,199),(1702,42,452,530,3,96,2,32),(1703,44,360,874,10,230,1,23),(1704,37,396,876,6,287.7,1,47.95),(1705,39,229,737,9,6291,1,699),(1706,41,99,867,13,1819.87,1,139.99),(1707,41,691,772,12,1319.88,2,109.99),(1708,43,642,824,6,1872,1,312),(1709,45,314,648,10,2660,3,266),(1710,45,116,527,10,1210,4,121),(1711,39,209,679,6,5814,1,969),(1712,39,190,857,20,4000,2,200),(1713,38,660,855,10,3220,2,322),(1714,43,665,607,6,1872,1,312),(1715,46,233,559,13,5199.87,1,399.99),(1716,39,259,868,12,3696,4,308),(1717,38,530,844,9,2952,1,328),(1718,46,74,890,26,3377.4,1,129.9),(1719,42,397,606,80,235.2,1,2.94),(1720,45,682,807,10,5990,2,599),(1721,36,573,866,9,2061,1,229),(1722,36,52,823,9,2412,1,268),(1723,42,679,757,10,126.6,1,12.66),(1724,40,346,682,20,6020,3,301),(1725,40,660,867,4,6399.6,1,1599.9),(1726,41,98,547,10,449.9,1,44.99),(1727,46,18,564,4,399.96,1,99.99),(1728,46,114,780,9,2637,1,293),(1729,40,390,591,9,6291,1,699),(1730,37,87,858,9,4572,1,508),(1731,44,117,739,9,854.91,4,94.99),(1732,42,80,523,10,7580,1,758),(1733,37,486,495,10,3090,1,309),(1734,35,484,699,5,369.95,1,73.99),(1735,36,447,858,10,1969,1,196.9),(1736,46,152,887,8,4064,1,508),(1737,47,195,708,24,719.76,1,29.99),(1738,45,657,772,30,8999.7,2,299.99),(1739,39,325,763,13,7787,1,599),(1740,42,111,797,10,299.5,1,29.95),(1741,46,89,733,12,2639.4,1,219.95),(1742,40,318,879,4,6396,3,1599),(1743,39,561,870,9,6291,1,699),(1744,44,122,850,16,287.84,4,17.99),(1745,44,601,727,8,4712,4,589),(1746,43,541,622,12,2400,1,200),(1747,46,605,733,9,2069.91,2,229.99),(1748,40,222,772,6,1956,1,326),(1749,36,390,850,13,4238,2,326),(1750,40,377,760,9,719.55,1,79.95),(1751,39,260,508,10,4930,1,493),(1752,38,188,615,30,29970,3,999),(1753,39,317,578,10,2080,1,208),(1754,42,412,766,9,1259.91,1,139.99),(1755,41,195,582,4,269.6,2,67.4),(1756,47,167,663,6,978,1,163),(1757,37,687,577,6,479.7,1,79.95),(1758,47,428,732,6,978,1,163),(1759,35,567,753,10,1980,1,198),(1760,35,96,810,36,11232,2,312),(1761,36,63,792,36,17996.4,1,499.9),(1762,36,271,580,9,2394,1,266),(1763,43,653,528,6,474,1,79),(1764,45,513,607,4,7956,1,1989),(1765,35,497,733,13,1027,1,79),(1766,45,568,758,8,2400,1,300),(1767,41,629,611,9,2871,1,319),(1768,44,419,536,6,612,1,102),(1769,43,417,540,5,1499.5,1,299.9),(1770,46,20,854,12,3708,1,309),(1771,47,679,752,13,2989.87,1,229.99),(1772,47,446,789,24,11279.3,4,469.97),(1773,35,444,788,10,3380,1,338),(1774,42,644,679,12,2976,1,248),(1775,47,681,577,12,1223.88,1,101.99),(1776,38,112,532,9,2061,2,229),(1777,44,695,740,8,3112,1,389),(1778,37,694,598,12,5234.4,1,436.2),(1779,39,468,889,10,2685,1,268.5),(1780,46,126,601,10,229.9,3,22.99),(1781,36,303,776,12,1559.88,2,129.99),(1782,37,413,524,6,59.94,1,9.99),(1783,35,70,584,8,1192,2,149),(1784,47,103,549,9,3599.91,1,399.99),(1785,43,400,540,12,4932,1,411),(1786,37,595,803,8,5592,2,699),(1787,38,347,798,12,3599.88,1,299.99),(1788,42,575,497,6,774,1,129),(1789,44,4,716,5,220,1,44),(1790,41,115,742,6,10908,1,1818),(1791,41,589,624,12,2399.88,1,199.99),(1792,43,440,548,12,7188,2,599),(1793,46,77,683,40,476,3,11.9),(1794,40,496,663,65,584.35,4,8.99),(1795,39,659,837,13,32487,1,2499),(1796,43,432,599,13,3367,2,259),(1797,46,370,594,18,14238,2,791),(1798,42,219,863,2,64,2,32),(1799,35,560,525,10,1399.9,1,139.99),(1800,40,193,585,20,899.8,1,44.99),(1801,47,643,548,24,22.8,2,0.95),(1802,37,426,578,6,9900,1,1650),(1803,40,560,746,26,51.74,1,1.99),(1804,36,24,530,10,3690,1,369),(1805,41,150,499,26,6214,4,239),(1806,36,21,537,13,5199.87,2,399.99),(1807,37,445,795,10,2599.9,1,259.99),(1808,43,28,780,6,612,1,102),(1809,42,104,548,12,7188,4,599),(1810,47,62,552,9,8820,1,980),(1811,40,406,703,12,3720,1,310),(1812,36,99,858,5,220,2,44),(1813,39,146,756,12,1679.88,1,139.99),(1814,44,117,760,9,4491,1,499),(1815,38,321,664,6,168,1,28),(1816,46,359,696,2,5304,1,2652),(1817,36,641,528,4,1199.6,1,299.9),(1818,37,547,625,6,1134,1,189),(1819,40,253,677,9,269.91,1,29.99),(1820,41,228,557,12,563.88,4,46.99),(1821,35,395,741,12,1428,4,119),(1822,41,653,724,20,759,1,37.95),(1823,47,285,754,9,2970,1,330),(1824,39,416,613,18,1835.82,1,101.99),(1825,47,459,540,1080,10789.2,3,9.99),(1826,37,232,527,10,3890,1,389),(1827,35,251,801,6,599.94,4,99.99),(1828,44,558,804,10,6359.9,1,635.99),(1829,41,380,642,6,59.94,1,9.99),(1830,39,428,524,6,719.94,1,119.99),(1831,40,560,898,5,950,2,190),(1832,40,182,707,16,719.84,4,44.99),(1833,43,204,569,36,1584,3,44),(1834,37,604,675,9,1660.5,1,184.5),(1835,46,239,530,6,77.7,1,12.95),(1836,41,106,794,9,152.1,2,16.9),(1837,37,633,774,18,214.2,1,11.9),(1838,35,501,821,20,359.8,2,17.99),(1839,39,154,810,10,2999.9,1,299.99),(1840,42,359,875,30,14790,4,493),(1841,45,98,878,8,799.92,4,99.99),(1842,41,131,600,13,331.5,1,25.5),(1843,40,289,615,10,1399.9,4,139.99),(1844,41,177,530,12,21816,4,1818),(1845,45,417,535,13,7787,3,599),(1846,38,193,527,9,2609.91,1,289.99),(1847,47,340,552,9,252,1,28),(1848,39,184,659,5,64.95,2,12.99),(1849,40,246,596,10,2480,1,248),(1850,46,482,849,13,4978.35,1,382.95),(1851,46,501,771,12,5234.4,1,436.2),(1852,47,584,610,20,19760,3,988),(1853,47,487,501,13,12998.7,3,999.9),(1854,46,199,505,9,4324.5,1,480.5),(1855,36,423,695,12,29988,1,2499),(1856,36,484,666,20,2180,1,109),(1857,47,486,723,10,5590,1,559),(1858,37,296,558,12,8388,1,699),(1859,46,203,880,20,2999.8,3,149.99),(1860,40,9,762,20,312,2,15.6),(1861,38,480,644,12,3222,1,268.5),(1862,38,504,578,12,959.4,1,79.95),(1863,45,580,622,12,4428,1,369),(1864,38,634,826,10,469.9,1,46.99),(1865,41,7,806,6,227.7,1,37.95),(1866,37,499,773,12,2160,4,180),(1867,38,406,640,13,2990,3,230),(1868,37,6,686,10,3380,1,338),(1869,42,42,768,20,599.8,1,29.99),(1870,46,189,737,12,11988,2,999),(1871,46,494,779,9,5993.46,1,665.94),(1872,46,455,826,5,67.5,1,13.5),(1873,47,224,608,13,911.69,4,70.13),(1874,36,151,781,12,2856,1,238),(1875,42,264,739,10,9690,2,969),(1876,44,113,828,8,559.92,1,69.99),(1877,41,357,562,16,7984,4,499),(1878,46,459,589,13,416,2,32),(1879,37,591,545,9,2412,1,268),(1880,45,150,886,6,10908,2,1818),(1881,43,218,615,18,1259.82,1,69.99),(1882,43,335,614,5,549.95,1,109.99),(1883,45,503,503,5,249.8,1,49.96),(1884,35,242,496,2,68,2,34),(1885,40,227,500,10,2550,1,255),(1886,44,366,825,12,11988,2,999),(1887,44,597,720,20,199.8,1,9.99),(1888,43,696,635,13,4407,1,339),(1889,41,597,833,13,6409,1,493),(1890,39,144,665,18,592.02,2,32.89),(1891,43,592,555,4,310.72,1,77.68),(1892,37,19,890,6,1140,1,190),(1893,37,684,810,12,7428,1,619),(1894,43,470,792,10,1390,1,139),(1895,42,310,535,4,399.96,1,99.99),(1896,44,614,567,9,5391,1,599),(1897,38,681,762,9,2412,1,268),(1898,43,381,736,5,399.75,1,79.95),(1899,39,692,525,20,13980,4,699),(1900,44,585,551,10,2299.9,1,229.99),(1901,38,650,645,10,2900,2,290),(1902,43,519,722,10,419.9,1,41.99),(1903,44,214,719,8,3040,4,380),(1904,45,75,664,10,2310,1,231),(1905,40,147,848,6,834,1,139),(1906,45,141,709,8,2239.92,1,279.99),(1907,40,27,575,2,1999.8,1,999.9),(1908,38,50,873,10,4090,1,409),(1909,44,25,892,10,129.5,4,12.95),(1910,38,456,677,60,1194,4,19.9),(1911,46,620,831,4,166.92,1,41.73),(1912,46,219,883,4,399.96,1,99.99),(1913,41,103,850,8,1839.92,1,229.99),(1914,41,298,573,10,4930,2,493),(1915,35,446,639,6,10908,1,1818),(1916,36,646,868,9,225,1,25),(1917,43,265,523,8,5592,1,699),(1918,36,20,594,10,1799.9,1,179.99),(1919,36,675,612,6,154.14,1,25.69),(1920,41,413,862,8,2239.92,1,279.99),(1921,40,623,732,12,1139.88,4,94.99),(1922,47,393,502,10,8990,1,899),(1923,35,438,514,9,1341,1,149),(1924,39,438,614,5,1640,1,328),(1925,35,102,814,5,1560,1,312),(1926,40,473,633,10,1590,1,159),(1927,35,666,721,6,125.76,2,20.96),(1928,43,6,694,12,3228,1,269),(1929,46,287,835,12,3239.4,1,269.95),(1930,42,35,549,6,1140,1,190),(1931,47,348,567,12,3479.88,4,289.99),(1932,45,269,560,36,9666,2,268.5),(1933,37,695,671,12,3708,1,309),(1934,47,189,743,2,5304,1,2652),(1935,35,54,548,9,2070,1,230),(1936,40,456,690,10,1090,1,109),(1937,40,558,675,12,336,2,28),(1938,46,22,718,10,1799.9,1,179.99),(1939,35,655,590,6,654,2,109),(1940,39,326,607,10,2999.9,1,299.99),(1941,46,497,833,4,46,1,11.5),(1942,46,502,820,10,2999.9,1,299.99),(1943,46,291,676,8,1999.92,1,249.99),(1944,35,678,626,36,13284,1,369),(1945,38,555,651,9,143.1,4,15.9),(1946,43,461,543,5,9090,1,1818),(1947,42,222,497,5,599.95,1,119.99),(1948,44,74,799,12,3360,1,280),(1949,47,595,596,12,3359.88,1,279.99),(1950,37,127,746,32,10048,2,314),(1951,47,352,738,26,47291.4,2,1818.9),(1952,46,77,508,24,2447.76,4,101.99),(1953,41,527,783,24,1896,4,79),(1954,44,271,772,18,233.82,1,12.99),(1955,45,7,596,36,13284,2,369),(1956,36,273,667,20,2780,1,139),(1957,45,699,656,12,2399.4,1,199.95),(1958,41,533,722,20,2199.8,2,109.99),(1959,40,47,757,4,19.96,1,4.99),(1960,35,232,743,2,68,2,34),(1961,46,403,497,6,1140,1,190),(1962,36,392,770,10,3690,1,369),(1963,42,174,631,13,9087,1,699),(1964,42,385,738,9,1259.91,4,139.99),(1965,40,299,817,9,2079,1,231),(1966,39,255,545,10,6990,1,699),(1967,38,223,752,10,690,2,69),(1968,39,409,537,10,269.9,1,26.99),(1969,37,126,731,10,229.9,1,22.99),(1970,35,191,735,16,42446.4,2,2652.9),(1971,35,38,758,13,16887,1,1299),(1972,39,674,740,26,519.74,2,19.99),(1973,36,29,617,6,300,1,50),(1974,38,649,696,10,229.9,1,22.99),(1975,44,601,898,5,9094.5,1,1818.9),(1976,38,547,878,12,3222,1,268.5),(1977,38,480,794,12,10680,1,890),(1978,46,197,718,24,7248,1,302),(1979,40,484,590,10,7459.9,1,745.99),(1980,38,632,737,10,1999.9,1,199.99),(1981,40,595,684,4,516,1,129),(1982,41,330,608,9,89.91,1,9.99),(1983,41,179,824,5,140,1,28),(1984,39,279,889,15,4485,2,299),(1985,37,593,577,10,130,1,13),(1986,43,208,784,12,27540,4,2295),(1987,41,658,652,10,2685,2,268.5),(1988,44,438,617,24,517.68,4,21.57),(1989,38,594,636,10,15200,2,1520),(1990,40,90,678,9,1619.91,1,179.99),(1991,45,633,687,18,4122,4,229),(1992,35,137,520,13,32487,4,2499),(1993,40,582,770,180,853.2,1,4.74),(1994,40,128,678,10,1960,1,196),(1995,40,502,790,65,577.2,1,8.88),(1996,41,277,660,26,832,2,32),(1997,44,660,842,9,2061,1,229),(1998,41,24,548,9,1619.91,1,179.99),(1999,44,517,874,12,334.8,1,27.9),(2000,40,223,843,10,6990,3,699),(2001,39,208,882,18,774,4,43),(2002,41,295,754,12,4068,2,339),(2003,46,268,644,9,9891,1,1099),(2004,39,420,716,9,206.91,1,22.99),(2005,38,166,586,12,1452,1,121),(2006,45,124,693,9,2061,1,229),(2007,40,659,793,8,3844,1,480.5),(2008,45,434,896,12,6588,1,549),(2009,39,548,677,12,2388,4,199),(2010,43,605,706,10,4999.9,1,499.99),(2011,41,305,572,24,1269.6,3,52.9),(2012,39,153,632,9,7821,2,869),(2013,40,205,661,12,8388,1,699),(2014,43,189,586,20,4598,1,229.9),(2015,35,427,702,13,3484,3,268),(2016,41,524,630,6,466.08,2,77.68),(2017,42,483,738,6,6654,4,1109),(2018,37,173,572,10,2880,1,288),(2019,35,37,763,13,149.5,1,11.5),(2020,35,36,622,5,9090,1,1818),(2021,39,100,643,10,280,2,28),(2022,43,267,616,5,815,1,163),(2023,36,194,890,16,1519.84,1,94.99),(2024,47,267,650,52,6708,2,129),(2025,46,438,556,6,659.94,1,109.99),(2026,47,1,863,10,6570,1,657),(2027,43,672,718,30,12899.7,4,429.99),(2028,42,173,511,8,3944,2,493),(2029,39,219,536,6,1956,1,326),(2030,43,582,899,26,247,1,9.5),(2031,36,238,636,13,2548,3,196),(2032,47,435,810,4,660,1,165),(2033,36,598,615,9,2416.5,3,268.5),(2034,47,78,717,26,4290,1,165),(2035,41,95,777,12,17700,1,1475),(2036,37,74,839,10,3580,1,358),(2037,36,568,805,5,49.95,1,9.99),(2038,37,623,783,6,119.94,1,19.99),(2039,41,158,799,24,16776,3,699),(2040,45,231,521,12,2772,1,231),(2041,38,643,619,26,3354,2,129),(2042,35,575,587,13,9854,1,758),(2043,43,449,778,13,6500,4,500),(2044,37,334,681,9,3843,1,427),(2045,47,608,702,4,119.96,3,29.99),(2046,39,428,553,9,2699.91,1,299.99),(2047,38,691,507,10,5990,1,599),(2048,45,308,832,10,780,4,78),(2049,36,504,735,8,3944,2,493),(2050,40,87,564,12,166.68,1,13.89),(2051,41,177,548,6,29.94,1,4.99),(2052,35,309,697,45,404.55,1,8.99),(2053,41,528,584,10,1799.9,1,179.99),(2054,41,511,749,9,3222,1,358),(2055,40,636,647,10,2900,3,290),(2056,46,129,826,13,3484,4,268),(2057,36,492,557,13,8294,1,638),(2058,37,686,811,9,5391,1,599),(2059,36,58,562,6,1559.94,1,259.99),(2060,35,422,847,6,1794,4,299),(2061,41,513,747,4,756,1,189),(2062,44,264,526,10,279,1,27.9),(2063,41,629,713,5,249.8,1,49.96),(2064,42,304,623,6,1140,1,190),(2065,40,46,817,13,4654,2,358),(2066,47,127,713,10,3990,1,399),(2067,43,69,686,10,2590,1,259),(2068,44,98,657,10,6570,1,657),(2069,39,286,818,4,120,1,30),(2070,42,295,713,9,1467,2,163),(2071,42,90,521,5,695,2,139),(2072,40,674,596,5,695,1,139),(2073,40,67,653,20,19,1,0.95),(2074,37,537,723,50,269.5,1,5.39),(2075,40,146,678,6,834,1,139),(2076,45,652,704,20,3999.8,4,199.99),(2077,45,437,663,10,399,1,39.9),(2078,47,393,712,4,796,1,199),(2079,44,696,563,4,63.6,1,15.9),(2080,35,547,666,9,1251,4,139),(2081,39,217,897,9,1439.91,1,159.99),(2082,36,269,699,8,224,4,28),(2083,42,371,562,10,3000,1,300),(2084,36,174,699,12,3228,1,269),(2085,39,204,713,2,3978,1,1989),(2086,38,485,820,6,14994,1,2499),(2087,35,28,608,8,1495.2,1,186.9),(2088,39,233,545,24,2399.76,2,99.99),(2089,40,63,855,10,1630,2,163),(2090,37,228,816,240,705.6,1,2.94),(2091,39,633,774,12,14219.6,1,1184.97),(2092,46,666,640,13,2398.5,2,184.5),(2093,44,317,847,13,206.7,4,15.9),(2094,38,126,608,12,274.68,1,22.89),(2095,43,411,772,13,2990,1,230),(2096,46,356,889,10,3680,1,368),(2097,37,247,578,8,2064,1,258),(2098,36,403,712,160,649.6,1,4.06),(2099,44,242,568,18,89.82,1,4.99),(2100,36,382,867,13,3490.5,1,268.5),(2101,39,35,732,6,1968,1,328),(2102,44,283,883,6,611.94,1,101.99),(2103,41,102,694,6,960,1,160),(2104,37,357,764,15,4560,3,304),(2105,41,349,819,48,47952,2,999),(2106,43,297,864,6,59.94,2,9.99),(2107,46,254,547,24,6478.8,1,269.95),(2108,46,86,592,9,6871.59,1,763.51),(2109,43,407,631,5,509.95,1,101.99),(2110,42,57,514,10,320,2,32),(2111,37,590,625,10,4990,1,499),(2112,37,450,636,10,1799.9,4,179.99),(2113,43,507,670,10,2599.9,1,259.99),(2114,41,506,650,12,203.88,1,16.99),(2115,38,645,685,9,4139.91,2,459.99),(2116,44,6,856,10,24990,1,2499),(2117,47,456,508,20,2039.8,1,101.99),(2118,35,295,830,720,7192.8,4,9.99),(2119,40,75,591,4,573.6,1,143.4),(2120,39,303,598,10,3000,2,300),(2121,35,137,879,4,67.96,1,16.99),(2122,44,368,797,9,3006,1,334),(2123,37,423,523,12,359.88,1,29.99),(2124,35,700,503,8,207.92,1,25.99),(2125,35,40,611,18,6012,1,334),(2126,39,358,629,9,116.55,1,12.95),(2127,45,166,865,10,9990,1,999),(2128,44,344,823,5,649.95,2,129.99),(2129,46,345,605,5,67.5,4,13.5),(2130,47,184,861,4,407.96,1,101.99),(2131,36,660,686,13,259.35,1,19.95),(2132,42,611,547,12,9492,1,791),(2133,47,214,560,10,420,1,42),(2134,46,86,587,10,1900,1,190),(2135,40,223,694,13,11687,1,899),(2136,40,2,868,13,206.7,1,15.9),(2137,41,505,827,12,2496,2,208),(2138,41,575,546,5,49.95,4,9.99),(2139,45,283,816,12,2159.88,1,179.99),(2140,41,510,805,3,129,2,43),(2141,47,422,549,4,519.96,1,129.99),(2142,36,337,569,10,2890,1,289),(2143,39,132,750,12,59.88,1,4.99),(2144,47,474,686,13,2548,1,196),(2145,38,90,537,26,4290,1,165),(2146,38,330,636,12,2832,1,236),(2147,44,526,669,6,1194,1,199),(2148,46,261,679,18,751.14,3,41.73),(2149,44,175,857,6,894,4,149),(2150,44,691,671,6,894,4,149),(2151,44,514,582,8,2239.92,1,279.99),(2152,40,344,510,10,159,1,15.9),(2153,40,42,875,12,239.88,1,19.99),(2154,37,410,623,24,3576,1,149),(2155,45,583,860,10,999.9,4,99.99),(2156,47,289,565,30,1079.7,2,35.99),(2157,40,295,844,20,99.6,2,4.98),(2158,45,331,755,10,5880,1,588),(2159,40,592,598,10,5680,1,568),(2160,36,341,727,12,2496,1,208),(2161,45,203,848,320,3196.8,1,9.99),(2162,40,44,763,30,2398.5,3,79.95),(2163,43,561,570,8,2319.92,1,289.99),(2164,39,387,744,12,4702.8,1,391.9),(2165,42,50,525,9,4005,1,445),(2166,42,214,730,9,1881,1,209),(2167,37,111,506,6,719.94,1,119.99),(2168,37,335,755,4,239.96,1,59.99),(2169,36,414,549,10,2550,1,255),(2170,42,646,699,10,1999,1,199.9),(2171,46,532,789,10,1880,1,188),(2172,44,509,633,10,4990,1,499),(2173,37,474,834,12,4068,1,339),(2174,46,17,683,8,1320,4,165),(2175,36,322,590,12,5234.4,2,436.2),(2176,42,55,590,12,2159.88,1,179.99),(2177,41,342,554,9,1881,2,209),(2178,39,461,605,12,3600,1,300),(2179,40,447,624,4,1116,1,279),(2180,37,252,848,10,3090,1,309),(2181,37,201,570,24,23976,3,999),(2182,45,590,672,10,209.6,2,20.96),(2183,37,198,511,9,2416.5,2,268.5),(2184,46,634,814,8,200,4,25),(2185,47,372,761,13,6246.5,2,480.5),(2186,47,575,599,4,102.76,1,25.69),(2187,44,521,650,160,2398.4,2,14.99),(2188,44,645,799,10,3499.5,1,349.95),(2189,39,123,831,12,4824,1,402),(2190,41,604,644,10,259.9,1,25.99),(2191,45,377,693,9,2691,1,299),(2192,35,566,827,6,443.94,1,73.99),(2193,36,577,664,12,2496,1,208),(2194,47,291,575,9,4324.5,4,480.5),(2195,43,605,752,18,1398.24,4,77.68),(2196,35,420,663,5,649.95,1,129.99),(2197,46,432,557,5,549.95,1,109.99),(2198,37,660,617,12,4776,1,398),(2199,35,632,879,13,2559.7,1,196.9),(2200,42,32,695,10,329.9,3,32.99),(2201,45,75,615,10,6990,1,699),(2202,43,319,812,40,599.6,3,14.99),(2203,41,438,757,12,525.72,1,43.81),(2204,35,350,883,24,16776,2,699),(2205,44,90,591,10,135,1,13.5),(2206,44,636,766,10,1199.9,1,119.99),(2207,44,637,855,9,5112,2,568),(2208,44,237,671,9,6713.91,4,745.99),(2209,38,313,645,10,129.5,1,12.95),(2210,39,221,872,18,2339.82,1,129.99),(2211,43,534,591,12,1632,1,136),(2212,43,379,564,6,10913.4,1,1818.9),(2213,46,233,828,52,4939.48,2,94.99),(2214,44,21,544,8,815.92,1,101.99),(2215,41,592,560,9,3699,1,411),(2216,35,282,859,4,399.96,1,99.99),(2217,35,514,601,8,2624,4,328),(2218,36,228,862,6,1140,1,190),(2219,38,542,693,10,2290,1,229),(2220,38,458,572,10,1690,1,169),(2221,35,350,606,9,2772,1,308),(2222,44,628,788,9,3925.8,1,436.2),(2223,39,586,651,5,1395,1,279),(2224,35,542,817,5,59.5,1,11.9),(2225,42,9,801,10,3829.5,1,382.95),(2226,40,450,889,12,4116,1,343),(2227,45,221,770,10,8690,1,869),(2228,36,123,794,4,86.28,2,21.57),(2229,46,588,857,9,5391,3,599),(2230,37,696,792,6,611.94,1,101.99),(2231,47,448,509,10,3010,1,301),(2232,41,281,585,10,10000,2,1000),(2233,45,150,634,18,2502,1,139),(2234,41,32,592,12,2256,1,188),(2235,38,126,630,9,449.91,1,49.99),(2236,43,355,650,12,3468,1,289),(2237,39,62,508,10,126.6,1,12.66),(2238,39,525,684,13,9087,1,699),(2239,38,632,871,8,3992,1,499),(2240,38,334,537,10,3990,1,399),(2241,47,342,829,10,2999.9,1,299.99),(2242,47,169,729,12,2159.88,3,179.99),(2243,41,183,592,10,9990,1,999),(2244,37,700,853,24,1365.6,3,56.9),(2245,40,18,815,9,2079,1,231),(2246,36,454,843,5,499.95,1,99.99),(2247,37,80,861,4,167.96,1,41.99),(2248,46,447,624,12,431.88,1,35.99),(2249,45,618,727,4,3999.6,1,999.9),(2250,45,464,854,12,347.88,1,28.99),(2251,45,699,706,10,4450,1,445),(2252,46,371,514,8,223.2,4,27.9),(2253,35,595,679,10,1580,2,158),(2254,37,172,621,24,2879.76,1,119.99),(2255,45,210,900,12,4068,1,339),(2256,42,80,805,13,1688.7,1,129.9),(2257,38,464,850,9,2691,1,299),(2258,44,608,747,9,1224,1,136),(2259,43,454,859,9,189,1,21),(2260,47,639,834,10,1360,1,136),(2261,42,423,688,36,1184.04,2,32.89),(2262,36,477,862,10,6359.9,2,635.99),(2263,44,697,862,39,3697.2,2,94.8),(2264,43,266,525,10,9990,1,999),(2265,37,645,605,9,1619.91,1,179.99),(2266,41,317,713,6,611.94,1,101.99),(2267,37,359,762,6,455.94,1,75.99),(2268,45,544,726,10,2599.9,1,259.99),(2269,35,167,698,5,395,1,79),(2270,44,326,797,10,1790,2,179),(2271,47,585,567,20,5580,2,279),(2272,45,363,521,9,242.91,1,26.99),(2273,35,256,708,10,2090,1,209),(2274,44,600,615,10,6659.4,1,665.94),(2275,45,140,776,6,1545,1,257.5),(2276,36,589,544,9,205.092,2,22.788),(2277,39,66,532,20,739.8,4,36.99),(2278,37,76,496,10,578.8,1,57.88),(2279,42,371,720,12,203.88,1,16.99),(2280,35,668,598,10,269,1,26.9),(2281,46,627,873,12,5184,1,432),(2282,35,270,697,12,2242.8,1,186.9),(2283,47,428,651,26,10374,2,399),(2284,36,38,777,4,119.96,3,29.99),(2285,39,375,874,18,269.82,1,14.99),(2286,38,402,597,9,1431,1,159),(2287,41,589,792,10,1690,1,169),(2288,47,203,704,6,1020,1,170),(2289,46,696,505,10,1999.5,4,199.95),(2290,35,616,531,5,695,1,139),(2291,35,122,523,12,8951.88,4,745.99),(2292,46,403,535,10,8500,1,850),(2293,47,316,896,13,7787,1,599),(2294,45,58,724,13,7787,1,599),(2295,45,22,700,72,70560,3,980),(2296,43,588,756,12,2256,1,188),(2297,47,454,850,10,4930,4,493),(2298,44,610,557,13,2847,1,219),(2299,35,250,864,18,10062,1,559),(2300,45,461,515,9,206.91,1,22.99),(2301,38,265,742,5,134.5,1,26.9),(2302,46,521,690,10,229.9,1,22.99),(2303,43,159,689,24,7440,4,310),(2304,37,643,505,10,239,1,23.9),(2305,43,491,836,10,5990,1,599),(2306,35,293,542,12,34799.9,3,2899.99),(2307,39,136,752,10,228.9,1,22.89),(2308,43,653,870,10,279,4,27.9),(2309,44,223,713,6,9594,1,1599),(2310,40,674,755,10,9990,1,999),(2311,40,134,527,6,654,1,109),(2312,45,109,845,30,54540,4,1818),(2313,37,413,827,10,6359.9,3,635.99),(2314,45,530,663,10,368.3,1,36.83),(2315,40,114,873,50,249.5,2,4.99),(2316,39,518,712,9,85.5,4,9.5),(2317,38,354,727,9,206.91,2,22.99),(2318,38,643,883,24,3096,1,129),(2319,45,500,665,13,4407,1,339),(2320,43,99,512,6,659.94,1,109.99),(2321,39,557,495,9,350.91,1,38.99),(2322,40,95,571,20,5599.8,2,279.99),(2323,40,474,874,6,89.94,1,14.99),(2324,35,72,695,5,149.95,4,29.99),(2325,39,335,800,26,13000,2,500),(2326,35,380,547,12,3222,1,268.5),(2327,42,89,867,6,2280,1,380),(2328,41,239,762,12,114,1,9.5),(2329,45,64,734,13,2977,1,229),(2330,45,612,568,9,8820,1,980),(2331,38,130,787,25,1753.25,2,70.13),(2332,41,555,842,13,2559.7,1,196.9),(2333,35,68,761,6,1080,1,180),(2334,47,641,588,13,5343,1,411),(2335,46,534,701,12,9588,1,799),(2336,45,381,783,6,3815.94,1,635.99),(2337,39,382,764,13,2339.87,1,179.99),(2338,40,508,627,10,3999.9,1,399.99),(2339,40,576,792,5,220,1,44),(2340,46,82,706,10,126.6,1,12.66),(2341,46,324,849,8,3992,1,499),(2342,38,481,745,24,3119.76,1,129.99),(2343,47,689,588,10,999.9,1,99.99),(2344,41,183,751,8,12480,1,1560),(2345,38,650,759,20,4000,4,200),(2346,46,39,503,10,159,1,15.9),(2347,41,255,884,40,1720,2,43),(2348,40,89,678,20,1999.8,4,99.99),(2349,45,221,739,4,364,2,91),(2350,37,238,718,9,14400,1,1600),(2351,44,289,546,12,1919.88,4,159.99),(2352,40,690,526,18,459,1,25.5),(2353,46,455,739,18,3599.82,1,199.99),(2354,35,509,788,30,32970,3,1099),(2355,38,394,553,12,1522.8,1,126.9),(2356,41,17,748,12,4799.88,2,399.99),(2357,43,623,611,9,7897.5,1,877.5),(2358,42,649,776,5,299.95,1,59.99),(2359,45,695,705,10,2930,1,293),(2360,42,211,732,24,5520,3,230),(2361,40,278,828,65,577.2,1,8.88),(2362,35,628,548,27,3779.73,4,139.99),(2363,40,419,900,18,1962,1,109),(2364,39,585,827,80,431.2,1,5.39),(2365,36,161,663,9,8991,3,999),(2366,46,104,591,60,419.4,1,6.99),(2367,47,528,846,10,6659.4,4,665.94),(2368,43,446,860,26,1975.74,3,75.99),(2369,43,177,787,5,284.5,1,56.9),(2370,46,530,809,24,4560,1,190),(2371,45,461,719,6,611.94,1,101.99),(2372,39,305,610,24,3576,2,149),(2373,39,281,739,5,745,1,149),(2374,37,107,583,10,6990,1,699),(2375,42,150,857,20,6600,3,330),(2376,38,512,896,24,1872,1,78),(2377,45,394,558,13,16887,1,1299),(2378,35,48,769,13,8385,2,645),(2379,46,165,885,8,350.48,1,43.81),(2380,39,571,840,12,1679.88,2,139.99),(2381,35,106,638,6,10908,1,1818),(2382,46,398,830,10,6000,2,600),(2383,37,102,735,8,21216,2,2652),(2384,45,72,628,9,981,1,109),(2385,39,158,696,15,1935,1,129),(2386,47,689,820,4,407.96,1,101.99),(2387,43,38,750,4,119.96,2,29.99),(2388,41,120,545,10,1169,2,116.9),(2389,40,338,513,36,4644,3,129),(2390,39,181,669,12,239.88,1,19.99),(2391,37,591,866,9,1660.5,1,184.5),(2392,37,490,726,9,1431,1,159),(2393,45,480,710,24,6144,2,256),(2394,42,129,875,9,3141,1,349),(2395,41,292,660,40,1720,2,43),(2396,45,507,843,18,3420,2,190);
/*!40000 ALTER TABLE `inventory_fact` ENABLE KEYS */;
UNLOCK TABLES;

--
-- Table structure for table `location_dim`
--

DROP TABLE IF EXISTS `location_dim`;
/*!40101 SET @saved_cs_client     = @@character_set_client */;
/*!50503 SET character_set_client = utf8mb4 */;
CREATE TABLE `location_dim` (
  `location_sk` int NOT NULL,
  `City` varchar(15) DEFAULT NULL,
  `Country` varchar(15) DEFAULT NULL,
  `version` int DEFAULT NULL,
  `date_from` datetime DEFAULT NULL,
  `date_to` datetime DEFAULT NULL,
  `lat` decimal(10,8) DEFAULT NULL,
  `lng` decimal(11,8) DEFAULT NULL,
  PRIMARY KEY (`location_sk`),
  KEY `idx_location_dim_lookup` (`City`,`Country`)
) ENGINE=InnoDB DEFAULT CHARSET=latin1;
/*!40101 SET character_set_client = @saved_cs_client */;

--
-- Dumping data for table `location_dim`
--

LOCK TABLES `location_dim` WRITE;
/*!40000 ALTER TABLE `location_dim` DISABLE KEYS */;
INSERT INTO `location_dim` VALUES (0,NULL,NULL,1,NULL,NULL,NULL,NULL),(1,'Mnster','Switzerland',1,'1900-01-01 00:00:00','2023-12-17 01:18:09',NULL,NULL),(2,'Reims','France',1,'1900-01-01 00:00:00','2200-01-01 00:00:00',NULL,NULL),(3,'Mnster','Germany',2,'2023-12-17 01:18:09','2200-01-01 00:00:00',NULL,NULL),(4,'Rio de Janeiro','Brazil',1,'1900-01-01 00:00:00','2200-01-01 00:00:00',NULL,NULL),(5,'Lyon','France',1,'1900-01-01 00:00:00','2200-01-01 00:00:00',NULL,NULL),(6,'Charleroi','Belgium',1,'1900-01-01 00:00:00','2200-01-01 00:00:00',NULL,NULL),(7,'Bern','Switzerland',1,'1900-01-01 00:00:00','2200-01-01 00:00:00',NULL,NULL),(8,'Genve','Switzerland',1,'1900-01-01 00:00:00','2200-01-01 00:00:00',NULL,NULL),(9,'Resende','Brazil',1,'1900-01-01 00:00:00','2200-01-01 00:00:00',NULL,NULL),(10,'San Cristbal','Venezuela',1,'1900-01-01 00:00:00','2200-01-01 00:00:00',NULL,NULL),(11,'Graz','Austria',1,'1900-01-01 00:00:00','2200-01-01 00:00:00',NULL,NULL),(12,'Mxico D.F.','Mexico',1,'1900-01-01 00:00:00','2200-01-01 00:00:00',NULL,NULL),(13,'Kln','Germany',1,'1900-01-01 00:00:00','2200-01-01 00:00:00',NULL,NULL),(14,'Albuquerque','USA',1,'1900-01-01 00:00:00','2200-01-01 00:00:00',NULL,NULL),(15,'Brcke','Sweden',1,'1900-01-01 00:00:00','2200-01-01 00:00:00',NULL,NULL),(16,'Strasbourg','France',1,'1900-01-01 00:00:00','2200-01-01 00:00:00',NULL,NULL),(17,'Oulu','Finland',1,'1900-01-01 00:00:00','2200-01-01 00:00:00',NULL,NULL),(18,'Mnchen','Germany',1,'1900-01-01 00:00:00','2200-01-01 00:00:00',NULL,NULL),(19,'Caracas','Venezuela',1,'1900-01-01 00:00:00','2200-01-01 00:00:00',NULL,NULL),(20,'Seattle','USA',1,'1900-01-01 00:00:00','2200-01-01 00:00:00',NULL,NULL),(21,'Lander','USA',1,'1900-01-01 00:00:00','2200-01-01 00:00:00',NULL,NULL),(22,'Cunewalde','Germany',1,'1900-01-01 00:00:00','2200-01-01 00:00:00',NULL,NULL),(23,'Bergamo','Italy',1,'1900-01-01 00:00:00','2200-01-01 00:00:00',NULL,NULL),(24,'Leipzig','Germany',1,'1900-01-01 00:00:00','2200-01-01 00:00:00',NULL,NULL),(25,'Lule','Sweden',1,'1900-01-01 00:00:00','2200-01-01 00:00:00',NULL,NULL),(26,'Frankfurt a.M.','Germany',1,'1900-01-01 00:00:00','2200-01-01 00:00:00',NULL,NULL),(27,'Madrid','Spain',1,'1900-01-01 00:00:00','2200-01-01 00:00:00',NULL,NULL),(28,'Barquisimeto','Venezuela',1,'1900-01-01 00:00:00','2200-01-01 00:00:00',NULL,NULL),(29,'Reggio Emilia','Italy',1,'1900-01-01 00:00:00','2200-01-01 00:00:00',NULL,NULL),(30,'London','UK',1,'1900-01-01 00:00:00','2200-01-01 00:00:00',NULL,NULL),(31,'Sao Paulo','Brazil',1,'1900-01-01 00:00:00','2200-01-01 00:00:00',NULL,NULL),(32,'Cork','Ireland',1,'1900-01-01 00:00:00','2200-01-01 00:00:00',NULL,NULL),(33,'Stuttgart','Germany',1,'1900-01-01 00:00:00','2200-01-01 00:00:00',NULL,NULL),(34,'Sevilla','Spain',1,'1900-01-01 00:00:00','2200-01-01 00:00:00',NULL,NULL),(35,'Anchorage','USA',1,'1900-01-01 00:00:00','2200-01-01 00:00:00',NULL,NULL),(36,'Portland','USA',1,'1900-01-01 00:00:00','2200-01-01 00:00:00',NULL,NULL),(37,'Nantes','France',1,'1900-01-01 00:00:00','2200-01-01 00:00:00',NULL,NULL),(38,'Cowes','UK',1,'1900-01-01 00:00:00','2200-01-01 00:00:00',NULL,NULL),(39,'Brandenburg','Germany',1,'1900-01-01 00:00:00','2200-01-01 00:00:00',NULL,NULL),(40,'Boise','USA',1,'1900-01-01 00:00:00','2200-01-01 00:00:00',NULL,NULL),(41,'Lisboa','Portugal',1,'1900-01-01 00:00:00','2200-01-01 00:00:00',NULL,NULL),(42,'Marseille','France',1,'1900-01-01 00:00:00','2200-01-01 00:00:00',NULL,NULL),(43,'Montral','Canada',1,'1900-01-01 00:00:00','2200-01-01 00:00:00',NULL,NULL),(44,'Kobenhavn','Denmark',1,'1900-01-01 00:00:00','2200-01-01 00:00:00',NULL,NULL),(45,'Toulouse','France',1,'1900-01-01 00:00:00','2200-01-01 00:00:00',NULL,NULL),(46,'Salzburg','Austria',1,'1900-01-01 00:00:00','2200-01-01 00:00:00',NULL,NULL),(47,'Colchester','UK',1,'1900-01-01 00:00:00','2200-01-01 00:00:00',NULL,NULL),(48,'Aachen','Germany',1,'1900-01-01 00:00:00','2200-01-01 00:00:00',NULL,NULL),(49,'Barcelona','Spain',1,'1900-01-01 00:00:00','2200-01-01 00:00:00',NULL,NULL),(50,'rhus','Denmark',1,'1900-01-01 00:00:00','2200-01-01 00:00:00',NULL,NULL),(51,'Warszawa','Poland',1,'1900-01-01 00:00:00','2200-01-01 00:00:00',NULL,NULL),(52,'Elgin','USA',1,'1900-01-01 00:00:00','2200-01-01 00:00:00',NULL,NULL),(53,'Stavern','Norway',1,'1900-01-01 00:00:00','2200-01-01 00:00:00',NULL,NULL),(54,'Tsawassen','Canada',1,'1900-01-01 00:00:00','2200-01-01 00:00:00',NULL,NULL),(55,'I. de Margarita','Venezuela',1,'1900-01-01 00:00:00','2200-01-01 00:00:00',NULL,NULL),(56,'Lille','France',1,'1900-01-01 00:00:00','2200-01-01 00:00:00',NULL,NULL),(57,'Buenos Aires','Argentina',1,'1900-01-01 00:00:00','2200-01-01 00:00:00',NULL,NULL),(58,'Torino','Italy',1,'1900-01-01 00:00:00','2200-01-01 00:00:00',NULL,NULL),(59,'Campinas','Brazil',1,'1900-01-01 00:00:00','2200-01-01 00:00:00',NULL,NULL),(60,'Walla Walla','USA',1,'1900-01-01 00:00:00','2200-01-01 00:00:00',NULL,NULL),(61,'Vancouver','Canada',1,'1900-01-01 00:00:00','2200-01-01 00:00:00',NULL,NULL),(62,'Mannheim','Germany',1,'1900-01-01 00:00:00','2200-01-01 00:00:00',NULL,NULL),(63,'Eugene','USA',1,'1900-01-01 00:00:00','2200-01-01 00:00:00',NULL,NULL),(64,'Bruxelles','Belgium',1,'1900-01-01 00:00:00','2200-01-01 00:00:00',NULL,NULL),(65,'Kirkland','USA',1,'1900-01-01 00:00:00','2200-01-01 00:00:00',NULL,NULL),(66,'San Francisco','USA',1,'1900-01-01 00:00:00','2200-01-01 00:00:00',NULL,NULL),(67,'Helsinki','Finland',1,'1900-01-01 00:00:00','2200-01-01 00:00:00',NULL,NULL),(68,'Butte','USA',1,'1900-01-01 00:00:00','2200-01-01 00:00:00',NULL,NULL),(69,'Berlin','Germany',1,'1900-01-01 00:00:00','2200-01-01 00:00:00',NULL,NULL),(70,'Paris','France',1,'1900-01-01 00:00:00','2200-01-01 00:00:00',NULL,NULL),(71,'Versailles','France',1,'1900-01-01 00:00:00','2200-01-01 00:00:00',NULL,NULL);
/*!40000 ALTER TABLE `location_dim` ENABLE KEYS */;
UNLOCK TABLES;

--
-- Table structure for table `products_dim`
--

DROP TABLE IF EXISTS `products_dim`;
/*!40101 SET @saved_cs_client     = @@character_set_client */;
/*!50503 SET character_set_client = utf8mb4 */;
CREATE TABLE `products_dim` (
  `product_sk` int NOT NULL AUTO_INCREMENT,
  `productID` int DEFAULT NULL,
  `version` int DEFAULT NULL,
  `ProductName` varchar(100) CHARACTER SET latin1 COLLATE latin1_swedish_ci DEFAULT NULL,
  `CategoryName` varchar(100) CHARACTER SET latin1 COLLATE latin1_swedish_ci DEFAULT NULL,
  `UnitPrice` double DEFAULT NULL,
  `unitsInStock` smallint DEFAULT NULL,
  `unitsOnOrder` smallint DEFAULT NULL,
  `Discontinued` tinyint(1) DEFAULT NULL,
  `date_from` date DEFAULT NULL,
  `date_to` date DEFAULT NULL,
  `supplier_id` int DEFAULT NULL,
  PRIMARY KEY (`product_sk`),
  KEY `products_dim_FK` (`supplier_id`),
  CONSTRAINT `products_dim_FK` FOREIGN KEY (`supplier_id`) REFERENCES `supplier_dim` (`sk`)
) ENGINE=InnoDB AUTO_INCREMENT=1033 DEFAULT CHARSET=latin1;
/*!40101 SET character_set_client = @saved_cs_client */;

--
-- Dumping data for table `products_dim`
--

LOCK TABLES `products_dim` WRITE;
/*!40000 ALTER TABLE `products_dim` DISABLE KEYS */;
INSERT INTO `products_dim` VALUES (1,NULL,1,NULL,NULL,NULL,NULL,NULL,NULL,NULL,NULL,NULL),(2,1,1,'Chai','Beverages',18,39,0,0,'1900-01-01','2200-01-01',1),(3,2,1,'Chang','Beverages',19,17,40,0,'1900-01-01','2200-01-01',1),(4,24,1,'Guaran Fantstica','Beverages',4.5,20,0,1,'1900-01-01','2200-01-01',10),(5,34,1,'Sasquatch Ale','Beverages',14,111,0,0,'1900-01-01','2200-01-01',16),(6,35,1,'Steeleye Stout','Beverages',18,20,0,0,'1900-01-01','2200-01-01',16),(7,38,1,'Cte de Blaye','Beverages',263.5,17,0,0,'1900-01-01','2200-01-01',18),(8,39,1,'Chartreuse verte','Beverages',18,69,0,0,'1900-01-01','2200-01-01',18),(9,43,1,'Ipoh Coffee','Beverages',46,17,10,0,'1900-01-01','2200-01-01',20),(10,67,1,'Laughing Lumberjack Lager','Beverages',14,52,0,0,'1900-01-01','2200-01-01',16),(11,70,1,'Outback Lager','Beverages',15,15,10,0,'1900-01-01','2200-01-01',7),(12,75,1,'Rhnbru Klosterbier','Beverages',7.75,125,0,0,'1900-01-01','2200-01-01',12),(13,76,1,'Lakkalikri','Beverages',18,57,0,0,'1900-01-01','2200-01-01',23),(14,3,1,'Aniseed Syrup','Condiments',10,13,70,0,'1900-01-01','2200-01-01',1),(15,4,1,'Chef Anton\'s Cajun Seasoning','Condiments',22,53,0,0,'1900-01-01','2200-01-01',2),(16,5,1,'Chef Anton\'s Gumbo Mix','Condiments',21.35,0,0,1,'1900-01-01','2200-01-01',2),(17,6,1,'Grandma\'s Boysenberry Spread','Condiments',25,120,0,0,'1900-01-01','2200-01-01',3),(18,8,1,'Northwoods Cranberry Sauce','Condiments',40,6,0,0,'1900-01-01','2200-01-01',3),(19,15,1,'Genen Shouyu','Condiments',15.5,39,0,0,'1900-01-01','2200-01-01',6),(20,44,1,'Gula Malacca','Condiments',19.45,27,0,0,'1900-01-01','2200-01-01',20),(21,61,1,'Sirop d\'rable','Condiments',28.5,113,0,0,'1900-01-01','2200-01-01',29),(22,63,1,'Vegie-spread','Condiments',43.9,24,0,0,'1900-01-01','2200-01-01',7),(23,65,1,'Louisiana Fiery Hot Pepper Sauce','Condiments',21.05,76,0,0,'1900-01-01','2200-01-01',2),(24,66,1,'Louisiana Hot Spiced Okra','Condiments',17,4,100,0,'1900-01-01','2200-01-01',2),(25,77,1,'Original Frankfurter grne Soe','Condiments',13,32,0,0,'1900-01-01','2200-01-01',12),(26,16,1,'Pavlova','Confections',17.45,29,0,0,'1900-01-01','2200-01-01',7),(27,19,1,'Teatime Chocolate Biscuits','Confections',9.2,25,0,0,'1900-01-01','2200-01-01',8),(28,20,1,'Sir Rodney\'s Marmalade','Confections',81,40,0,0,'1900-01-01','2200-01-01',8),(29,21,1,'Sir Rodney\'s Scones','Confections',10,3,40,0,'1900-01-01','2200-01-01',8),(30,25,1,'NuNuCa Nu-Nougat-Creme','Confections',14,76,0,0,'1900-01-01','2200-01-01',11),(31,26,1,'Gumbr Gummibrchen','Confections',31.23,15,0,0,'1900-01-01','2200-01-01',11),(32,27,1,'Schoggi Schokolade','Confections',43.9,49,0,0,'1900-01-01','2200-01-01',11),(33,47,1,'Zaanse koeken','Confections',9.5,36,0,0,'1900-01-01','2200-01-01',22),(34,48,1,'Chocolade','Confections',12.75,15,70,0,'1900-01-01','2200-01-01',22),(35,49,1,'Maxilaku','Confections',20,10,60,0,'1900-01-01','2200-01-01',23),(36,50,1,'Valkoinen suklaa','Confections',16.25,65,0,0,'1900-01-01','2200-01-01',23),(37,62,1,'Tarte au sucre','Confections',49.3,17,0,0,'1900-01-01','2200-01-01',29),(38,68,1,'Scottish Longbreads','Confections',12.5,6,10,0,'1900-01-01','2200-01-01',8),(39,11,1,'Queso Cabrales','Dairy Products',21,22,30,0,'1900-01-01','2200-01-01',5),(40,12,1,'Queso Manchego La Pastora','Dairy Products',38,86,0,0,'1900-01-01','2200-01-01',5),(41,31,1,'Gorgonzola Telino','Dairy Products',12.5,0,70,0,'1900-01-01','2200-01-01',14),(42,32,1,'Mascarpone Fabioli','Dairy Products',32,9,40,0,'1900-01-01','2200-01-01',14),(43,33,1,'Geitost','Dairy Products',2.5,112,0,0,'1900-01-01','2200-01-01',15),(44,59,1,'Raclette Courdavault','Dairy Products',55,79,0,0,'1900-01-01','2200-01-01',28),(45,60,1,'Camembert Pierrot','Dairy Products',34,19,0,0,'1900-01-01','2200-01-01',28),(46,69,1,'Gudbrandsdalsost','Dairy Products',36,26,0,0,'1900-01-01','2200-01-01',15),(47,71,1,'Flotemysost','Dairy Products',21.5,26,0,0,'1900-01-01','2200-01-01',15),(48,72,1,'Mozzarella di Giovanni','Dairy Products',34.8,14,0,0,'1900-01-01','2200-01-01',14),(49,22,1,'Gustaf\'s Knckebrd','Grains/Cereals',21,104,0,0,'1900-01-01','2200-01-01',9),(50,23,1,'Tunnbrd','Grains/Cereals',9,61,0,0,'1900-01-01','2200-01-01',9),(51,42,1,'Singaporean Hokkien Fried Mee','Grains/Cereals',14,26,0,1,'1900-01-01','2200-01-01',20),(52,52,1,'Filo Mix','Grains/Cereals',7,38,0,0,'1900-01-01','2200-01-01',24),(53,56,1,'Gnocchi di nonna Alice','Grains/Cereals',38,21,10,0,'1900-01-01','2200-01-01',26),(54,57,1,'Ravioli Angelo','Grains/Cereals',19.5,36,0,0,'1900-01-01','2200-01-01',26),(55,64,1,'Wimmers gute Semmelkndel','Grains/Cereals',33.25,22,80,0,'1900-01-01','2200-01-01',12),(56,9,1,'Mishi Kobe Niku','Meat/Poultry',97,29,0,1,'1900-01-01','2200-01-01',4),(57,17,1,'Alice Mutton','Meat/Poultry',39,0,0,1,'1900-01-01','2200-01-01',7),(58,29,1,'Thringer Rostbratwurst','Meat/Poultry',123.79,0,0,1,'1900-01-01','2200-01-01',12),(59,53,1,'Perth Pasties','Meat/Poultry',32.8,0,0,1,'1900-01-01','2200-01-01',24),(60,54,1,'Tourtire','Meat/Poultry',7.45,21,0,0,'1900-01-01','2200-01-01',25),(61,55,1,'Pt chinois','Meat/Poultry',24,115,0,0,'1900-01-01','2200-01-01',25),(62,7,1,'Uncle Bob\'s Organic Dried Pears','Produce',30,15,0,0,'1900-01-01','2200-01-01',3),(63,14,1,'Tofu','Produce',23.25,35,0,0,'1900-01-01','2200-01-01',6),(64,28,1,'Rssle Sauerkraut','Produce',45.6,26,0,1,'1900-01-01','2200-01-01',12),(65,51,1,'Manjimup Dried Apples','Produce',53,20,0,0,'1900-01-01','2200-01-01',24),(66,74,1,'Longlife Tofu','Produce',10,4,20,0,'1900-01-01','2200-01-01',4),(67,10,1,'Ikura','Seafood',31,31,0,0,'1900-01-01','2200-01-01',4),(68,13,1,'Konbu','Seafood',6,24,0,0,'1900-01-01','2200-01-01',6),(69,18,1,'Carnarvon Tigers','Seafood',62.5,42,0,0,'1900-01-01','2200-01-01',7),(70,30,1,'Nord-Ost Matjeshering','Seafood',25.89,10,0,0,'1900-01-01','2200-01-01',13),(71,36,1,'Inlagd Sill','Seafood',19,112,0,0,'1900-01-01','2200-01-01',17),(72,37,1,'Gravad lax','Seafood',26,11,50,0,'1900-01-01','2200-01-01',17),(73,40,1,'Boston Crab Meat','Seafood',18.4,123,0,0,'1900-01-01','2200-01-01',19),(74,41,1,'Jack\'s New England Clam Chowder','Seafood',9.65,85,0,0,'1900-01-01','2200-01-01',19),(75,45,1,'Rogede sild','Seafood',9.5,5,70,0,'1900-01-01','2200-01-01',21),(76,46,1,'Spegesild','Seafood',12,95,0,0,'1900-01-01','2200-01-01',21),(77,58,1,'Escargots de Bourgogne','Seafood',13.25,62,0,0,'1900-01-01','2200-01-01',27),(78,73,1,'Rd Kaviar','Seafood',15,101,0,0,'1900-01-01','2200-01-01',17),(79,NULL,1,NULL,NULL,NULL,NULL,NULL,NULL,NULL,NULL,NULL),(495,1,NULL,'Contoso 512MB MP3 Player E51 Silver','Contoso',12.99,5,0,0,NULL,NULL,11),(496,2,NULL,'Contoso 512MB MP3 Player E51 Blue','Contoso',12.99,4,0,0,NULL,NULL,20),(497,3,NULL,'Contoso 1G MP3 Player E100 White','Contoso',14.52,5,0,0,NULL,NULL,19),(498,4,NULL,'Contoso 2G MP3 Player E200 Silver','Contoso',21.57,5,0,0,NULL,NULL,11),(499,5,NULL,'Contoso 2G MP3 Player E200 Red','Contoso',21.57,2,0,1,NULL,NULL,16),(500,6,NULL,'Contoso 2G MP3 Player E200 Black','Contoso',21.57,9,0,1,NULL,NULL,12),(501,7,NULL,'Contoso 2G MP3 Player E200 Blue','Contoso',21.57,2,0,0,NULL,NULL,16),(502,8,NULL,'Contoso 4G MP3 Player E400 Silver','Contoso',59.99,6,0,1,NULL,NULL,9),(503,9,NULL,'Contoso 4G MP3 Player E400 Black','Contoso',59.99,2,0,1,NULL,NULL,2),(504,10,NULL,'Contoso 4G MP3 Player E400 Green','Contoso',59.99,11,0,1,NULL,NULL,20),(505,11,NULL,'Contoso 4G MP3 Player E400 Orange','Contoso',59.99,14,0,0,NULL,NULL,15),(506,12,NULL,'Contoso 4GB Flash MP3 Player E401 Blue','Contoso',77.68,7,0,1,NULL,NULL,20),(507,13,NULL,'Contoso 4GB Flash MP3 Player E401 Black','Contoso',77.68,3,0,1,NULL,NULL,10),(508,14,NULL,'Contoso 4GB Flash MP3 Player E401 Silver','Contoso',77.68,8,0,1,NULL,NULL,9),(509,15,NULL,'Contoso 4GB Flash MP3 Player E401 White','Contoso',77.68,2,0,1,NULL,NULL,3),(510,16,NULL,'Contoso 8GB Super-Slim MP3/Video Player M800 White','Contoso',109.95,11,0,1,NULL,NULL,11),(511,17,NULL,'Contoso 8GB Super-Slim MP3/Video Player M800 Red','Contoso',109.95,11,0,1,NULL,NULL,17),(512,18,NULL,'Contoso 8GB Super-Slim MP3/Video Player M800 Green','Contoso',109.95,2,0,0,NULL,NULL,11),(513,19,NULL,'Contoso 8GB Super-Slim MP3/Video Player M800 Pink','Contoso',109.95,6,0,1,NULL,NULL,16),(514,20,NULL,'Contoso 8GB MP3 Player new model M820 Black','Contoso',134,1,0,1,NULL,NULL,8),(515,21,NULL,'Contoso 8GB MP3 Player new model M820 Blue','Contoso',134,11,0,1,NULL,NULL,20),(516,22,NULL,'Contoso 8GB MP3 Player new model M820 Yellow','Contoso',134,1,0,0,NULL,NULL,5),(517,23,NULL,'Contoso 8GB MP3 Player new model M820 White','Contoso',134,3,0,0,NULL,NULL,12),(518,24,NULL,'Contoso 16GB Mp5 Player M1600 Blue','Contoso',199.9,11,0,1,NULL,NULL,14),(519,25,NULL,'Contoso 16GB Mp5 Player M1600 Black','Contoso',199.9,6,0,0,NULL,NULL,5),(520,26,NULL,'Contoso 16GB Mp5 Player M1600 Green','Contoso',199.9,14,0,0,NULL,NULL,17),(521,27,NULL,'Contoso 16GB Mp5 Player M1600 White','Contoso',199.9,8,0,0,NULL,NULL,16),(522,28,NULL,'Contoso 16GB Mp5 Player M1600 Red','Contoso',199.9,2,0,0,NULL,NULL,9),(523,29,NULL,'Contoso 32GB Video MP3 Player M3200 White','Contoso',255,1,0,0,NULL,NULL,5),(524,30,NULL,'Contoso 32GB Video MP3 Player M3200 Red','Contoso',255,2,0,0,NULL,NULL,19),(525,31,NULL,'Contoso 32GB Video MP3 Player M3200 Orange','Contoso',255,1,0,1,NULL,NULL,9),(526,32,NULL,'Contoso 32GB Video MP3 Player M3200 Pink','Contoso',255,9,0,1,NULL,NULL,13),(527,33,NULL,'Contoso 32GB Video MP3 Player M3200 Black','Contoso',255,10,0,1,NULL,NULL,2),(528,34,NULL,'Contoso 4GB Portable MP3 Player M450 Black','Contoso',95.95,1,0,0,NULL,NULL,6),(529,35,NULL,'Contoso 4GB Portable MP3 Player M450 White','Contoso',95.95,2,0,1,NULL,NULL,10),(530,36,NULL,'Contoso 4GB Portable MP3 Player M450 Yellow','Contoso',95.95,3,0,1,NULL,NULL,2),(531,37,NULL,'Contoso 8GB Clock & Radio MP3 Player X850 Silver','Contoso',299.23,2,0,0,NULL,NULL,14),(532,38,NULL,'Contoso 8GB Clock & Radio MP3 Player X850 Black','Contoso',299.23,2,0,0,NULL,NULL,14),(533,39,NULL,'Contoso 8GB Clock & Radio MP3 Player X850 Green','Contoso',299.23,6,0,1,NULL,NULL,15),(534,40,NULL,'Contoso 8GB Clock & Radio MP3 Player X850 Blue','Contoso',299.23,5,0,0,NULL,NULL,16),(535,41,NULL,'Contoso 16GB New Generation MP5 Player M1650 Silver','Contoso',232,8,0,0,NULL,NULL,12),(536,42,NULL,'Contoso 16GB New Generation MP5 Player M1650 White','Contoso',232,12,0,1,NULL,NULL,3),(537,43,NULL,'Contoso 16GB New Generation MP5 Player M1650 Black','Contoso',232,14,0,0,NULL,NULL,17),(538,44,NULL,'Contoso 16GB New Generation MP5 Player M1650 blue','Contoso',232,1,0,0,NULL,NULL,9),(539,45,NULL,'Contoso 16GB New Generation MP5 Player M1650 Pink','Contoso',232,5,0,0,NULL,NULL,20),(540,46,NULL,'WWI 1GB Pulse Smart pen E50 White','Wide World Importers',149.95,1,0,0,NULL,NULL,20),(541,47,NULL,'WWI 1GBPulse Smart pen E50 Black','Wide World Importers',149.95,2,0,1,NULL,NULL,10),(542,48,NULL,'WWI 1GB Pulse Smart pen E50 Silver','Wide World Importers',149.95,30,0,1,NULL,NULL,6),(543,49,NULL,'WWI 2GB Pulse Smart pen M100 White','Wide World Importers',199.95,30,0,1,NULL,NULL,2),(544,50,NULL,'WWI 2GB Pulse Smart pen M100 Black','Wide World Importers',199.95,2,0,0,NULL,NULL,11),(545,51,NULL,'WWI 2GB Pulse Smart pen M100 Blue','Wide World Importers',199.95,1,0,1,NULL,NULL,7),(546,52,NULL,'WWI 2GB Pulse Smart pen M100 Silver','Wide World Importers',199.95,2,0,1,NULL,NULL,1),(547,53,NULL,'WWI 4GB Video Recording Pen X200 Black','Wide World Importers',296,30,0,0,NULL,NULL,2),(548,54,NULL,'WWI 4GB Video Recording Pen X200 Red','Wide World Importers',296,30,0,1,NULL,NULL,3),(549,55,NULL,'WWI 4GB Video Recording Pen X200 Pink','Wide World Importers',296,2,0,0,NULL,NULL,6),(550,56,NULL,'WWI 4GB Video Recording Pen X200 Yellow','Wide World Importers',296,1,0,1,NULL,NULL,3),(551,57,NULL,'WWI 1GB Digital Voice Recorder Pen E100 Black','Wide World Importers',156,30,0,1,NULL,NULL,17),(552,58,NULL,'WWI 1GB Digital Voice Recorder Pen E100 Red','Wide World Importers',156,1,0,1,NULL,NULL,3),(553,59,NULL,'WWI 1GB Digital Voice Recorder Pen E100 Pink','Wide World Importers',156,2,0,0,NULL,NULL,16),(554,60,NULL,'WWI 1GB Digital Voice Recorder Pen E100 White','Wide World Importers',156,30,0,1,NULL,NULL,16),(555,61,NULL,'WWI 2GB Spy Video Recorder Pen M300 Black','Wide World Importers',181,30,0,1,NULL,NULL,15),(556,62,NULL,'WWI 2GB Spy Video Recorder Pen M300 White','Wide World Importers',181,2,0,0,NULL,NULL,16),(557,63,NULL,'WWI 2GB Spy Video Recorder Pen M300 Blue','Wide World Importers',181,1,0,0,NULL,NULL,4),(558,64,NULL,'WWI 2GB Spy Video Recorder Pen M300 Silver','Wide World Importers',181,2,0,1,NULL,NULL,13),(559,65,NULL,'WWI 2GB Spy Video Recorder Pen M300 Purple','Wide World Importers',181,30,0,0,NULL,NULL,8),(560,66,NULL,'NT Bluetooth Stereo Headphones E52 Blue','Northwind Traders',25.69,1,0,0,NULL,NULL,20),(561,67,NULL,'NT Bluetooth Stereo Headphones E52 Black','Northwind Traders',25.69,7,0,0,NULL,NULL,12),(562,68,NULL,'NT Bluetooth Stereo Headphones E52 Yellow','Northwind Traders',25.69,2,0,1,NULL,NULL,11),(563,69,NULL,'NT Bluetooth Stereo Headphones E52 Pink','Northwind Traders',25.69,7,0,0,NULL,NULL,19),(564,70,NULL,'NT Wireless Bluetooth Stereo Headphones E102 Silver','Northwind Traders',47.95,10,0,0,NULL,NULL,17),(565,71,NULL,'NT Wireless Bluetooth Stereo Headphones E102 Black','Northwind Traders',47.95,2,0,1,NULL,NULL,13),(566,72,NULL,'NT Wireless Bluetooth Stereo Headphones E102 Blue','Northwind Traders',47.95,2,0,1,NULL,NULL,15),(567,73,NULL,'NT Wireless Bluetooth Stereo Headphones E102 White','Northwind Traders',47.95,1,0,1,NULL,NULL,11),(568,74,NULL,'NT Bluetooth Active Headphones E202 Black','Northwind Traders',37.95,2,0,1,NULL,NULL,9),(569,75,NULL,'NT Bluetooth Active Headphones E202 White','Northwind Traders',37.95,11,0,0,NULL,NULL,15),(570,76,NULL,'NT Bluetooth Active Headphones E202 Red','Northwind Traders',37.95,1,0,1,NULL,NULL,7),(571,77,NULL,'NT Bluetooth Active Headphones E202 Silver','Northwind Traders',37.95,29,0,0,NULL,NULL,2),(572,78,NULL,'NT Wireless Bluetooth Stereo Headphones E302 Silver','Northwind Traders',40.55,2,0,1,NULL,NULL,1),(573,79,NULL,'NT Wireless Bluetooth Stereo Headphones E302 White','Northwind Traders',40.55,1,0,0,NULL,NULL,2),(574,80,NULL,'NT Wireless Bluetooth Stereo Headphones E302 Yellow','Northwind Traders',40.55,10,0,1,NULL,NULL,3),(575,81,NULL,'NT Wireless Bluetooth Stereo Headphones E302 Black','Northwind Traders',40.55,29,0,0,NULL,NULL,16),(576,82,NULL,'NT Wireless Bluetooth Stereo Headphones E302 Pink','Northwind Traders',40.55,1,0,1,NULL,NULL,7),(577,83,NULL,'NT Wireless Bluetooth Stereo Headphones M402 Silver','Northwind Traders',99.99,3,0,0,NULL,NULL,8),(578,84,NULL,'NT Wireless Bluetooth Stereo Headphones M402 Red','Northwind Traders',99.99,1,0,0,NULL,NULL,10),(579,85,NULL,'NT Wireless Bluetooth Stereo Headphones M402 Green','Northwind Traders',99.99,3,0,1,NULL,NULL,14),(580,86,NULL,'NT Wireless Bluetooth Stereo Headphones M402 Black','Northwind Traders',99.99,3,0,0,NULL,NULL,14),(581,87,NULL,'NT Wireless Bluetooth Stereo Headphones M402 Purple','Northwind Traders',99.99,1,0,0,NULL,NULL,18),(582,88,NULL,'NT Wireless Transmitter and Bluetooth Headphones M150 Black','Northwind Traders',149.99,10,0,0,NULL,NULL,3),(583,89,NULL,'NT Wireless Transmitter and Bluetooth Headphones M150 Blue','Northwind Traders',149.99,6,0,1,NULL,NULL,15),(584,90,NULL,'NT Wireless Transmitter and Bluetooth Headphones M150 Silver','Northwind Traders',149.99,1,0,0,NULL,NULL,4),(585,91,NULL,'NT Wireless Transmitter and Bluetooth Headphones M150 Green','Northwind Traders',149.99,8,0,1,NULL,NULL,12),(586,92,NULL,'NT Wireless Transmitter and Bluetooth Headphones M150 Red','Northwind Traders',149.99,2,0,1,NULL,NULL,18),(587,93,NULL,'WWI Stereo Bluetooth Headphones E1000 Blue','Wide World Importers',67.4,8,0,0,NULL,NULL,2),(588,94,NULL,'WWI Stereo Bluetooth Headphones E1000 Black','Wide World Importers',67.4,5,0,0,NULL,NULL,4),(589,95,NULL,'WWI Stereo Bluetooth Headphones E1000 Silver','Wide World Importers',67.4,6,0,0,NULL,NULL,2),(590,96,NULL,'WWI Stereo Bluetooth Headphones E1000 White','Wide World Importers',67.4,0,0,1,NULL,NULL,2),(591,97,NULL,'WWI Stereo Bluetooth Headphones E1000 Green','Wide World Importers',67.4,1,0,1,NULL,NULL,16),(592,98,NULL,'WWI Wireless Bluetooth Stereo Headphones M170 Silver','Wide World Importers',120,1,0,1,NULL,NULL,4),(593,99,NULL,'WWI Wireless Bluetooth Stereo Headphones M170 Black','Wide World Importers',120,13,0,1,NULL,NULL,4),(594,100,NULL,'WWI Wireless Bluetooth Stereo Headphones M170 White','Wide World Importers',120,6,0,0,NULL,NULL,1),(595,101,NULL,'WWI Wireless Bluetooth Stereo Headphones M170 Pink','Wide World Importers',120,1,0,1,NULL,NULL,17),(596,102,NULL,'WWI Wireless Bluetooth Stereo Headphones M270 Silver','Wide World Importers',115,1,0,0,NULL,NULL,18),(597,103,NULL,'WWI Wireless Bluetooth Stereo Headphones M270 Black','Wide World Importers',115,13,0,1,NULL,NULL,19),(598,104,NULL,'WWI Wireless Bluetooth Stereo Headphones M270 White','Wide World Importers',115,1,0,0,NULL,NULL,5),(599,105,NULL,'WWI Wireless Bluetooth Stereo Headphones M270 Pink','Wide World Importers',115,3,0,1,NULL,NULL,12),(600,106,NULL,'WWI Stereo Bluetooth Headphones New Generation M370 Black','Wide World Importers',132.99,2,0,1,NULL,NULL,12),(601,107,NULL,'WWI Stereo Bluetooth Headphones New Generation M370 White','Wide World Importers',132.99,2,0,1,NULL,NULL,19),(602,108,NULL,'WWI Stereo Bluetooth Headphones New Generation M370 Yellow','Wide World Importers',132.99,11,0,1,NULL,NULL,18),(603,109,NULL,'WWI Stereo Bluetooth Headphones New Generation M370 Orange','Wide World Importers',132.99,3,0,1,NULL,NULL,18),(604,110,NULL,'WWI Stereo Bluetooth Headphones New Generation M370 Blue','Wide World Importers',132.99,2,0,0,NULL,NULL,10),(605,111,NULL,'WWI Wireless Transmitter and Bluetooth Headphones X250 Black','Wide World Importers',249.99,2,0,1,NULL,NULL,10),(606,112,NULL,'WWI Wireless Transmitter and Bluetooth Headphones X250 Blue','Wide World Importers',249.99,2,0,0,NULL,NULL,1),(607,113,NULL,'WWI Wireless Transmitter and Bluetooth Headphones X250 White','Wide World Importers',249.99,8,0,0,NULL,NULL,16),(608,114,NULL,'WWI Wireless Transmitter and Bluetooth Headphones X250 Red','Wide World Importers',249.99,2,0,1,NULL,NULL,17),(609,115,NULL,'WWI Wireless Transmitter and Bluetooth Headphones X250 Silver','Wide World Importers',249.99,12,0,0,NULL,NULL,4),(610,116,NULL,'Adventure Works 20\" CRT TV E15 Silver','Adventure Works',169.99,28,0,0,NULL,NULL,11),(611,117,NULL,'Adventure Works 20\" CRT TV E15 Black','Adventure Works',169.99,13,0,0,NULL,NULL,19),(612,118,NULL,'Adventure Works 20\" CRT TV E15 White','Adventure Works',169.99,10,0,1,NULL,NULL,11),(613,119,NULL,'Adventure Works 13\" Color TV E25 Silver','Adventure Works',119.99,13,0,0,NULL,NULL,6),(614,120,NULL,'Adventure Works 13\" Color TV E25 Black','Adventure Works',119.99,20,0,1,NULL,NULL,3),(615,121,NULL,'Adventure Works 13\" Color TV E25 White','Adventure Works',119.99,6,0,1,NULL,NULL,11),(616,122,NULL,'Adventure Works 19\" Portable LCD HDTV M110 Silver','Adventure Works',279.99,3,0,1,NULL,NULL,11),(617,123,NULL,'Adventure Works 19\" Portable LCD HDTV M110 Black','Adventure Works',279.99,3,0,1,NULL,NULL,10),(618,124,NULL,'Adventure Works 19\" Portable LCD HDTV M110 White','Adventure Works',279.99,10,0,1,NULL,NULL,4),(619,125,NULL,'Adventure Works 19\" Color Digital TV E35 Silver','Adventure Works',143.4,8,0,0,NULL,NULL,14),(620,126,NULL,'Adventure Works 19\" Color Digital TV E35 Black','Adventure Works',143.4,50,0,0,NULL,NULL,15),(621,127,NULL,'Adventure Works 19\" Color Digital TV E35 White','Adventure Works',143.4,55,0,0,NULL,NULL,20),(622,128,NULL,'Adventure Works 19\" Color Digital TV E35 Brown','Adventure Works',143.4,2,0,0,NULL,NULL,2),(623,129,NULL,'Adventure Works 20\" Analog CRT TV E45 Silver','Adventure Works',200,33,0,1,NULL,NULL,13),(624,130,NULL,'Adventure Works 20\" Analog CRT TV E45 Black','Adventure Works',200,22,0,1,NULL,NULL,9),(625,131,NULL,'Adventure Works 20\" Analog CRT TV E45 White','Adventure Works',200,56,0,0,NULL,NULL,5),(626,132,NULL,'Adventure Works 20\" Analog CRT TV E45 Brown','Adventure Works',200,21,0,0,NULL,NULL,8),(627,133,NULL,'Adventure Works 20\" LCD HDTV M120 Silver','Adventure Works',349.95,18,0,1,NULL,NULL,5),(628,134,NULL,'Adventure Works 20\" LCD HDTV M120 Black','Adventure Works',349.95,23,0,0,NULL,NULL,4),(629,135,NULL,'Adventure Works 20\" LCD HDTV M120 White','Adventure Works',349.95,24,0,0,NULL,NULL,13),(630,136,NULL,'Adventure Works 20\" LCD HDTV M120 Brown','Adventure Works',349.95,25,0,0,NULL,NULL,19),(631,137,NULL,'Adventure Works 32\" LCD HDTV M130 Silver','Adventure Works',499.99,57,0,0,NULL,NULL,11),(632,138,NULL,'Adventure Works 32\" LCD HDTV M130 Black','Adventure Works',499.99,11,0,0,NULL,NULL,15),(633,139,NULL,'Adventure Works 32\" LCD HDTV M130 White','Adventure Works',499.99,12,0,0,NULL,NULL,3),(634,140,NULL,'Adventure Works 32\" LCD HDTV M130 Brown','Adventure Works',499.99,49,0,1,NULL,NULL,6),(635,141,NULL,'Adventure Works 15.6\" LCD TV M130W Silver','Adventure Works',299.99,12,0,0,NULL,NULL,9),(636,142,NULL,'Adventure Works 15.6\" LCD TV M130W Black','Adventure Works',299.99,49,0,0,NULL,NULL,17),(637,143,NULL,'Adventure Works 15.6\" LCD TV M130W White','Adventure Works',299.99,28,0,1,NULL,NULL,7),(638,144,NULL,'Adventure Works 15.6\" LCD TV M130W Brown','Adventure Works',299.99,24,0,1,NULL,NULL,3),(639,145,NULL,'Adventure Works 52\" LCD HDTV X590 Silver','Adventure Works',2899.99,23,0,1,NULL,NULL,15),(640,146,NULL,'Adventure Works 52\" LCD HDTV X590 Black','Adventure Works',2899.99,1,0,1,NULL,NULL,3),(641,147,NULL,'Adventure Works 52\" LCD HDTV X590 White','Adventure Works',2899.99,43,0,0,NULL,NULL,15),(642,148,NULL,'Adventure Works 52\" LCD HDTV X590 Brown','Adventure Works',2899.99,32,0,0,NULL,NULL,5),(643,149,NULL,'Adventure Works 40\" LCD HDTV M690 Silver','Adventure Works',1184.97,43,0,1,NULL,NULL,19),(644,150,NULL,'Adventure Works 40\" LCD HDTV M690 Black','Adventure Works',1184.97,50,0,1,NULL,NULL,1),(645,151,NULL,'Adventure Works 40\" LCD HDTV M690 White','Adventure Works',1184.97,27,0,0,NULL,NULL,19),(646,152,NULL,'Adventure Works 40\" LCD HDTV M690 Brown','Adventure Works',1184.97,31,0,0,NULL,NULL,18),(647,153,NULL,'Adventure Works 26\" 720p LCD HDTV M140 Silver','Adventure Works',469.97,59,0,0,NULL,NULL,8),(648,154,NULL,'Adventure Works 26\" 720p LCD HDTV M140 Black','Adventure Works',469.97,1,0,1,NULL,NULL,1),(649,155,NULL,'Adventure Works 26\" 720p LCD HDTV M140 White','Adventure Works',469.97,47,0,0,NULL,NULL,14),(650,156,NULL,'Adventure Works 26\" 720p LCD HDTV M140 Brown','Adventure Works',469.97,66,0,0,NULL,NULL,3),(651,157,NULL,'Adventure Works 37\" 1080p LCD HDTV M150W Silver','Adventure Works',1099.99,71,0,0,NULL,NULL,11),(652,158,NULL,'Adventure Works 37\" 1080p LCD HDTV M150W Black','Adventure Works',1099.99,41,0,1,NULL,NULL,7),(653,159,NULL,'Adventure Works 37\" 1080p LCD HDTV M150W White','Adventure Works',1099.99,19,0,0,NULL,NULL,15),(654,160,NULL,'Adventure Works 37\" 1080p LCD HDTV M150W Brown','Adventure Works',1099.99,43,0,0,NULL,NULL,5),(655,161,NULL,'Adventure Works 52\" LCD HDTV X790W Silver','Adventure Works',1592.2,11,0,0,NULL,NULL,20),(656,162,NULL,'Adventure Works 52\" LCD HDTV X790W Black','Adventure Works',1592.2,49,0,0,NULL,NULL,4),(657,163,NULL,'Adventure Works 52\" LCD HDTV X790W White','Adventure Works',1592.2,10,0,0,NULL,NULL,10),(658,164,NULL,'Adventure Works 52\" LCD HDTV X790W Brown','Adventure Works',1592.2,25,0,1,NULL,NULL,6),(659,165,NULL,'Adventure Works 42\" LCD HDTV M55 Black','Adventure Works',763.51,65,0,1,NULL,NULL,3),(660,166,NULL,'SV 16xDVD M300 Black','Southridge Video',119,7,0,0,NULL,NULL,3),(661,167,NULL,'SV 8xDVD E100 Black','Southridge Video',69,8,0,0,NULL,NULL,19),(662,168,NULL,'SV 16xDVD M310 Black','Southridge Video',129,6,0,0,NULL,NULL,7),(663,169,NULL,'SV 16xDVD M320 Black','Southridge Video',119,6,0,0,NULL,NULL,7),(664,170,NULL,'SV 16xDVD M330 Black','Southridge Video',109,8,0,1,NULL,NULL,8),(665,171,NULL,'SV 16xDVD E340 Black','Southridge Video',99,7,0,1,NULL,NULL,8),(666,172,NULL,'SV 22xDVD X680 Black','Southridge Video',169,6,0,1,NULL,NULL,7),(667,173,NULL,'SV 8xDVD E120 Black','Southridge Video',89.9,7,0,0,NULL,NULL,2),(668,174,NULL,'SV 22xDVD M600 Black','Southridge Video',129.9,7,0,1,NULL,NULL,3),(669,175,NULL,'SV 16xDVD M350 Black','Southridge Video',116.9,7,0,1,NULL,NULL,13),(670,176,NULL,'SV 16xDVD M360 Black','Southridge Video',126.9,9,0,0,NULL,NULL,5),(671,177,NULL,'SV 8xDVD E130 Black','Southridge Video',56.9,5,0,1,NULL,NULL,9),(672,178,NULL,'SV 8xDVD E140 Black','Southridge Video',66,7,0,1,NULL,NULL,11),(673,179,NULL,'SV 16xDVD M300 Silver','Southridge Video',119,7,0,0,NULL,NULL,10),(674,180,NULL,'SV 8xDVD E100 Silver','Southridge Video',69,8,0,0,NULL,NULL,2),(675,181,NULL,'SV 16xDVD M310 Silver','Southridge Video',129,7,0,0,NULL,NULL,7),(676,182,NULL,'SV 16xDVD M320 Silver','Southridge Video',119,6,0,0,NULL,NULL,9),(677,183,NULL,'SV 16xDVD M330 Silver','Southridge Video',109,8,0,0,NULL,NULL,1),(678,184,NULL,'SV 16xDVD E340 Silver','Southridge Video',99,7,0,1,NULL,NULL,16),(679,185,NULL,'SV 22xDVD X680 Silver','Southridge Video',169,6,0,1,NULL,NULL,11),(680,186,NULL,'SV 8xDVD E120 Silver','Southridge Video',89.9,7,0,1,NULL,NULL,12),(681,187,NULL,'SV 22xDVD M600 Silver','Southridge Video',129.9,7,0,0,NULL,NULL,16),(682,188,NULL,'SV 16xDVD M350 Silver','Southridge Video',116.9,7,0,0,NULL,NULL,14),(683,189,NULL,'SV 16xDVD M360 Silver','Southridge Video',126.9,9,0,1,NULL,NULL,11),(684,190,NULL,'SV 8xDVD E130 Silver','Southridge Video',56.9,5,0,1,NULL,NULL,11),(685,191,NULL,'SV 8xDVD E140 Silver','Southridge Video',66,7,0,0,NULL,NULL,20),(686,192,NULL,'Litware Home Theater System 4.1 Channel M410 Black','Litware',599,33,0,0,NULL,NULL,12),(687,193,NULL,'Litware Home Theater System 5.1 Channel M511 Black','Litware',699,62,0,0,NULL,NULL,20),(688,194,NULL,'Litware Home Theater System 2.1 Channel E210 Black','Litware',299,34,0,0,NULL,NULL,18),(689,195,NULL,'Litware Home Theater System 5.1 Channel M510 Black','Litware',639,44,0,0,NULL,NULL,18),(690,196,NULL,'Litware Home Theater System 2.1 Channel E211 Black','Litware',269.9,11,0,1,NULL,NULL,13),(691,197,NULL,'Litware Home Theater System 2.1 Channel E212 Black','Litware',299.9,37,0,1,NULL,NULL,3),(692,198,NULL,'Litware Home Theater System 4.1 Channel M411 Black','Litware',599,19,0,1,NULL,NULL,19),(693,199,NULL,'Litware Home Theater System 4.1 Channel M412 Black','Litware',569,41,0,1,NULL,NULL,16),(694,200,NULL,'Litware Home Theater System 4.1 Channel M413 Black','Litware',549,8,0,1,NULL,NULL,1),(695,201,NULL,'Litware Home Theater System 5.1 Channel M512 Black','Litware',699,11,0,0,NULL,NULL,6),(696,202,NULL,'Litware Home Theater System 5.1 Channel M513 Black','Litware',689,65,0,0,NULL,NULL,4),(697,203,NULL,'Litware Home Theater System 7.1 Channel M710 Black','Litware',799,34,0,1,NULL,NULL,12),(698,204,NULL,'Litware Home Theater System 7.1 Channel X711 Black','Litware',1109,31,0,0,NULL,NULL,19),(699,205,NULL,'Litware Home Theater System 5.1 Channel M514 Black','Litware',599,32,0,0,NULL,NULL,11),(700,206,NULL,'Litware Home Theater System 5.1 Channel M515 Black','Litware',569,73,0,1,NULL,NULL,9),(701,207,NULL,'Litware Home Theater System 5.1 Channel M516 Black','Litware',579,91,0,1,NULL,NULL,5),(702,208,NULL,'Litware Home Theater System 4.1 Channel M410 Silver','Litware',599,32,0,0,NULL,NULL,6),(703,209,NULL,'Litware Home Theater System 5.1 Channel M511 Silver','Litware',699,38,0,1,NULL,NULL,15),(704,210,NULL,'Litware Home Theater System 2.1 Channel E210 Silver','Litware',299,40,0,0,NULL,NULL,8),(705,211,NULL,'Litware Home Theater System 5.1 Channel M510 Silver','Litware',639,11,0,1,NULL,NULL,8),(706,212,NULL,'Litware Home Theater System 2.1 Channel E211 Silver','Litware',269.9,48,0,0,NULL,NULL,8),(707,213,NULL,'Litware Home Theater System 2.1 Channel E212 Silver','Litware',299.9,66,0,1,NULL,NULL,17),(708,214,NULL,'Litware Home Theater System 4.1 Channel M411 Silver','Litware',599,84,0,0,NULL,NULL,18),(709,215,NULL,'Litware Home Theater System 4.1 Channel M412 Silver','Litware',569,33,0,0,NULL,NULL,8),(710,216,NULL,'Litware Home Theater System 4.1 Channel M413 Silver','Litware',549,62,0,0,NULL,NULL,19),(711,217,NULL,'Litware Home Theater System 5.1 Channel M512 Silver','Litware',699,34,0,1,NULL,NULL,6),(712,218,NULL,'Litware Home Theater System 5.1 Channel M513 Silver','Litware',689,44,0,0,NULL,NULL,18),(713,219,NULL,'Litware Home Theater System 7.1 Channel M710 Silver','Litware',799,11,0,1,NULL,NULL,14),(714,220,NULL,'Litware Home Theater System 7.1 Channel X711 Silver','Litware',1109,37,0,1,NULL,NULL,13),(715,221,NULL,'Litware Home Theater System 5.1 Channel M514 Silver','Litware',599,19,0,1,NULL,NULL,17),(716,222,NULL,'Litware Home Theater System 5.1 Channel M515 Silver','Litware',569,41,0,1,NULL,NULL,6),(717,223,NULL,'Litware Home Theater System 5.1 Channel M516 Silver','Litware',579,8,0,0,NULL,NULL,8),(718,224,NULL,'Litware Home Theater System 4.1 Channel M410 Brown','Litware',599,11,0,1,NULL,NULL,17),(719,225,NULL,'Litware Home Theater System 5.1 Channel M511 Brown','Litware',699,65,0,0,NULL,NULL,7),(720,226,NULL,'Litware Home Theater System 2.1 Channel E210 Brown','Litware',299,34,0,1,NULL,NULL,19),(721,227,NULL,'Litware Home Theater System 5.1 Channel M510 Brown','Litware',639,31,0,1,NULL,NULL,8),(722,228,NULL,'Litware Home Theater System 2.1 Channel E211 Brown','Litware',269.9,32,0,0,NULL,NULL,15),(723,229,NULL,'Litware Home Theater System 2.1 Channel E212 Brown','Litware',299.9,73,0,0,NULL,NULL,8),(724,230,NULL,'Litware Home Theater System 4.1 Channel M411 Brown','Litware',599,91,0,1,NULL,NULL,5),(725,231,NULL,'Litware Home Theater System 4.1 Channel M412 Brown','Litware',569,32,0,0,NULL,NULL,11),(726,232,NULL,'Litware Home Theater System 4.1 Channel M413 Brown','Litware',549,38,0,0,NULL,NULL,3),(727,233,NULL,'Litware Home Theater System 5.1 Channel M512 Brown','Litware',699,40,0,1,NULL,NULL,6),(728,234,NULL,'Litware Home Theater System 5.1 Channel M513 Brown','Litware',689,11,0,1,NULL,NULL,3),(729,235,NULL,'Litware Home Theater System 7.1 Channel M710 Brown','Litware',799,48,0,1,NULL,NULL,6),(730,236,NULL,'Litware Home Theater System 7.1 Channel X711 Brown','Litware',1109,66,0,0,NULL,NULL,15),(731,237,NULL,'Litware Home Theater System 5.1 Channel M514 Brown','Litware',599,84,0,1,NULL,NULL,1),(732,238,NULL,'Litware Home Theater System 5.1 Channel M515 Brown','Litware',569,33,0,0,NULL,NULL,15),(733,239,NULL,'Litware Home Theater System 5.1 Channel M516 Brown','Litware',579,62,0,0,NULL,NULL,8),(734,240,NULL,'Contoso Home Theater System 2.1 Channel E1200 Black','Contoso',299,34,0,0,NULL,NULL,10),(735,241,NULL,'Contoso Home Theater System 2.1 Channel M1210 Black','Contoso',329,44,0,0,NULL,NULL,15),(736,242,NULL,'Contoso Home Theater System 7.1 Channel M1700 Black','Contoso',889,11,0,1,NULL,NULL,5),(737,243,NULL,'Contoso Home Theater System 4.1 Channel M1400 Black','Contoso',409,37,0,1,NULL,NULL,1),(738,244,NULL,'Contoso Home Theater System 5.1 Channel M1500 Black','Contoso',429,19,0,0,NULL,NULL,17),(739,245,NULL,'Contoso Home Theater System 5.1 Channel M1510 Black','Contoso',489,41,0,1,NULL,NULL,2),(740,246,NULL,'Contoso Home Theater System 4.1 Channel M1410 Black','Contoso',329,8,0,0,NULL,NULL,5),(741,247,NULL,'Contoso Home Theater System 5.1 Channel M1520 Black','Contoso',339,11,0,0,NULL,NULL,7),(742,248,NULL,'Contoso Home Theater System 5.1 Channel M1530 Black','Contoso',399,65,0,1,NULL,NULL,4),(743,249,NULL,'Contoso Home Theater System 2.1 Channel E1220 Black','Contoso',199,34,0,0,NULL,NULL,18),(744,250,NULL,'Contoso Home Theater System 5.1 Channel M1540 Black','Contoso',529,31,0,0,NULL,NULL,11),(745,251,NULL,'Contoso Home Theater System 4.1 Channel M1420 Black','Contoso',480,32,0,1,NULL,NULL,7),(746,252,NULL,'Contoso Home Theater System 2.1 Channel M1230 Black','Contoso',360,73,0,0,NULL,NULL,5),(747,253,NULL,'Contoso Home Theater System 2.1 Channel E1200 Silver','Contoso',299,91,0,1,NULL,NULL,4),(748,254,NULL,'Contoso Home Theater System 2.1 Channel M1210 Silver','Contoso',329,32,0,0,NULL,NULL,3),(749,255,NULL,'Contoso Home Theater System 7.1 Channel M1700 Silver','Contoso',889,38,0,0,NULL,NULL,4),(750,256,NULL,'Contoso Home Theater System 4.1 Channel M1400 Silver','Contoso',409,40,0,1,NULL,NULL,5),(751,257,NULL,'Contoso Home Theater System 5.1 Channel M1500 Silver','Contoso',429,11,0,0,NULL,NULL,11),(752,258,NULL,'Contoso Home Theater System 5.1 Channel M1510 Silver','Contoso',489,48,0,1,NULL,NULL,11),(753,259,NULL,'Contoso Home Theater System 4.1 Channel M1410 Silver','Contoso',329,66,0,0,NULL,NULL,17),(754,260,NULL,'Contoso Home Theater System 5.1 Channel M1520 Silver','Contoso',339,84,0,1,NULL,NULL,15),(755,261,NULL,'Contoso Home Theater System 5.1 Channel M1530 Silver','Contoso',399,33,0,1,NULL,NULL,16),(756,262,NULL,'Contoso Home Theater System 2.1 Channel E1220 Silver','Contoso',199,62,0,0,NULL,NULL,17),(757,263,NULL,'Contoso Home Theater System 5.1 Channel M1540 Silver','Contoso',529,34,0,0,NULL,NULL,6),(758,264,NULL,'Contoso Home Theater System 4.1 Channel M1420 Silver','Contoso',480,44,0,0,NULL,NULL,11),(759,265,NULL,'Contoso Home Theater System 2.1 Channel M1230 Silver','Contoso',360,11,0,1,NULL,NULL,16),(760,266,NULL,'Contoso Home Theater System 2.1 Channel E1200 White','Contoso',299,37,0,0,NULL,NULL,17),(761,267,NULL,'Contoso Home Theater System 2.1 Channel M1210 White','Contoso',329,19,0,1,NULL,NULL,10),(762,268,NULL,'Contoso Home Theater System 7.1 Channel M1700 White','Contoso',889,41,0,1,NULL,NULL,16),(763,269,NULL,'Contoso Home Theater System 4.1 Channel M1400 White','Contoso',409,8,0,0,NULL,NULL,9),(764,270,NULL,'Contoso Home Theater System 5.1 Channel M1500 White','Contoso',429,11,0,1,NULL,NULL,14),(765,271,NULL,'Contoso Home Theater System 5.1 Channel M1510 White','Contoso',489,65,0,0,NULL,NULL,15),(766,272,NULL,'Contoso Home Theater System 4.1 Channel M1410 White','Contoso',329,34,0,1,NULL,NULL,6),(767,273,NULL,'Contoso Home Theater System 5.1 Channel M1520 White','Contoso',339,31,0,0,NULL,NULL,10),(768,274,NULL,'Contoso Home Theater System 5.1 Channel M1530 White','Contoso',399,32,0,1,NULL,NULL,16),(769,275,NULL,'Contoso Home Theater System 2.1 Channel E1220 White','Contoso',199,73,0,0,NULL,NULL,5),(770,276,NULL,'Contoso Home Theater System 5.1 Channel M1540 White','Contoso',529,91,0,0,NULL,NULL,14),(771,277,NULL,'Contoso Home Theater System 4.1 Channel M1420 White','Contoso',480,32,0,0,NULL,NULL,18),(772,278,NULL,'Contoso Home Theater System 2.1 Channel M1230 White','Contoso',360,38,0,0,NULL,NULL,19),(773,279,NULL,'Contoso Home Theater System 2.1 Channel E1200 Brown','Contoso',299,40,0,0,NULL,NULL,5),(774,280,NULL,'Contoso Home Theater System 2.1 Channel M1210 Brown','Contoso',329,11,0,1,NULL,NULL,9),(775,281,NULL,'Contoso Home Theater System 7.1 Channel M1700 Brown','Contoso',889,48,0,1,NULL,NULL,14),(776,282,NULL,'Contoso Home Theater System 4.1 Channel M1400 Brown','Contoso',409,66,0,1,NULL,NULL,16),(777,283,NULL,'Contoso Home Theater System 5.1 Channel M1500 Brown','Contoso',429,84,0,0,NULL,NULL,11),(778,284,NULL,'Contoso Home Theater System 5.1 Channel M1510 Brown','Contoso',489,33,0,0,NULL,NULL,8),(779,285,NULL,'Contoso Home Theater System 4.1 Channel M1410 Brown','Contoso',329,62,0,0,NULL,NULL,19),(780,286,NULL,'Contoso Home Theater System 5.1 Channel M1520 Brown','Contoso',339,34,0,0,NULL,NULL,5),(781,287,NULL,'Contoso Home Theater System 5.1 Channel M1530 Brown','Contoso',399,44,0,0,NULL,NULL,9),(782,288,NULL,'Contoso Home Theater System 2.1 Channel E1220 Brown','Contoso',199,11,0,0,NULL,NULL,9),(783,289,NULL,'Contoso Home Theater System 5.1 Channel M1540 Brown','Contoso',529,37,0,1,NULL,NULL,13),(784,290,NULL,'Contoso Home Theater System 4.1 Channel M1420 Brown','Contoso',480,19,0,0,NULL,NULL,6),(785,291,NULL,'Contoso Home Theater System 2.1 Channel M1230 Brown','Contoso',360,41,0,1,NULL,NULL,1),(786,292,NULL,'SV Car Video LCD7W M7080 Black','Southridge Video',500,4,0,1,NULL,NULL,16),(787,293,NULL,'SV Car Video LCD7W M7081 Black','Southridge Video',499,5,0,0,NULL,NULL,5),(788,294,NULL,'SV Car Video TFT7 M7000 Black','Southridge Video',299,4,0,0,NULL,NULL,2),(789,295,NULL,'SV Car Video TFT6.2W E6280 Black','Southridge Video',279,4,0,1,NULL,NULL,17),(790,296,NULL,'SV Car Video TFT6.2W E6281 Black','Southridge Video',259,3,0,1,NULL,NULL,13),(791,297,NULL,'SV Car Video TFT6.2W E6282 Black','Southridge Video',269,8,0,0,NULL,NULL,14),(792,298,NULL,'SV Car Video TFT7 M7001 Black','Southridge Video',309,4,0,1,NULL,NULL,4),(793,299,NULL,'SV Car Video AM/FM E1000 Black','Southridge Video',199,5,0,0,NULL,NULL,4),(794,300,NULL,'SV Car Video AM/FM E1001 Black','Southridge Video',219,5,0,0,NULL,NULL,16),(795,301,NULL,'SV Car Video TFT7 M7002 Black','Southridge Video',319,4,0,1,NULL,NULL,3),(796,302,NULL,'SV Car Video LCD9.2W X9280 Black','Southridge Video',999,4,0,0,NULL,NULL,6),(797,303,NULL,'SV Car Video LCD9.2W X9281 Black','Southridge Video',869,5,0,0,NULL,NULL,10),(798,304,NULL,'SV Car Video LCD7W M7082 Black','Southridge Video',699,8,0,1,NULL,NULL,19),(799,305,NULL,'SV Car Video LCD7 M7001 Black','Southridge Video',329,4,0,1,NULL,NULL,16),(800,306,NULL,'SV Car Video LCD7 M7002 Black','Southridge Video',369,5,0,1,NULL,NULL,14),(801,307,NULL,'SV Car Video LCD7 M7003 Black','Southridge Video',369,6,0,0,NULL,NULL,12),(802,308,NULL,'SV Car Video LCD7W M7080 Silver','Southridge Video',500,4,0,0,NULL,NULL,6),(803,309,NULL,'SV Car Video LCD7W M7081 Silver','Southridge Video',499,6,0,1,NULL,NULL,19),(804,310,NULL,'SV Car Video TFT7 M7000 Silver','Southridge Video',299,4,0,1,NULL,NULL,13),(805,311,NULL,'SV Car Video TFT6.2W E6280 Silver','Southridge Video',279,8,0,0,NULL,NULL,7),(806,312,NULL,'SV Car Video TFT6.2W E6281 Silver','Southridge Video',259,4,0,1,NULL,NULL,15),(807,313,NULL,'SV Car Video TFT6.2W E6282 Silver','Southridge Video',269,5,0,0,NULL,NULL,10),(808,314,NULL,'SV Car Video TFT7 M7001 Silver','Southridge Video',309,4,0,1,NULL,NULL,1),(809,315,NULL,'SV Car Video AM/FM E1000 Silver','Southridge Video',199,6,0,0,NULL,NULL,5),(810,316,NULL,'SV Car Video AM/FM E1001 Silver','Southridge Video',219,6,0,1,NULL,NULL,7),(811,317,NULL,'SV Car Video TFT7 M7002 Silver','Southridge Video',319,5,0,0,NULL,NULL,3),(812,318,NULL,'SV Car Video LCD9.2W X9280 Silver','Southridge Video',999,6,0,1,NULL,NULL,7),(813,319,NULL,'SV Car Video LCD9.2W X9281 Silver','Southridge Video',869,3,0,0,NULL,NULL,2),(814,320,NULL,'SV Car Video LCD7W M7082 Silver','Southridge Video',699,6,0,1,NULL,NULL,19),(815,321,NULL,'SV Car Video LCD7 M7001 Silver','Southridge Video',329,4,0,1,NULL,NULL,19),(816,322,NULL,'SV Car Video LCD7 M7002 Silver','Southridge Video',369,8,0,1,NULL,NULL,14),(817,323,NULL,'SV Car Video LCD7 M7003 Silver','Southridge Video',369,4,0,1,NULL,NULL,13),(818,324,NULL,'SV Car Video LCD7W M7080 Brown','Southridge Video',500,6,0,0,NULL,NULL,10),(819,325,NULL,'SV Car Video LCD7W M7081 Brown','Southridge Video',499,4,0,1,NULL,NULL,10),(820,326,NULL,'SV Car Video TFT7 M7000 Brown','Southridge Video',299,6,0,1,NULL,NULL,19),(821,327,NULL,'SV Car Video TFT6.2W E6280 Brown','Southridge Video',279,5,0,0,NULL,NULL,18),(822,328,NULL,'SV Car Video TFT6.2W E6281 Brown','Southridge Video',259,5,0,1,NULL,NULL,9),(823,329,NULL,'SV Car Video TFT6.2W E6282 Brown','Southridge Video',269,4,0,0,NULL,NULL,4),(824,330,NULL,'SV Car Video TFT7 M7001 Brown','Southridge Video',309,10,0,1,NULL,NULL,16),(825,331,NULL,'SV Car Video AM/FM E1000 Brown','Southridge Video',199,6,0,1,NULL,NULL,15),(826,332,NULL,'SV Car Video AM/FM E1001 Brown','Southridge Video',219,6,0,0,NULL,NULL,11),(827,333,NULL,'SV Car Video TFT7 M7002 Brown','Southridge Video',319,5,0,1,NULL,NULL,8),(828,334,NULL,'SV Car Video LCD9.2W X9280 Brown','Southridge Video',999,5,0,1,NULL,NULL,2),(829,335,NULL,'SV Car Video LCD9.2W X9281 Brown','Southridge Video',869,5,0,1,NULL,NULL,20),(830,336,NULL,'SV Car Video LCD7W M7082 Brown','Southridge Video',699,6,0,0,NULL,NULL,8),(831,337,NULL,'SV Car Video LCD7 M7001 Brown','Southridge Video',329,4,0,1,NULL,NULL,19),(832,338,NULL,'Fabrikam Laptop19W M9800 Black','Fabrikam',1199,7,0,1,NULL,NULL,8),(833,339,NULL,'Fabrikam Laptop17W M7080 Black','Fabrikam',879.9,3,0,1,NULL,NULL,15),(834,340,NULL,'Fabrikam Laptop17 M7000 Black','Fabrikam',819,6,0,1,NULL,NULL,4),(835,341,NULL,'Fabrikam Laptop16W M6080 Black','Fabrikam',967,2,0,1,NULL,NULL,14),(836,342,NULL,'Fabrikam Laptop16 M6000 Black','Fabrikam',599,7,0,1,NULL,NULL,10),(837,343,NULL,'Fabrikam Laptop19 M9000 Black','Fabrikam',1099,3,0,1,NULL,NULL,3),(838,344,NULL,'Fabrikam Laptop12 M2000 White','Fabrikam',366,7,0,0,NULL,NULL,7),(839,345,NULL,'Fabrikam Laptop15 M5000 White','Fabrikam',699,4,0,1,NULL,NULL,9),(840,346,NULL,'Fabrikam Laptop15.4 M5400 White','Fabrikam',659,4,0,1,NULL,NULL,13),(841,347,NULL,'Fabrikam Laptop14.1 M4100 White','Fabrikam',586,6,0,1,NULL,NULL,9),(842,348,NULL,'Fabrikam Laptop15.4W M5480 White','Fabrikam',758,6,0,1,NULL,NULL,5),(843,349,NULL,'Fabrikam Laptop10.1 M0100 White','Fabrikam',383,5,0,1,NULL,NULL,20),(844,350,NULL,'Fabrikam Laptop12W M2080 Silver','Fabrikam',399,5,0,0,NULL,NULL,11),(845,351,NULL,'Fabrikam Laptop8.9W E0880 Silver','Fabrikam',336,6,0,1,NULL,NULL,14),(846,352,NULL,'Fabrikam Laptop8.9 E0800 Silver','Fabrikam',320,5,0,0,NULL,NULL,16),(847,353,NULL,'Fabrikam Laptop10.1 M0101 Silver','Fabrikam',384.9,5,0,0,NULL,NULL,8),(848,354,NULL,'Fabrikam Laptop12 M2001 Silver','Fabrikam',382.95,6,0,1,NULL,NULL,1),(849,355,NULL,'Fabrikam Laptop8.9 M0801 Silver','Fabrikam',363.5,3,0,1,NULL,NULL,1),(850,356,NULL,'Fabrikam Laptop14.1W M4180 Red','Fabrikam',456.9,4,0,1,NULL,NULL,7),(851,357,NULL,'Fabrikam Laptop14.1 E4101 Red','Fabrikam',330,5,0,0,NULL,NULL,1),(852,358,NULL,'Fabrikam Laptop8.9 E8002 Red','Fabrikam',326,5,0,0,NULL,NULL,18),(853,359,NULL,'Fabrikam Laptop12 M2002 Red','Fabrikam',368,5,0,1,NULL,NULL,14),(854,360,NULL,'Fabrikam Laptop13.3 M3000 Red','Fabrikam',380,5,0,1,NULL,NULL,2),(855,361,NULL,'Fabrikam Laptop13.3W M3080 Red','Fabrikam',389,5,0,0,NULL,NULL,17),(856,362,NULL,'Adventure Works Laptop19 X1900 Black','Adventure Works',1299,6,0,1,NULL,NULL,17),(857,363,NULL,'Adventure Works Laptop15 M1500 Black','Adventure Works',699,7,0,0,NULL,NULL,7),(858,364,NULL,'Adventure Works Laptop12 M1200 Black','Adventure Works',382.95,11,0,0,NULL,NULL,5),(859,365,NULL,'Adventure Works Laptop16 M1600 Black','Adventure Works',599,3,0,0,NULL,NULL,5),(860,366,NULL,'Adventure Works Laptop15.4W M1548 Black','Adventure Works',758,7,0,1,NULL,NULL,6),(861,367,NULL,'Adventure Works Laptop8.9 E0890 Black','Adventure Works',326,11,0,0,NULL,NULL,5),(862,368,NULL,'Adventure Works Laptop19W X1980 White','Adventure Works',1299,3,0,1,NULL,NULL,8),(863,369,NULL,'Adventure Works Laptop15 M1501 White','Adventure Works',699,6,0,1,NULL,NULL,7),(864,370,NULL,'Adventure Works Laptop12 M1201 White','Adventure Works',382.95,3,0,1,NULL,NULL,12),(865,371,NULL,'Adventure Works Laptop16 M1601 White','Adventure Works',599,7,0,0,NULL,NULL,7),(866,372,NULL,'Adventure Works Laptop15.4W M1548 White','Adventure Works',758,3,0,1,NULL,NULL,20),(867,373,NULL,'Adventure Works Laptop8.9 E0890 White','Adventure Works',326,6,0,0,NULL,NULL,16),(868,374,NULL,'Adventure Works Laptop19W X1980 Silver','Adventure Works',1299,6,0,1,NULL,NULL,14),(869,375,NULL,'Adventure Works Laptop15 M1501 Silver','Adventure Works',699,7,0,0,NULL,NULL,9),(870,376,NULL,'Adventure Works Laptop12 M1201 Silver','Adventure Works',382.95,11,0,1,NULL,NULL,6),(871,377,NULL,'Adventure Works Laptop16 M1601 Silver','Adventure Works',599,3,0,0,NULL,NULL,8),(872,378,NULL,'Adventure Works Laptop15.4W M1548 Silver','Adventure Works',758,7,0,0,NULL,NULL,20),(873,379,NULL,'Adventure Works Laptop8.9 E0890 Silver','Adventure Works',326,11,0,1,NULL,NULL,12),(874,380,NULL,'Adventure Works Laptop19W X1980 Red','Adventure Works',1299,4,0,0,NULL,NULL,15),(875,381,NULL,'Adventure Works Laptop15 M1501 Red','Adventure Works',699,6,0,0,NULL,NULL,10),(876,382,NULL,'Adventure Works Laptop12 M1201 Red','Adventure Works',382.95,3,0,1,NULL,NULL,8),(877,383,NULL,'Adventure Works Laptop16 M1601 Red','Adventure Works',599,7,0,0,NULL,NULL,5),(878,384,NULL,'Adventure Works Laptop15.4W M1548 Red','Adventure Works',758,3,0,1,NULL,NULL,1),(879,385,NULL,'Adventure Works Laptop8.9 E0890 Red','Adventure Works',326,6,0,0,NULL,NULL,14),(880,386,NULL,'Adventure Works Laptop19W X1980 Blue','Adventure Works',1299,6,0,0,NULL,NULL,5),(881,387,NULL,'Adventure Works Laptop15 M1501 Blue','Adventure Works',699,6,0,0,NULL,NULL,7),(882,388,NULL,'Adventure Works Laptop12 M1201 Blue','Adventure Works',382.95,6,0,1,NULL,NULL,16),(883,389,NULL,'Adventure Works Laptop16 M1601 Blue','Adventure Works',599,6,0,1,NULL,NULL,18),(884,390,NULL,'WWI Laptop19W X0196 Black','Wide World Importers',1299,3,0,1,NULL,NULL,20),(885,391,NULL,'WWI Laptop15 M0150 Black','Wide World Importers',699,3,0,0,NULL,NULL,14),(886,392,NULL,'WWI Laptop12 M0120 Black','Wide World Importers',382.95,3,0,0,NULL,NULL,12),(887,393,NULL,'WWI Laptop16 M0160 Black','Wide World Importers',599,3,0,1,NULL,NULL,15),(888,394,NULL,'WWI Laptop15.4W M0156 Black','Wide World Importers',758,3,0,1,NULL,NULL,11),(889,395,NULL,'WWI Laptop8.9 E0089 Black','Wide World Importers',326,3,0,0,NULL,NULL,9),(890,396,NULL,'WWI Laptop19W X0196 White','Wide World Importers',1299,3,0,1,NULL,NULL,7),(891,397,NULL,'WWI Laptop15 M0150 White','Wide World Importers',699,3,0,1,NULL,NULL,1),(892,398,NULL,'WWI Laptop12 M0120 White','Wide World Importers',382.95,3,0,1,NULL,NULL,1),(893,399,NULL,'WWI Laptop16 M0160 White','Wide World Importers',599,3,0,0,NULL,NULL,10),(894,400,NULL,'WWI Laptop15.4W M0156 White','Wide World Importers',758,3,0,0,NULL,NULL,4),(895,401,NULL,'WWI Laptop8.9 E0089 White','Wide World Importers',326,3,0,1,NULL,NULL,6),(896,402,NULL,'WWI Laptop19W X0196 Blue','Wide World Importers',1299,3,0,1,NULL,NULL,6),(897,403,NULL,'WWI Laptop15 M0150 Blue','Wide World Importers',699,3,0,1,NULL,NULL,2),(898,404,NULL,'Proseware Laptop19 X910 Black','Proseware',1299,3,0,0,NULL,NULL,10),(899,405,NULL,'Proseware Laptop15 M510 Black','Proseware',699,3,0,0,NULL,NULL,1),(900,406,NULL,'Proseware Laptop12 M210 Black','Proseware',382.95,3,0,1,NULL,NULL,8),(901,407,NULL,'Proseware Laptop16 M610 Black','Proseware',599,6,0,1,NULL,NULL,12),(902,408,NULL,'Proseware Laptop15.4W M518 Black','Proseware',758,6,0,1,NULL,NULL,2),(903,409,NULL,'Proseware Laptop8.9 E089 Black','Proseware',326,6,0,0,NULL,NULL,8),(904,410,NULL,'Proseware Laptop19W X910 White','Proseware',1299,6,0,1,NULL,NULL,1),(905,411,NULL,'Proseware Laptop15 M510 White','Proseware',699,6,0,1,NULL,NULL,3),(906,412,NULL,'Proseware Laptop12 M210 White','Proseware',382.95,3,0,1,NULL,NULL,7),(907,413,NULL,'Proseware Laptop16 M610 White','Proseware',599,3,0,0,NULL,NULL,7),(908,414,NULL,'Proseware Laptop15.4W M518 White','Proseware',758,3,0,1,NULL,NULL,19),(909,415,NULL,'Proseware Laptop8.9 E089 White','Proseware',326,3,0,1,NULL,NULL,9),(910,416,NULL,'Adventure Works Desktop PC2.33 XD233 Silver','Adventure Works',969,NULL,0,1,NULL,NULL,11),(911,417,NULL,'Adventure Works Desktop PC2.30 MD230 Silver','Adventure Works',599,NULL,0,1,NULL,NULL,15),(912,418,NULL,'Adventure Works Desktop PC1.60 ED160 Silver','Adventure Works',269.95,NULL,0,0,NULL,NULL,2),(913,419,NULL,'Adventure Works Desktop PC1.80 ED180 Silver','Adventure Works',369,NULL,0,0,NULL,NULL,2),(914,420,NULL,'Adventure Works Desktop PC1.80 ED182 Silver','Adventure Works',499.9,NULL,0,0,NULL,NULL,10),(915,421,NULL,'Adventure Works Desktop PC3.0 MS300 Silver','Adventure Works',469,NULL,0,1,NULL,NULL,10),(916,422,NULL,'Adventure Works Desktop PC2.33 XD233 Black','Adventure Works',969,NULL,0,0,NULL,NULL,6),(917,423,NULL,'Adventure Works Desktop PC2.30 MD230 Black','Adventure Works',599,NULL,0,1,NULL,NULL,14),(918,424,NULL,'Adventure Works Desktop PC1.60 ED160 Black','Adventure Works',269.95,NULL,0,0,NULL,NULL,6),(919,425,NULL,'Adventure Works Desktop PC1.80 ED180 Black','Adventure Works',369,NULL,0,0,NULL,NULL,11),(920,426,NULL,'Adventure Works Desktop PC1.80 ED182 Black','Adventure Works',499.9,NULL,0,0,NULL,NULL,5),(921,427,NULL,'Adventure Works Desktop PC3.0 MS300 Black','Adventure Works',469,NULL,0,0,NULL,NULL,9),(922,428,NULL,'Adventure Works Desktop PC2.33 XD233 Brown','Adventure Works',969,NULL,0,1,NULL,NULL,2),(923,429,NULL,'Adventure Works Desktop PC2.30 MD230 Brown','Adventure Works',599.9,NULL,0,1,NULL,NULL,17),(924,430,NULL,'Adventure Works Desktop PC1.60 ED160 Brown','Adventure Works',269.95,NULL,0,0,NULL,NULL,11),(925,431,NULL,'Adventure Works Desktop PC1.80 ED180 Brown','Adventure Works',369,NULL,0,1,NULL,NULL,8),(926,432,NULL,'Adventure Works Desktop PC1.80 ED182 Brown','Adventure Works',499.9,NULL,0,1,NULL,NULL,9),(927,433,NULL,'Adventure Works Desktop PC2.33 XD233 White','Adventure Works',969,NULL,0,0,NULL,NULL,6),(928,434,NULL,'Adventure Works Desktop PC2.30 MD230 White','Adventure Works',599,NULL,0,1,NULL,NULL,11),(929,435,NULL,'Adventure Works Desktop PC1.60 ED160 White','Adventure Works',269.95,NULL,0,0,NULL,NULL,16),(930,436,NULL,'Adventure Works Desktop PC1.80 ED180 White','Adventure Works',369,NULL,0,1,NULL,NULL,9),(931,437,NULL,'Adventure Works Desktop PC1.80 ED182 White','Adventure Works',499.9,NULL,0,1,NULL,NULL,18),(932,438,NULL,'WWI Desktop PC2.33 X2330 Silver','Wide World Importers',919,NULL,0,0,NULL,NULL,10),(933,439,NULL,'WWI Desktop PC2.30 M2300 Brown','Wide World Importers',559,NULL,0,1,NULL,NULL,3),(934,440,NULL,'WWI Desktop PC1.60 E1600 Silver','Wide World Importers',219.95,NULL,0,1,NULL,NULL,5),(935,441,NULL,'WWI Desktop PC1.80 E1800 Brown','Wide World Importers',229.9,NULL,0,1,NULL,NULL,2),(936,442,NULL,'WWI Desktop PC1.80 E1801 Silver','Wide World Importers',269.9,NULL,0,1,NULL,NULL,11),(937,443,NULL,'WWI Desktop PC3.0 M0300 Silver','Wide World Importers',349,NULL,0,1,NULL,NULL,16),(938,444,NULL,'WWI Desktop PC2.33 X2330 Black','Wide World Importers',919,NULL,0,1,NULL,NULL,5),(939,445,NULL,'WWI Desktop PC2.30 M2300 Black','Wide World Importers',559,NULL,0,0,NULL,NULL,3),(940,446,NULL,'WWI Desktop PC1.60 E1600 Black','Wide World Importers',219.95,NULL,0,1,NULL,NULL,19),(941,447,NULL,'WWI Desktop PC1.80 E1800 Black','Wide World Importers',229.9,NULL,0,1,NULL,NULL,3),(942,448,NULL,'WWI Desktop PC1.80 E1801 Black','Wide World Importers',269.9,NULL,0,1,NULL,NULL,4),(943,449,NULL,'WWI Desktop PC3.0 M0300 Black','Wide World Importers',349,NULL,0,0,NULL,NULL,12),(944,450,NULL,'WWI Desktop PC2.33 X2330 Brown','Wide World Importers',919,NULL,0,1,NULL,NULL,6),(945,451,NULL,'WWI Desktop PC2.30 M2300 Silver','Wide World Importers',559,NULL,0,1,NULL,NULL,5),(946,452,NULL,'WWI Desktop PC1.60 E1600 Red','Wide World Importers',219.95,NULL,0,1,NULL,NULL,9),(947,453,NULL,'WWI Desktop PC1.80 E1800 Silver','Wide World Importers',229.9,NULL,0,0,NULL,NULL,20),(948,454,NULL,'WWI Desktop PC1.80 E1801 Brown','Wide World Importers',269.9,NULL,0,0,NULL,NULL,15),(949,455,NULL,'WWI Desktop PC2.33 X2330 White','Wide World Importers',919,NULL,0,1,NULL,NULL,17),(950,456,NULL,'WWI Desktop PC2.30 M2300 White','Wide World Importers',559,NULL,0,0,NULL,NULL,11),(951,457,NULL,'WWI Desktop PC1.60 E1600 White','Wide World Importers',219.95,NULL,0,1,NULL,NULL,20),(952,458,NULL,'WWI Desktop PC1.80 E1800 White','Wide World Importers',229.9,NULL,0,0,NULL,NULL,6),(953,459,NULL,'WWI Desktop PC1.80 E1801 White','Wide World Importers',269.9,NULL,0,0,NULL,NULL,6),(954,460,NULL,'WWI Desktop PC1.80 E1802 White','Wide World Importers',299.9,NULL,0,1,NULL,NULL,17),(955,461,NULL,'Proseware LCD24 X300 Black','Proseware',819,13,0,0,NULL,NULL,14),(956,462,NULL,'Proseware LCD24W X300 Black','Proseware',869,10,0,1,NULL,NULL,16),(957,463,NULL,'Proseware LCD22 M2000 Black','Proseware',619,13,0,1,NULL,NULL,18),(958,464,NULL,'Proseware LCD22W M2001 Black','Proseware',679,13,0,1,NULL,NULL,15),(959,465,NULL,'Proseware LCD20 M200 Black','Proseware',259,13,0,1,NULL,NULL,11),(960,466,NULL,'Proseware LCD20W M230 Black','Proseware',279,13,0,1,NULL,NULL,1),(961,467,NULL,'Proseware LCD19 E1000 Black','Proseware',139,12,0,0,NULL,NULL,4),(962,468,NULL,'Proseware LCD19W M100 Black','Proseware',179,10,0,0,NULL,NULL,10),(963,469,NULL,'Proseware LCD17 E200 Black','Proseware',99,10,0,0,NULL,NULL,17),(964,470,NULL,'Proseware LCD17W E202 Black','Proseware',129,10,0,0,NULL,NULL,16),(965,471,NULL,'Proseware LCD15 E103 Black','Proseware',99,10,0,1,NULL,NULL,5),(966,472,NULL,'Proseware CRT19 E201 Black','Proseware',69,10,0,0,NULL,NULL,7),(967,473,NULL,'Proseware CRT17 E104 Black','Proseware',59,10,0,1,NULL,NULL,6),(968,474,NULL,'Proseware CRT15 E10 Black','Proseware',49,10,0,0,NULL,NULL,16),(969,475,NULL,'Proseware LCD24 X300 White','Proseware',819,10,0,0,NULL,NULL,16),(970,476,NULL,'Proseware LCD24W X300 White','Proseware',869,10,0,0,NULL,NULL,20),(971,477,NULL,'Proseware LCD22 M2000 White','Proseware',619,10,0,0,NULL,NULL,10),(972,478,NULL,'Proseware LCD22W M2001 White','Proseware',679,10,0,0,NULL,NULL,11),(973,479,NULL,'Proseware LCD20 M200 White','Proseware',259,10,0,1,NULL,NULL,8),(974,480,NULL,'Proseware LCD20W M230 White','Proseware',279,10,0,1,NULL,NULL,19),(975,481,NULL,'Proseware LCD19 E1000 White','Proseware',139,10,0,1,NULL,NULL,19),(976,482,NULL,'Proseware LCD19W M100 White','Proseware',179,10,0,0,NULL,NULL,8),(977,483,NULL,'Proseware LCD17 E200 White','Proseware',99,10,0,0,NULL,NULL,17),(978,484,NULL,'Proseware LCD17W E202 White','Proseware',129,10,0,1,NULL,NULL,12),(979,485,NULL,'Proseware LCD15 E103 White','Proseware',99,10,0,0,NULL,NULL,14),(980,486,NULL,'Proseware CRT19 E201 White','Proseware',69,10,0,0,NULL,NULL,11),(981,487,NULL,'Proseware CRT17 E104 White','Proseware',59,10,0,0,NULL,NULL,11),(982,488,NULL,'Proseware CRT15 E10 White','Proseware',49,9,0,0,NULL,NULL,5),(983,489,NULL,'Adventure Works LCD24 X300 Black','Adventure Works',819,9,0,0,NULL,NULL,11),(984,490,NULL,'Adventure Works LCD24W X300 Black','Adventure Works',869,10,0,1,NULL,NULL,5),(985,491,NULL,'Adventure Works LCD22 M200 Black','Adventure Works',619,10,0,1,NULL,NULL,4),(986,492,NULL,'Adventure Works LCD22W M200 Black','Adventure Works',679,10,0,1,NULL,NULL,17),(987,493,NULL,'Adventure Works LCD20 M210 Black','Adventure Works',259,10,0,0,NULL,NULL,4),(988,494,NULL,'Adventure Works LCD20W M240 Black','Adventure Works',279,10,0,0,NULL,NULL,10),(989,495,NULL,'Adventure Works LCD19 E108 Black','Adventure Works',139,10,0,1,NULL,NULL,4),(990,496,NULL,'Adventure Works LCD19W M100 Black','Adventure Works',179,10,0,1,NULL,NULL,1),(991,497,NULL,'Adventure Works LCD17 E200 Black','Adventure Works',99,10,0,0,NULL,NULL,1),(992,498,NULL,'Adventure Works LCD17W E203 Black','Adventure Works',129,10,0,0,NULL,NULL,6),(993,499,NULL,'Adventure Works LCD15 E100 Black','Adventure Works',99,10,0,0,NULL,NULL,6),(994,500,NULL,'Adventure Works CRT19 E10 Black','Adventure Works',69,10,0,1,NULL,NULL,1),(995,501,NULL,'Adventure Works CRT17 E105 Black','Adventure Works',59,10,0,1,NULL,NULL,18),(996,502,NULL,'Adventure Works CRT15 E101 Black','Adventure Works',90,10,0,0,NULL,NULL,16),(997,503,NULL,'Adventure Works LCD24 X300 White','Adventure Works',819,10,0,0,NULL,NULL,12),(998,504,NULL,'Adventure Works LCD24W X300 White','Adventure Works',869,10,0,1,NULL,NULL,13),(999,505,NULL,'Adventure Works LCD22 M200 White','Adventure Works',619,30,0,0,NULL,NULL,12),(1000,506,NULL,'Adventure Works LCD22W M200 White','Adventure Works',679,10,0,0,NULL,NULL,17),(1001,507,NULL,'Adventure Works LCD20 M210 White','Adventure Works',259,11,0,0,NULL,NULL,5),(1002,508,NULL,'Adventure Works LCD20W M240 White','Adventure Works',279,15,0,1,NULL,NULL,3),(1003,509,NULL,'Adventure Works LCD19 E108 White','Adventure Works',139,30,0,1,NULL,NULL,16),(1004,510,NULL,'Adventure Works LCD19W M100 White','Adventure Works',179,15,0,0,NULL,NULL,20),(1005,511,NULL,'Adventure Works LCD17 E200 White','Adventure Works',99,10,0,1,NULL,NULL,9),(1006,512,NULL,'Adventure Works LCD17W E203 White','Adventure Works',129,11,0,0,NULL,NULL,4),(1007,513,NULL,'Adventure Works LCD15 E100 White','Adventure Works',99,10,0,0,NULL,NULL,17),(1008,514,NULL,'Adventure Works CRT19 E10 White','Adventure Works',69,10,0,1,NULL,NULL,3),(1009,515,NULL,'Adventure Works CRT17 E105 White','Adventure Works',59,11,0,0,NULL,NULL,18),(1010,516,NULL,'Adventure Works CRT15 E101 White','Adventure Works',90,22,0,1,NULL,NULL,20),(1011,517,NULL,'WWI LCD24 X300 Black','Wide World Importers',819,15,0,1,NULL,NULL,20),(1012,518,NULL,'WWI LCD24W X300 Black','Wide World Importers',869,10,0,1,NULL,NULL,9),(1013,519,NULL,'WWI LCD22 M2002 Black','Wide World Importers',619,10,0,0,NULL,NULL,12),(1014,520,NULL,'WWI LCD22W M2003 Black','Wide World Importers',679,10,0,1,NULL,NULL,13),(1015,521,NULL,'WWI LCD20 M220 Black','Wide World Importers',259,10,0,0,NULL,NULL,19),(1016,522,NULL,'WWI LCD20W M250 Black','Wide World Importers',279,10,0,1,NULL,NULL,17),(1017,523,NULL,'WWI LCD19 E107 Black','Wide World Importers',139,10,0,0,NULL,NULL,18),(1018,524,NULL,'WWI LCD19W M100 Black','Wide World Importers',179,9,0,0,NULL,NULL,17),(1019,525,NULL,'WWI LCD17 E200 Black','Wide World Importers',99,10,0,0,NULL,NULL,16),(1020,526,NULL,'WWI LCD17W E200 Black','Wide World Importers',129,9,0,0,NULL,NULL,12),(1021,527,NULL,'WWI CRT17 E106 Black','Wide World Importers',99,10,0,0,NULL,NULL,18),(1022,528,NULL,'WWI LCD24 X300 White','Wide World Importers',819,10,0,0,NULL,NULL,5),(1023,529,NULL,'WWI LCD24W X300 White','Wide World Importers',869,9,0,1,NULL,NULL,7),(1024,530,NULL,'WWI LCD22 M2002 White','Wide World Importers',619,10,0,1,NULL,NULL,16),(1025,531,NULL,'WWI LCD22W M2003 White','Wide World Importers',679,10,0,1,NULL,NULL,16),(1026,532,NULL,'WWI LCD20 M220 White','Wide World Importers',259,11,0,1,NULL,NULL,3),(1027,533,NULL,'WWI LCD20W M250 White','Wide World Importers',279,10,0,1,NULL,NULL,3),(1028,534,NULL,'WWI LCD19 E107 White','Wide World Importers',139,10,0,0,NULL,NULL,8),(1029,535,NULL,'WWI LCD19W M100 White','Wide World Importers',179,10,0,1,NULL,NULL,13),(1030,536,NULL,'WWI LCD17 E205 White','Wide World Importers',99,10,0,1,NULL,NULL,12),(1031,537,NULL,'WWI LCD17W E200 White','Wide World Importers',129,10,0,1,NULL,NULL,3),(1032,538,NULL,'WWI CRT17 E106 White','Wide World Importers',99,10,0,1,NULL,NULL,10);
/*!40000 ALTER TABLE `products_dim` ENABLE KEYS */;
UNLOCK TABLES;

--
-- Table structure for table `sales_fact`
--

DROP TABLE IF EXISTS `sales_fact`;
/*!40101 SET @saved_cs_client     = @@character_set_client */;
/*!50503 SET character_set_client = utf8mb4 */;
CREATE TABLE `sales_fact` (
  `sales_sk` bigint NOT NULL,
  `location_id` int DEFAULT NULL,
  `date_id` int DEFAULT NULL,
  `customer_id` int DEFAULT NULL,
  `product_id` int DEFAULT NULL,
  `revenue` decimal(10,2) DEFAULT NULL,
  `quantity` int DEFAULT NULL,
  PRIMARY KEY (`sales_sk`),
  KEY `location_id` (`location_id`),
  KEY `date_id` (`date_id`),
  KEY `customer_id` (`customer_id`),
  KEY `product_id` (`product_id`),
  CONSTRAINT `customer_id` FOREIGN KEY (`customer_id`) REFERENCES `customers_dim` (`customer_sk`),
  CONSTRAINT `date_id` FOREIGN KEY (`date_id`) REFERENCES `date_dim` (`date_sk`),
  CONSTRAINT `location_id` FOREIGN KEY (`location_id`) REFERENCES `location_dim` (`location_sk`),
  CONSTRAINT `product_id` FOREIGN KEY (`product_id`) REFERENCES `products_dim` (`product_sk`)
) ENGINE=InnoDB DEFAULT CHARSET=latin1;
/*!40101 SET character_set_client = @saved_cs_client */;

--
-- Dumping data for table `sales_fact`
--

LOCK TABLES `sales_fact` WRITE;
/*!40000 ALTER TABLE `sales_fact` DISABLE KEYS */;
INSERT INTO `sales_fact` VALUES (2001,4,654,34,27,315.00,35),(2002,4,654,34,46,1080.00,30),(2003,30,654,11,62,120.00,4),(2004,30,654,11,9,1380.00,30),(2005,30,655,19,31,372.00,12),(2006,30,655,19,43,90.00,30),(2007,30,655,19,23,441.00,21),(2008,30,655,19,47,1100.00,50),(2009,17,655,87,2,180.00,10),(2010,17,655,87,68,120.00,20),(2011,58,655,27,69,504.00,8),(2012,58,655,27,65,530.00,10),(2013,54,656,10,4,150.00,30),(2014,54,656,10,37,1029.00,21),(2015,39,656,39,61,840.00,35),(2016,39,656,39,44,1320.00,24),(2017,7,656,14,53,760.00,20),(2018,7,656,14,22,528.00,12),(2019,40,657,71,3,1900.00,100),(2020,40,657,71,16,1470.00,70),(2021,40,657,71,58,7440.00,60),(2022,40,657,71,44,5500.00,100),(2023,40,657,71,2,810.00,45),(2024,40,657,71,68,480.00,80),(2025,40,657,71,4,105.00,21),(2026,40,657,71,55,660.00,20),(2027,40,657,71,47,352.00,16),(2028,20,657,89,71,665.00,35),(2029,20,657,89,7,6600.00,25),(2030,20,657,89,44,1650.00,30),(2031,8,657,68,59,2310.00,70),(2032,8,657,68,46,1296.00,36),(2033,35,660,55,29,150.00,15),(2034,35,660,55,20,228.00,12),(2035,35,660,55,21,174.00,6),(2036,6,660,76,2,180.00,10),(2037,6,660,76,6,1080.00,60),(2038,6,660,76,51,420.00,30),(2039,6,660,76,60,70.00,10),(2040,48,660,17,68,42.00,7),(2041,48,660,17,44,1650.00,30),(2042,34,661,30,11,60.00,4),(2043,6,661,76,73,90.00,5),(2044,6,661,76,52,14.00,2),(2045,6,661,76,47,660.00,30),(2046,55,661,47,64,920.00,20),(2047,55,661,47,6,432.00,24),(2048,55,661,47,35,1200.00,60),(2049,55,661,47,54,560.00,28),(2050,63,662,32,29,200.00,20),(2051,7,662,14,3,570.00,30),(2052,7,662,14,22,1320.00,30),(2053,31,662,15,20,285.00,15),(2054,31,662,15,21,116.00,4),(2055,70,662,74,39,210.00,10),(2056,51,663,91,37,588.00,12),(2057,54,663,10,43,45.00,15),(2058,54,663,10,65,1272.00,24),(2059,33,663,86,40,760.00,20),(2060,33,663,86,42,480.00,15),(2061,33,663,86,6,324.00,18),(2062,30,664,19,2,450.00,25),(2063,30,664,19,16,630.00,30),(2064,54,664,10,38,546.00,42),(2065,59,664,31,3,190.00,10),(2066,59,664,31,40,152.00,4),(2067,15,667,24,13,900.00,50),(2068,45,667,41,4,50.00,10),(2069,4,667,34,9,1380.00,30),(2070,4,667,34,21,290.00,10),(2071,46,667,59,69,2205.00,35),(2072,46,667,59,42,640.00,20),(2073,46,667,59,55,825.00,25),(2074,57,668,12,43,30.00,10),(2075,57,668,12,10,280.00,20),(2076,10,668,35,4,75.00,15),(2077,10,668,35,30,210.00,15),(2078,10,668,35,65,1060.00,20),(2079,10,668,35,54,400.00,20),(2080,30,668,19,62,1200.00,40),(2081,30,668,19,61,840.00,35),(2082,30,668,19,45,1700.00,50),(2083,30,669,53,11,45.00,3),(2084,62,669,6,29,30.00,3),(2085,62,669,6,45,714.00,21),(2086,62,669,6,21,116.00,4),(2087,4,669,67,68,180.00,30),(2088,4,669,67,57,468.00,12),(2089,4,669,67,45,1190.00,35),(2090,58,670,27,45,136.00,4),(2091,58,670,27,25,130.00,10),(2092,63,670,32,45,510.00,15),(2093,29,670,66,59,330.00,10),(2094,29,670,66,11,180.00,12),(2095,32,670,37,5,420.00,30),(2096,32,670,37,73,720.00,40),(2097,32,670,37,74,300.00,30),(2098,40,671,71,57,3003.00,77),(2099,40,671,71,74,120.00,12),(2100,40,671,71,59,825.00,25),(2101,40,671,71,61,96.00,4),(2102,40,671,71,38,715.00,55),(2103,28,671,46,70,104.00,4),(2104,28,671,46,60,140.00,20),(2105,20,671,89,26,51.00,3),(2106,20,671,89,27,378.00,42),(2107,20,671,89,5,490.00,35),(2108,48,674,17,74,90.00,9),(2109,31,674,62,64,368.00,8),(2110,31,674,62,9,1656.00,36),(2111,31,674,62,25,364.00,28),(2112,12,674,80,8,360.00,20),(2113,26,675,44,2,720.00,40),(2114,26,675,44,3,380.00,20),(2115,26,675,44,26,510.00,30),(2116,26,675,44,41,260.00,20),(2117,28,675,46,62,450.00,15),(2118,28,675,46,68,60.00,10),(2119,11,675,20,3,152.00,8),(2120,11,675,20,74,400.00,40),(2121,11,675,20,36,352.00,22),(2122,11,675,20,55,4290.00,130),(2123,12,675,58,39,210.00,10),(2124,12,675,58,4,100.00,20),(2125,44,676,73,26,238.00,14),(2126,8,676,68,3,190.00,10),(2127,8,676,68,76,360.00,30),(2128,8,676,68,13,36.00,2),(2129,42,676,9,17,500.00,20),(2130,42,676,9,63,460.00,20),(2131,42,676,9,27,90.00,10),(2132,14,676,65,3,456.00,24),(2133,14,676,65,14,40.00,4),(2134,14,676,65,15,22.00,1),(2135,14,676,65,17,25.00,1),(2136,14,676,65,62,30.00,1),(2137,14,676,65,18,80.00,2),(2138,14,676,65,67,31.00,1),(2139,14,676,65,40,76.00,2),(2140,14,676,65,68,24.00,4),(2141,14,676,65,63,23.00,1),(2142,14,676,65,26,34.00,2),(2143,14,676,65,28,81.00,1),(2144,14,676,65,50,18.00,2),(2145,14,676,65,42,32.00,1),(2146,14,676,65,8,36.00,2),(2147,14,676,65,74,30.00,3),(2148,14,676,65,76,36.00,3),(2149,14,676,65,52,14.00,2),(2150,14,676,65,61,48.00,2),(2151,14,676,65,45,68.00,2),(2152,14,676,65,55,66.00,2),(2153,14,676,65,24,17.00,1),(2154,14,676,65,78,30.00,2),(2155,14,676,65,12,32.00,4),(2156,14,676,65,25,26.00,2);
/*!40000 ALTER TABLE `sales_fact` ENABLE KEYS */;
UNLOCK TABLES;

--
-- Table structure for table `store_dim`
--

DROP TABLE IF EXISTS `store_dim`;
/*!40101 SET @saved_cs_client     = @@character_set_client */;
/*!50503 SET character_set_client = utf8mb4 */;
CREATE TABLE `store_dim` (
  `store_sk` int NOT NULL AUTO_INCREMENT,
  `phone` varchar(100) DEFAULT NULL,
  `address` varchar(100) DEFAULT NULL,
  `email` varchar(100) DEFAULT NULL,
  `fax` varchar(100) DEFAULT NULL,
  `version` int DEFAULT NULL,
  `date_from` datetime DEFAULT NULL,
  `date_to` datetime DEFAULT NULL,
  PRIMARY KEY (`store_sk`)
) ENGINE=InnoDB AUTO_INCREMENT=48 DEFAULT CHARSET=utf8mb4 COLLATE=utf8mb4_0900_ai_ci;
/*!40101 SET character_set_client = @saved_cs_client */;

--
-- Dumping data for table `store_dim`
--

LOCK TABLES `store_dim` WRITE;
/*!40000 ALTER TABLE `store_dim` DISABLE KEYS */;
INSERT INTO `store_dim` VALUES (35,'150-555-0189','Mino shopping mall',NULL,'150-555-0189',NULL,NULL,NULL),(36,'212-555-0187','Kennewick,  Downtown',NULL,'212-555-0187',NULL,NULL,NULL),(37,'612-555-0100','West Lake Hills shopping mall',NULL,'612-555-0100',NULL,NULL,NULL),(38,'612-555-0100','Downtown shopping mall',NULL,'612-555-0100',NULL,NULL,NULL),(39,'168-555-0183','Yakima, shopping mall',NULL,'168-555-0183',NULL,NULL,NULL),(40,'913-555-0172','Granger, WA Downtown shopping mall',NULL,'913-555-0172',NULL,NULL,NULL),(41,'913-555-0172','Sunnyside, WA Citycenter',NULL,'913-555-0172',NULL,NULL,NULL),(42,'903-555-0145','Toppenish, Citycenter',NULL,'903-555-0145',NULL,NULL,NULL),(43,'145-555-0130','Wapato, Citycenter',NULL,'145-555-0130',NULL,NULL,NULL),(44,'849-555-0139','Cle Elum, Citycenter',NULL,'849-555-0139',NULL,NULL,NULL),(45,'206-555-0180','North Bend, Citycenter',NULL,'206-555-0180',NULL,NULL,NULL),(46,'122-555-0189','Snoqualmie, Citycenter',NULL,'122-555-0189',NULL,NULL,NULL),(47,'819-555-0175','Fall City, Citycenter',NULL,'819-555-0175',NULL,NULL,NULL);
/*!40000 ALTER TABLE `store_dim` ENABLE KEYS */;
UNLOCK TABLES;

--
-- Table structure for table `supplier_dim`
--

DROP TABLE IF EXISTS `supplier_dim`;
/*!40101 SET @saved_cs_client     = @@character_set_client */;
/*!50503 SET character_set_client = utf8mb4 */;
CREATE TABLE `supplier_dim` (
  `sk` int NOT NULL,
  `CompanyName` varchar(45) DEFAULT NULL,
  `City` varchar(45) DEFAULT NULL,
  `Country` varchar(45) DEFAULT NULL,
  `version` int DEFAULT NULL,
  `date_from` date DEFAULT NULL,
  `date_to` date DEFAULT NULL,
  `supplier_id` int DEFAULT NULL,
  PRIMARY KEY (`sk`)
) ENGINE=InnoDB DEFAULT CHARSET=latin1;
/*!40101 SET character_set_client = @saved_cs_client */;

--
-- Dumping data for table `supplier_dim`
--

LOCK TABLES `supplier_dim` WRITE;
/*!40000 ALTER TABLE `supplier_dim` DISABLE KEYS */;
INSERT INTO `supplier_dim` VALUES (0,NULL,NULL,NULL,1,NULL,NULL,NULL),(1,'Exotic Liquids','London','UK',1,'1900-01-01','2200-01-01',1),(2,'New Orleans Cajun Delights','New Orleans','USA',1,'1900-01-01','2200-01-01',2),(3,'Grandma Kelly\'s Homestead','Ann Arbor','USA',1,'1900-01-01','2200-01-01',3),(4,'Tokyo Traders','Tokyo','Japan',1,'1900-01-01','2200-01-01',4),(5,'Cooperativa de Quesos \'Las Cabras\'','Oviedo','Spain',1,'1900-01-01','2200-01-01',5),(6,'Mayumi\'s','Osaka','Japan',1,'1900-01-01','2200-01-01',6),(7,'Pavlova, Ltd.','Melbourne','Australia',1,'1900-01-01','2200-01-01',7),(8,'Specialty Biscuits, Ltd.','Manchester','UK',1,'1900-01-01','2200-01-01',8),(9,'PB Knckebrd AB','Gteborg','Sweden ',1,'1900-01-01','2200-01-01',9),(10,'Refrescos Americanas LTDA','So Paulo','Brazil',1,'1900-01-01','2200-01-01',10),(11,'Heli Swaren GmbH & Co. KG','Berlin','Germany',1,'1900-01-01','2200-01-01',11),(12,'Plutzer Lebensmittelgromrkte AG','Frankfurt','Germany',1,'1900-01-01','2200-01-01',12),(13,'Nord-Ost-Fisch Handelsgesellschaft mbH','Cuxhaven','Germany',1,'1900-01-01','2200-01-01',13),(14,'Formaggi Fortini s.r.l.','Ravenna','Italy',1,'1900-01-01','2200-01-01',14),(15,'Norske Meierier','Sandvika','Norway',1,'1900-01-01','2200-01-01',15),(16,'Bigfoot Breweries','Bend','USA',1,'1900-01-01','2200-01-01',16),(17,'Svensk Sjfda AB','Stockholm','Sweden',1,'1900-01-01','2200-01-01',17),(18,'Aux joyeux ecclsiastiques','Paris','France',1,'1900-01-01','2200-01-01',18),(19,'New England Seafood Cannery','Boston','USA',1,'1900-01-01','2200-01-01',19),(20,'Leka Trading','Singapore','Singapore',1,'1900-01-01','2200-01-01',20),(21,'Lyngbysild','Lyngby','Denmark',1,'1900-01-01','2200-01-01',21),(22,'Zaanse Snoepfabriek','Zaandam','Netherlands',1,'1900-01-01','2200-01-01',22),(23,'Karkki Oy','Lappeenranta','Finland',1,'1900-01-01','2200-01-01',23),(24,'G\'day, Mate','Sydney','Australia',1,'1900-01-01','2200-01-01',24),(25,'Ma Maison','Montral','Canada',1,'1900-01-01','2200-01-01',25),(26,'Pasta Buttini s.r.l.','Salerno','Italy',1,'1900-01-01','2200-01-01',26),(27,'Escargots Nouveaux','Montceau','France',1,'1900-01-01','2200-01-01',27),(28,'Gai pturage','Annecy','France',1,'1900-01-01','2200-01-01',28),(29,'Forts d\'rables','Ste-Hyacinthe','Canada',1,'1900-01-01','2200-01-01',29);
/*!40000 ALTER TABLE `supplier_dim` ENABLE KEYS */;
UNLOCK TABLES;

--
-- Dumping routines for database 'northwind_4'
--
/*!40103 SET TIME_ZONE=@OLD_TIME_ZONE */;

/*!40101 SET SQL_MODE=@OLD_SQL_MODE */;
/*!40014 SET FOREIGN_KEY_CHECKS=@OLD_FOREIGN_KEY_CHECKS */;
/*!40014 SET UNIQUE_CHECKS=@OLD_UNIQUE_CHECKS */;
/*!40101 SET CHARACTER_SET_CLIENT=@OLD_CHARACTER_SET_CLIENT */;
/*!40101 SET CHARACTER_SET_RESULTS=@OLD_CHARACTER_SET_RESULTS */;
/*!40101 SET COLLATION_CONNECTION=@OLD_COLLATION_CONNECTION */;
/*!40111 SET SQL_NOTES=@OLD_SQL_NOTES */;

-- Dump completed on 2023-12-17  2:00:35
