"date_sk","date","year","trimestre","month","day","version","date_from","date_to"
1,,,,,,1,,
2,"1996-07-01 00:00:00",1996,3,7,1,1,"1900-01-01 00:00:00","2199-12-31 23:59:59"
3,"1996-07-02 00:00:00",1996,3,7,2,1,"1900-01-01 00:00:00","2199-12-31 23:59:59"
4,"1996-07-03 00:00:00",1996,3,7,3,1,"1900-01-01 00:00:00","2199-12-31 23:59:59"
5,"1996-07-04 00:00:00",1996,3,7,4,1,"1900-01-01 00:00:00","2199-12-31 23:59:59"
6,"1996-07-05 00:00:00",1996,3,7,5,1,"1900-01-01 00:00:00","2199-12-31 23:59:59"
7,"1996-07-06 00:00:00",1996,3,7,6,1,"1900-01-01 00:00:00","2199-12-31 23:59:59"
8,"1996-07-07 00:00:00",1996,3,7,7,1,"1900-01-01 00:00:00","2199-12-31 23:59:59"
9,"1996-07-08 00:00:00",1996,3,7,8,1,"1900-01-01 00:00:00","2199-12-31 23:59:59"
10,"1996-07-09 00:00:00",1996,3,7,9,1,"1900-01-01 00:00:00","2199-12-31 23:59:59"
11,"1996-07-10 00:00:00",1996,3,7,10,1,"1900-01-01 00:00:00","2199-12-31 23:59:59"
12,"1996-07-11 00:00:00",1996,3,7,11,1,"1900-01-01 00:00:00","2199-12-31 23:59:59"
13,"1996-07-12 00:00:00",1996,3,7,12,1,"1900-01-01 00:00:00","2199-12-31 23:59:59"
14,"1996-07-13 00:00:00",1996,3,7,13,1,"1900-01-01 00:00:00","2199-12-31 23:59:59"
15,"1996-07-14 00:00:00",1996,3,7,14,1,"1900-01-01 00:00:00","2199-12-31 23:59:59"
16,"1996-07-15 00:00:00",1996,3,7,15,1,"1900-01-01 00:00:00","2199-12-31 23:59:59"
17,"1996-07-16 00:00:00",1996,3,7,16,1,"1900-01-01 00:00:00","2199-12-31 23:59:59"
18,"1996-07-17 00:00:00",1996,3,7,17,1,"1900-01-01 00:00:00","2199-12-31 23:59:59"
19,"1996-07-18 00:00:00",1996,3,7,18,1,"1900-01-01 00:00:00","2199-12-31 23:59:59"
20,"1996-07-19 00:00:00",1996,3,7,19,1,"1900-01-01 00:00:00","2199-12-31 23:59:59"
21,"1996-07-20 00:00:00",1996,3,7,20,1,"1900-01-01 00:00:00","2199-12-31 23:59:59"
22,"1996-07-21 00:00:00",1996,3,7,21,1,"1900-01-01 00:00:00","2199-12-31 23:59:59"
23,"1996-07-22 00:00:00",1996,3,7,22,1,"1900-01-01 00:00:00","2199-12-31 23:59:59"
24,"1996-07-23 00:00:00",1996,3,7,23,1,"1900-01-01 00:00:00","2199-12-31 23:59:59"
25,"1996-07-24 00:00:00",1996,3,7,24,1,"1900-01-01 00:00:00","2199-12-31 23:59:59"
26,"1996-07-25 00:00:00",1996,3,7,25,1,"1900-01-01 00:00:00","2199-12-31 23:59:59"
27,"1996-07-26 00:00:00",1996,3,7,26,1,"1900-01-01 00:00:00","2199-12-31 23:59:59"
28,"1996-07-27 00:00:00",1996,3,7,27,1,"1900-01-01 00:00:00","2199-12-31 23:59:59"
29,"1996-07-28 00:00:00",1996,3,7,28,1,"1900-01-01 00:00:00","2199-12-31 23:59:59"
30,"1996-07-29 00:00:00",1996,3,7,29,1,"1900-01-01 00:00:00","2199-12-31 23:59:59"
31,"1996-07-30 00:00:00",1996,3,7,30,1,"1900-01-01 00:00:00","2199-12-31 23:59:59"
32,"1996-07-31 00:00:00",1996,3,7,31,1,"1900-01-01 00:00:00","2199-12-31 23:59:59"
33,"1996-08-01 00:00:00",1996,3,8,1,1,"1900-01-01 00:00:00","2199-12-31 23:59:59"
34,"1996-08-02 00:00:00",1996,3,8,2,1,"1900-01-01 00:00:00","2199-12-31 23:59:59"
35,"1996-08-03 00:00:00",1996,3,8,3,1,"1900-01-01 00:00:00","2199-12-31 23:59:59"
36,"1996-08-04 00:00:00",1996,3,8,4,1,"1900-01-01 00:00:00","2199-12-31 23:59:59"
37,"1996-08-05 00:00:00",1996,3,8,5,1,"1900-01-01 00:00:00","2199-12-31 23:59:59"
38,"1996-08-06 00:00:00",1996,3,8,6,1,"1900-01-01 00:00:00","2199-12-31 23:59:59"
39,"1996-08-07 00:00:00",1996,3,8,7,1,"1900-01-01 00:00:00","2199-12-31 23:59:59"
40,"1996-08-08 00:00:00",1996,3,8,8,1,"1900-01-01 00:00:00","2199-12-31 23:59:59"
41,"1996-08-09 00:00:00",1996,3,8,9,1,"1900-01-01 00:00:00","2199-12-31 23:59:59"
42,"1996-08-10 00:00:00",1996,3,8,10,1,"1900-01-01 00:00:00","2199-12-31 23:59:59"
43,"1996-08-11 00:00:00",1996,3,8,11,1,"1900-01-01 00:00:00","2199-12-31 23:59:59"
44,"1996-08-12 00:00:00",1996,3,8,12,1,"1900-01-01 00:00:00","2199-12-31 23:59:59"
45,"1996-08-13 00:00:00",1996,3,8,13,1,"1900-01-01 00:00:00","2199-12-31 23:59:59"
46,"1996-08-14 00:00:00",1996,3,8,14,1,"1900-01-01 00:00:00","2199-12-31 23:59:59"
47,"1996-08-15 00:00:00",1996,3,8,15,1,"1900-01-01 00:00:00","2199-12-31 23:59:59"
48,"1996-08-16 00:00:00",1996,3,8,16,1,"1900-01-01 00:00:00","2199-12-31 23:59:59"
49,"1996-08-17 00:00:00",1996,3,8,17,1,"1900-01-01 00:00:00","2199-12-31 23:59:59"
50,"1996-08-18 00:00:00",1996,3,8,18,1,"1900-01-01 00:00:00","2199-12-31 23:59:59"
51,"1996-08-19 00:00:00",1996,3,8,19,1,"1900-01-01 00:00:00","2199-12-31 23:59:59"
52,"1996-08-20 00:00:00",1996,3,8,20,1,"1900-01-01 00:00:00","2199-12-31 23:59:59"
53,"1996-08-21 00:00:00",1996,3,8,21,1,"1900-01-01 00:00:00","2199-12-31 23:59:59"
54,"1996-08-22 00:00:00",1996,3,8,22,1,"1900-01-01 00:00:00","2199-12-31 23:59:59"
55,"1996-08-23 00:00:00",1996,3,8,23,1,"1900-01-01 00:00:00","2199-12-31 23:59:59"
56,"1996-08-24 00:00:00",1996,3,8,24,1,"1900-01-01 00:00:00","2199-12-31 23:59:59"
57,"1996-08-25 00:00:00",1996,3,8,25,1,"1900-01-01 00:00:00","2199-12-31 23:59:59"
58,"1996-08-26 00:00:00",1996,3,8,26,1,"1900-01-01 00:00:00","2199-12-31 23:59:59"
59,"1996-08-27 00:00:00",1996,3,8,27,1,"1900-01-01 00:00:00","2199-12-31 23:59:59"
60,"1996-08-28 00:00:00",1996,3,8,28,1,"1900-01-01 00:00:00","2199-12-31 23:59:59"
61,"1996-08-29 00:00:00",1996,3,8,29,1,"1900-01-01 00:00:00","2199-12-31 23:59:59"
62,"1996-08-30 00:00:00",1996,3,8,30,1,"1900-01-01 00:00:00","2199-12-31 23:59:59"
63,"1996-08-31 00:00:00",1996,3,8,31,1,"1900-01-01 00:00:00","2199-12-31 23:59:59"
64,"1996-09-01 00:00:00",1996,3,9,1,1,"1900-01-01 00:00:00","2199-12-31 23:59:59"
65,"1996-09-02 00:00:00",1996,3,9,2,1,"1900-01-01 00:00:00","2199-12-31 23:59:59"
66,"1996-09-03 00:00:00",1996,3,9,3,1,"1900-01-01 00:00:00","2199-12-31 23:59:59"
67,"1996-09-04 00:00:00",1996,3,9,4,1,"1900-01-01 00:00:00","2199-12-31 23:59:59"
68,"1996-09-05 00:00:00",1996,3,9,5,1,"1900-01-01 00:00:00","2199-12-31 23:59:59"
69,"1996-09-06 00:00:00",1996,3,9,6,1,"1900-01-01 00:00:00","2199-12-31 23:59:59"
70,"1996-09-07 00:00:00",1996,3,9,7,1,"1900-01-01 00:00:00","2199-12-31 23:59:59"
71,"1996-09-08 00:00:00",1996,3,9,8,1,"1900-01-01 00:00:00","2199-12-31 23:59:59"
72,"1996-09-09 00:00:00",1996,3,9,9,1,"1900-01-01 00:00:00","2199-12-31 23:59:59"
73,"1996-09-10 00:00:00",1996,3,9,10,1,"1900-01-01 00:00:00","2199-12-31 23:59:59"
74,"1996-09-11 00:00:00",1996,3,9,11,1,"1900-01-01 00:00:00","2199-12-31 23:59:59"
75,"1996-09-12 00:00:00",1996,3,9,12,1,"1900-01-01 00:00:00","2199-12-31 23:59:59"
76,"1996-09-13 00:00:00",1996,3,9,13,1,"1900-01-01 00:00:00","2199-12-31 23:59:59"
77,"1996-09-14 00:00:00",1996,3,9,14,1,"1900-01-01 00:00:00","2199-12-31 23:59:59"
78,"1996-09-15 00:00:00",1996,3,9,15,1,"1900-01-01 00:00:00","2199-12-31 23:59:59"
79,"1996-09-16 00:00:00",1996,3,9,16,1,"1900-01-01 00:00:00","2199-12-31 23:59:59"
80,"1996-09-17 00:00:00",1996,3,9,17,1,"1900-01-01 00:00:00","2199-12-31 23:59:59"
81,"1996-09-18 00:00:00",1996,3,9,18,1,"1900-01-01 00:00:00","2199-12-31 23:59:59"
82,"1996-09-19 00:00:00",1996,3,9,19,1,"1900-01-01 00:00:00","2199-12-31 23:59:59"
83,"1996-09-20 00:00:00",1996,3,9,20,1,"1900-01-01 00:00:00","2199-12-31 23:59:59"
84,"1996-09-21 00:00:00",1996,3,9,21,1,"1900-01-01 00:00:00","2199-12-31 23:59:59"
85,"1996-09-22 00:00:00",1996,3,9,22,1,"1900-01-01 00:00:00","2199-12-31 23:59:59"
86,"1996-09-23 00:00:00",1996,3,9,23,1,"1900-01-01 00:00:00","2199-12-31 23:59:59"
87,"1996-09-24 00:00:00",1996,3,9,24,1,"1900-01-01 00:00:00","2199-12-31 23:59:59"
88,"1996-09-25 00:00:00",1996,3,9,25,1,"1900-01-01 00:00:00","2199-12-31 23:59:59"
89,"1996-09-26 00:00:00",1996,3,9,26,1,"1900-01-01 00:00:00","2199-12-31 23:59:59"
90,"1996-09-27 00:00:00",1996,3,9,27,1,"1900-01-01 00:00:00","2199-12-31 23:59:59"
91,"1996-09-28 00:00:00",1996,3,9,28,1,"1900-01-01 00:00:00","2199-12-31 23:59:59"
92,"1996-09-29 00:00:00",1996,3,9,29,1,"1900-01-01 00:00:00","2199-12-31 23:59:59"
93,"1996-09-30 00:00:00",1996,3,9,30,1,"1900-01-01 00:00:00","2199-12-31 23:59:59"
94,"1996-10-01 00:00:00",1996,4,10,1,1,"1900-01-01 00:00:00","2199-12-31 23:59:59"
95,"1996-10-02 00:00:00",1996,4,10,2,1,"1900-01-01 00:00:00","2199-12-31 23:59:59"
96,"1996-10-03 00:00:00",1996,4,10,3,1,"1900-01-01 00:00:00","2199-12-31 23:59:59"
97,"1996-10-04 00:00:00",1996,4,10,4,1,"1900-01-01 00:00:00","2199-12-31 23:59:59"
98,"1996-10-05 00:00:00",1996,4,10,5,1,"1900-01-01 00:00:00","2199-12-31 23:59:59"
99,"1996-10-06 00:00:00",1996,4,10,6,1,"1900-01-01 00:00:00","2199-12-31 23:59:59"
100,"1996-10-07 00:00:00",1996,4,10,7,1,"1900-01-01 00:00:00","2199-12-31 23:59:59"
101,"1996-10-08 00:00:00",1996,4,10,8,1,"1900-01-01 00:00:00","2199-12-31 23:59:59"
102,"1996-10-09 00:00:00",1996,4,10,9,1,"1900-01-01 00:00:00","2199-12-31 23:59:59"
103,"1996-10-10 00:00:00",1996,4,10,10,1,"1900-01-01 00:00:00","2199-12-31 23:59:59"
104,"1996-10-11 00:00:00",1996,4,10,11,1,"1900-01-01 00:00:00","2199-12-31 23:59:59"
105,"1996-10-12 00:00:00",1996,4,10,12,1,"1900-01-01 00:00:00","2199-12-31 23:59:59"
106,"1996-10-13 00:00:00",1996,4,10,13,1,"1900-01-01 00:00:00","2199-12-31 23:59:59"
107,"1996-10-14 00:00:00",1996,4,10,14,1,"1900-01-01 00:00:00","2199-12-31 23:59:59"
108,"1996-10-15 00:00:00",1996,4,10,15,1,"1900-01-01 00:00:00","2199-12-31 23:59:59"
109,"1996-10-16 00:00:00",1996,4,10,16,1,"1900-01-01 00:00:00","2199-12-31 23:59:59"
110,"1996-10-17 00:00:00",1996,4,10,17,1,"1900-01-01 00:00:00","2199-12-31 23:59:59"
111,"1996-10-18 00:00:00",1996,4,10,18,1,"1900-01-01 00:00:00","2199-12-31 23:59:59"
112,"1996-10-19 00:00:00",1996,4,10,19,1,"1900-01-01 00:00:00","2199-12-31 23:59:59"
113,"1996-10-20 00:00:00",1996,4,10,20,1,"1900-01-01 00:00:00","2199-12-31 23:59:59"
114,"1996-10-21 00:00:00",1996,4,10,21,1,"1900-01-01 00:00:00","2199-12-31 23:59:59"
115,"1996-10-22 00:00:00",1996,4,10,22,1,"1900-01-01 00:00:00","2199-12-31 23:59:59"
116,"1996-10-23 00:00:00",1996,4,10,23,1,"1900-01-01 00:00:00","2199-12-31 23:59:59"
117,"1996-10-24 00:00:00",1996,4,10,24,1,"1900-01-01 00:00:00","2199-12-31 23:59:59"
118,"1996-10-25 00:00:00",1996,4,10,25,1,"1900-01-01 00:00:00","2199-12-31 23:59:59"
119,"1996-10-26 00:00:00",1996,4,10,26,1,"1900-01-01 00:00:00","2199-12-31 23:59:59"
120,"1996-10-27 00:00:00",1996,4,10,27,1,"1900-01-01 00:00:00","2199-12-31 23:59:59"
121,"1996-10-28 00:00:00",1996,4,10,28,1,"1900-01-01 00:00:00","2199-12-31 23:59:59"
122,"1996-10-29 00:00:00",1996,4,10,29,1,"1900-01-01 00:00:00","2199-12-31 23:59:59"
123,"1996-10-30 00:00:00",1996,4,10,30,1,"1900-01-01 00:00:00","2199-12-31 23:59:59"
124,"1996-10-31 00:00:00",1996,4,10,31,1,"1900-01-01 00:00:00","2199-12-31 23:59:59"
125,"1996-11-01 00:00:00",1996,4,11,1,1,"1900-01-01 00:00:00","2199-12-31 23:59:59"
126,"1996-11-02 00:00:00",1996,4,11,2,1,"1900-01-01 00:00:00","2199-12-31 23:59:59"
127,"1996-11-03 00:00:00",1996,4,11,3,1,"1900-01-01 00:00:00","2199-12-31 23:59:59"
128,"1996-11-04 00:00:00",1996,4,11,4,1,"1900-01-01 00:00:00","2199-12-31 23:59:59"
129,"1996-11-05 00:00:00",1996,4,11,5,1,"1900-01-01 00:00:00","2199-12-31 23:59:59"
130,"1996-11-06 00:00:00",1996,4,11,6,1,"1900-01-01 00:00:00","2199-12-31 23:59:59"
131,"1996-11-07 00:00:00",1996,4,11,7,1,"1900-01-01 00:00:00","2199-12-31 23:59:59"
132,"1996-11-08 00:00:00",1996,4,11,8,1,"1900-01-01 00:00:00","2199-12-31 23:59:59"
133,"1996-11-09 00:00:00",1996,4,11,9,1,"1900-01-01 00:00:00","2199-12-31 23:59:59"
134,"1996-11-10 00:00:00",1996,4,11,10,1,"1900-01-01 00:00:00","2199-12-31 23:59:59"
135,"1996-11-11 00:00:00",1996,4,11,11,1,"1900-01-01 00:00:00","2199-12-31 23:59:59"
136,"1996-11-12 00:00:00",1996,4,11,12,1,"1900-01-01 00:00:00","2199-12-31 23:59:59"
137,"1996-11-13 00:00:00",1996,4,11,13,1,"1900-01-01 00:00:00","2199-12-31 23:59:59"
138,"1996-11-14 00:00:00",1996,4,11,14,1,"1900-01-01 00:00:00","2199-12-31 23:59:59"
139,"1996-11-15 00:00:00",1996,4,11,15,1,"1900-01-01 00:00:00","2199-12-31 23:59:59"
140,"1996-11-16 00:00:00",1996,4,11,16,1,"1900-01-01 00:00:00","2199-12-31 23:59:59"
141,"1996-11-17 00:00:00",1996,4,11,17,1,"1900-01-01 00:00:00","2199-12-31 23:59:59"
142,"1996-11-18 00:00:00",1996,4,11,18,1,"1900-01-01 00:00:00","2199-12-31 23:59:59"
143,"1996-11-19 00:00:00",1996,4,11,19,1,"1900-01-01 00:00:00","2199-12-31 23:59:59"
144,"1996-11-20 00:00:00",1996,4,11,20,1,"1900-01-01 00:00:00","2199-12-31 23:59:59"
145,"1996-11-21 00:00:00",1996,4,11,21,1,"1900-01-01 00:00:00","2199-12-31 23:59:59"
146,"1996-11-22 00:00:00",1996,4,11,22,1,"1900-01-01 00:00:00","2199-12-31 23:59:59"
147,"1996-11-23 00:00:00",1996,4,11,23,1,"1900-01-01 00:00:00","2199-12-31 23:59:59"
148,"1996-11-24 00:00:00",1996,4,11,24,1,"1900-01-01 00:00:00","2199-12-31 23:59:59"
149,"1996-11-25 00:00:00",1996,4,11,25,1,"1900-01-01 00:00:00","2199-12-31 23:59:59"
150,"1996-11-26 00:00:00",1996,4,11,26,1,"1900-01-01 00:00:00","2199-12-31 23:59:59"
151,"1996-11-27 00:00:00",1996,4,11,27,1,"1900-01-01 00:00:00","2199-12-31 23:59:59"
152,"1996-11-28 00:00:00",1996,4,11,28,1,"1900-01-01 00:00:00","2199-12-31 23:59:59"
153,"1996-11-29 00:00:00",1996,4,11,29,1,"1900-01-01 00:00:00","2199-12-31 23:59:59"
154,"1996-11-30 00:00:00",1996,4,11,30,1,"1900-01-01 00:00:00","2199-12-31 23:59:59"
155,"1996-12-01 00:00:00",1996,4,12,1,1,"1900-01-01 00:00:00","2199-12-31 23:59:59"
156,"1996-12-02 00:00:00",1996,4,12,2,1,"1900-01-01 00:00:00","2199-12-31 23:59:59"
157,"1996-12-03 00:00:00",1996,4,12,3,1,"1900-01-01 00:00:00","2199-12-31 23:59:59"
158,"1996-12-04 00:00:00",1996,4,12,4,1,"1900-01-01 00:00:00","2199-12-31 23:59:59"
159,"1996-12-05 00:00:00",1996,4,12,5,1,"1900-01-01 00:00:00","2199-12-31 23:59:59"
160,"1996-12-06 00:00:00",1996,4,12,6,1,"1900-01-01 00:00:00","2199-12-31 23:59:59"
161,"1996-12-07 00:00:00",1996,4,12,7,1,"1900-01-01 00:00:00","2199-12-31 23:59:59"
162,"1996-12-08 00:00:00",1996,4,12,8,1,"1900-01-01 00:00:00","2199-12-31 23:59:59"
163,"1996-12-09 00:00:00",1996,4,12,9,1,"1900-01-01 00:00:00","2199-12-31 23:59:59"
164,"1996-12-10 00:00:00",1996,4,12,10,1,"1900-01-01 00:00:00","2199-12-31 23:59:59"
165,"1996-12-11 00:00:00",1996,4,12,11,1,"1900-01-01 00:00:00","2199-12-31 23:59:59"
166,"1996-12-12 00:00:00",1996,4,12,12,1,"1900-01-01 00:00:00","2199-12-31 23:59:59"
167,"1996-12-13 00:00:00",1996,4,12,13,1,"1900-01-01 00:00:00","2199-12-31 23:59:59"
168,"1996-12-14 00:00:00",1996,4,12,14,1,"1900-01-01 00:00:00","2199-12-31 23:59:59"
169,"1996-12-15 00:00:00",1996,4,12,15,1,"1900-01-01 00:00:00","2199-12-31 23:59:59"
170,"1996-12-16 00:00:00",1996,4,12,16,1,"1900-01-01 00:00:00","2199-12-31 23:59:59"
171,"1996-12-17 00:00:00",1996,4,12,17,1,"1900-01-01 00:00:00","2199-12-31 23:59:59"
172,"1996-12-18 00:00:00",1996,4,12,18,1,"1900-01-01 00:00:00","2199-12-31 23:59:59"
173,"1996-12-19 00:00:00",1996,4,12,19,1,"1900-01-01 00:00:00","2199-12-31 23:59:59"
174,"1996-12-20 00:00:00",1996,4,12,20,1,"1900-01-01 00:00:00","2199-12-31 23:59:59"
175,"1996-12-21 00:00:00",1996,4,12,21,1,"1900-01-01 00:00:00","2199-12-31 23:59:59"
176,"1996-12-22 00:00:00",1996,4,12,22,1,"1900-01-01 00:00:00","2199-12-31 23:59:59"
177,"1996-12-23 00:00:00",1996,4,12,23,1,"1900-01-01 00:00:00","2199-12-31 23:59:59"
178,"1996-12-24 00:00:00",1996,4,12,24,1,"1900-01-01 00:00:00","2199-12-31 23:59:59"
179,"1996-12-25 00:00:00",1996,4,12,25,1,"1900-01-01 00:00:00","2199-12-31 23:59:59"
180,"1996-12-26 00:00:00",1996,4,12,26,1,"1900-01-01 00:00:00","2199-12-31 23:59:59"
181,"1996-12-27 00:00:00",1996,4,12,27,1,"1900-01-01 00:00:00","2199-12-31 23:59:59"
182,"1996-12-28 00:00:00",1996,4,12,28,1,"1900-01-01 00:00:00","2199-12-31 23:59:59"
183,"1996-12-29 00:00:00",1996,4,12,29,1,"1900-01-01 00:00:00","2199-12-31 23:59:59"
184,"1996-12-30 00:00:00",1996,4,12,30,1,"1900-01-01 00:00:00","2199-12-31 23:59:59"
185,"1996-12-31 00:00:00",1996,4,12,31,1,"1900-01-01 00:00:00","2199-12-31 23:59:59"
186,"1997-01-01 00:00:00",1997,1,1,1,1,"1900-01-01 00:00:00","2199-12-31 23:59:59"
187,"1997-01-02 00:00:00",1997,1,1,2,1,"1900-01-01 00:00:00","2199-12-31 23:59:59"
188,"1997-01-03 00:00:00",1997,1,1,3,1,"1900-01-01 00:00:00","2199-12-31 23:59:59"
189,"1997-01-04 00:00:00",1997,1,1,4,1,"1900-01-01 00:00:00","2199-12-31 23:59:59"
190,"1997-01-05 00:00:00",1997,1,1,5,1,"1900-01-01 00:00:00","2199-12-31 23:59:59"
191,"1997-01-06 00:00:00",1997,1,1,6,1,"1900-01-01 00:00:00","2199-12-31 23:59:59"
192,"1997-01-07 00:00:00",1997,1,1,7,1,"1900-01-01 00:00:00","2199-12-31 23:59:59"
193,"1997-01-08 00:00:00",1997,1,1,8,1,"1900-01-01 00:00:00","2199-12-31 23:59:59"
194,"1997-01-09 00:00:00",1997,1,1,9,1,"1900-01-01 00:00:00","2199-12-31 23:59:59"
195,"1997-01-10 00:00:00",1997,1,1,10,1,"1900-01-01 00:00:00","2199-12-31 23:59:59"
196,"1997-01-11 00:00:00",1997,1,1,11,1,"1900-01-01 00:00:00","2199-12-31 23:59:59"
197,"1997-01-12 00:00:00",1997,1,1,12,1,"1900-01-01 00:00:00","2199-12-31 23:59:59"
198,"1997-01-13 00:00:00",1997,1,1,13,1,"1900-01-01 00:00:00","2199-12-31 23:59:59"
199,"1997-01-14 00:00:00",1997,1,1,14,1,"1900-01-01 00:00:00","2199-12-31 23:59:59"
200,"1997-01-15 00:00:00",1997,1,1,15,1,"1900-01-01 00:00:00","2199-12-31 23:59:59"
201,"1997-01-16 00:00:00",1997,1,1,16,1,"1900-01-01 00:00:00","2199-12-31 23:59:59"
202,"1997-01-17 00:00:00",1997,1,1,17,1,"1900-01-01 00:00:00","2199-12-31 23:59:59"
203,"1997-01-18 00:00:00",1997,1,1,18,1,"1900-01-01 00:00:00","2199-12-31 23:59:59"
204,"1997-01-19 00:00:00",1997,1,1,19,1,"1900-01-01 00:00:00","2199-12-31 23:59:59"
205,"1997-01-20 00:00:00",1997,1,1,20,1,"1900-01-01 00:00:00","2199-12-31 23:59:59"
206,"1997-01-21 00:00:00",1997,1,1,21,1,"1900-01-01 00:00:00","2199-12-31 23:59:59"
207,"1997-01-22 00:00:00",1997,1,1,22,1,"1900-01-01 00:00:00","2199-12-31 23:59:59"
208,"1997-01-23 00:00:00",1997,1,1,23,1,"1900-01-01 00:00:00","2199-12-31 23:59:59"
209,"1997-01-24 00:00:00",1997,1,1,24,1,"1900-01-01 00:00:00","2199-12-31 23:59:59"
210,"1997-01-25 00:00:00",1997,1,1,25,1,"1900-01-01 00:00:00","2199-12-31 23:59:59"
211,"1997-01-26 00:00:00",1997,1,1,26,1,"1900-01-01 00:00:00","2199-12-31 23:59:59"
212,"1997-01-27 00:00:00",1997,1,1,27,1,"1900-01-01 00:00:00","2199-12-31 23:59:59"
213,"1997-01-28 00:00:00",1997,1,1,28,1,"1900-01-01 00:00:00","2199-12-31 23:59:59"
214,"1997-01-29 00:00:00",1997,1,1,29,1,"1900-01-01 00:00:00","2199-12-31 23:59:59"
215,"1997-01-30 00:00:00",1997,1,1,30,1,"1900-01-01 00:00:00","2199-12-31 23:59:59"
216,"1997-01-31 00:00:00",1997,1,1,31,1,"1900-01-01 00:00:00","2199-12-31 23:59:59"
217,"1997-02-01 00:00:00",1997,1,2,1,1,"1900-01-01 00:00:00","2199-12-31 23:59:59"
218,"1997-02-02 00:00:00",1997,1,2,2,1,"1900-01-01 00:00:00","2199-12-31 23:59:59"
219,"1997-02-03 00:00:00",1997,1,2,3,1,"1900-01-01 00:00:00","2199-12-31 23:59:59"
220,"1997-02-04 00:00:00",1997,1,2,4,1,"1900-01-01 00:00:00","2199-12-31 23:59:59"
221,"1997-02-05 00:00:00",1997,1,2,5,1,"1900-01-01 00:00:00","2199-12-31 23:59:59"
222,"1997-02-06 00:00:00",1997,1,2,6,1,"1900-01-01 00:00:00","2199-12-31 23:59:59"
223,"1997-02-07 00:00:00",1997,1,2,7,1,"1900-01-01 00:00:00","2199-12-31 23:59:59"
224,"1997-02-08 00:00:00",1997,1,2,8,1,"1900-01-01 00:00:00","2199-12-31 23:59:59"
225,"1997-02-09 00:00:00",1997,1,2,9,1,"1900-01-01 00:00:00","2199-12-31 23:59:59"
226,"1997-02-10 00:00:00",1997,1,2,10,1,"1900-01-01 00:00:00","2199-12-31 23:59:59"
227,"1997-02-11 00:00:00",1997,1,2,11,1,"1900-01-01 00:00:00","2199-12-31 23:59:59"
228,"1997-02-12 00:00:00",1997,1,2,12,1,"1900-01-01 00:00:00","2199-12-31 23:59:59"
229,"1997-02-13 00:00:00",1997,1,2,13,1,"1900-01-01 00:00:00","2199-12-31 23:59:59"
230,"1997-02-14 00:00:00",1997,1,2,14,1,"1900-01-01 00:00:00","2199-12-31 23:59:59"
231,"1997-02-15 00:00:00",1997,1,2,15,1,"1900-01-01 00:00:00","2199-12-31 23:59:59"
232,"1997-02-16 00:00:00",1997,1,2,16,1,"1900-01-01 00:00:00","2199-12-31 23:59:59"
233,"1997-02-17 00:00:00",1997,1,2,17,1,"1900-01-01 00:00:00","2199-12-31 23:59:59"
234,"1997-02-18 00:00:00",1997,1,2,18,1,"1900-01-01 00:00:00","2199-12-31 23:59:59"
235,"1997-02-19 00:00:00",1997,1,2,19,1,"1900-01-01 00:00:00","2199-12-31 23:59:59"
236,"1997-02-20 00:00:00",1997,1,2,20,1,"1900-01-01 00:00:00","2199-12-31 23:59:59"
237,"1997-02-21 00:00:00",1997,1,2,21,1,"1900-01-01 00:00:00","2199-12-31 23:59:59"
238,"1997-02-22 00:00:00",1997,1,2,22,1,"1900-01-01 00:00:00","2199-12-31 23:59:59"
239,"1997-02-23 00:00:00",1997,1,2,23,1,"1900-01-01 00:00:00","2199-12-31 23:59:59"
240,"1997-02-24 00:00:00",1997,1,2,24,1,"1900-01-01 00:00:00","2199-12-31 23:59:59"
241,"1997-02-25 00:00:00",1997,1,2,25,1,"1900-01-01 00:00:00","2199-12-31 23:59:59"
242,"1997-02-26 00:00:00",1997,1,2,26,1,"1900-01-01 00:00:00","2199-12-31 23:59:59"
243,"1997-02-27 00:00:00",1997,1,2,27,1,"1900-01-01 00:00:00","2199-12-31 23:59:59"
244,"1997-02-28 00:00:00",1997,1,2,28,1,"1900-01-01 00:00:00","2199-12-31 23:59:59"
245,"1997-03-01 00:00:00",1997,1,3,1,1,"1900-01-01 00:00:00","2199-12-31 23:59:59"
246,"1997-03-02 00:00:00",1997,1,3,2,1,"1900-01-01 00:00:00","2199-12-31 23:59:59"
247,"1997-03-03 00:00:00",1997,1,3,3,1,"1900-01-01 00:00:00","2199-12-31 23:59:59"
248,"1997-03-04 00:00:00",1997,1,3,4,1,"1900-01-01 00:00:00","2199-12-31 23:59:59"
249,"1997-03-05 00:00:00",1997,1,3,5,1,"1900-01-01 00:00:00","2199-12-31 23:59:59"
250,"1997-03-06 00:00:00",1997,1,3,6,1,"1900-01-01 00:00:00","2199-12-31 23:59:59"
251,"1997-03-07 00:00:00",1997,1,3,7,1,"1900-01-01 00:00:00","2199-12-31 23:59:59"
252,"1997-03-08 00:00:00",1997,1,3,8,1,"1900-01-01 00:00:00","2199-12-31 23:59:59"
253,"1997-03-09 00:00:00",1997,1,3,9,1,"1900-01-01 00:00:00","2199-12-31 23:59:59"
254,"1997-03-10 00:00:00",1997,1,3,10,1,"1900-01-01 00:00:00","2199-12-31 23:59:59"
255,"1997-03-11 00:00:00",1997,1,3,11,1,"1900-01-01 00:00:00","2199-12-31 23:59:59"
256,"1997-03-12 00:00:00",1997,1,3,12,1,"1900-01-01 00:00:00","2199-12-31 23:59:59"
257,"1997-03-13 00:00:00",1997,1,3,13,1,"1900-01-01 00:00:00","2199-12-31 23:59:59"
258,"1997-03-14 00:00:00",1997,1,3,14,1,"1900-01-01 00:00:00","2199-12-31 23:59:59"
259,"1997-03-15 00:00:00",1997,1,3,15,1,"1900-01-01 00:00:00","2199-12-31 23:59:59"
260,"1997-03-16 00:00:00",1997,1,3,16,1,"1900-01-01 00:00:00","2199-12-31 23:59:59"
261,"1997-03-17 00:00:00",1997,1,3,17,1,"1900-01-01 00:00:00","2199-12-31 23:59:59"
262,"1997-03-18 00:00:00",1997,1,3,18,1,"1900-01-01 00:00:00","2199-12-31 23:59:59"
263,"1997-03-19 00:00:00",1997,1,3,19,1,"1900-01-01 00:00:00","2199-12-31 23:59:59"
264,"1997-03-20 00:00:00",1997,1,3,20,1,"1900-01-01 00:00:00","2199-12-31 23:59:59"
265,"1997-03-21 00:00:00",1997,1,3,21,1,"1900-01-01 00:00:00","2199-12-31 23:59:59"
266,"1997-03-22 00:00:00",1997,1,3,22,1,"1900-01-01 00:00:00","2199-12-31 23:59:59"
267,"1997-03-23 00:00:00",1997,1,3,23,1,"1900-01-01 00:00:00","2199-12-31 23:59:59"
268,"1997-03-24 00:00:00",1997,1,3,24,1,"1900-01-01 00:00:00","2199-12-31 23:59:59"
269,"1997-03-25 00:00:00",1997,1,3,25,1,"1900-01-01 00:00:00","2199-12-31 23:59:59"
270,"1997-03-26 00:00:00",1997,1,3,26,1,"1900-01-01 00:00:00","2199-12-31 23:59:59"
271,"1997-03-27 00:00:00",1997,1,3,27,1,"1900-01-01 00:00:00","2199-12-31 23:59:59"
272,"1997-03-28 00:00:00",1997,1,3,28,1,"1900-01-01 00:00:00","2199-12-31 23:59:59"
273,"1997-03-29 00:00:00",1997,1,3,29,1,"1900-01-01 00:00:00","2199-12-31 23:59:59"
274,"1997-03-30 00:00:00",1997,1,3,30,1,"1900-01-01 00:00:00","2199-12-31 23:59:59"
275,"1997-03-31 00:00:00",1997,1,3,31,1,"1900-01-01 00:00:00","2199-12-31 23:59:59"
276,"1997-04-01 00:00:00",1997,2,4,1,1,"1900-01-01 00:00:00","2199-12-31 23:59:59"
277,"1997-04-02 00:00:00",1997,2,4,2,1,"1900-01-01 00:00:00","2199-12-31 23:59:59"
278,"1997-04-03 00:00:00",1997,2,4,3,1,"1900-01-01 00:00:00","2199-12-31 23:59:59"
279,"1997-04-04 00:00:00",1997,2,4,4,1,"1900-01-01 00:00:00","2199-12-31 23:59:59"
280,"1997-04-05 00:00:00",1997,2,4,5,1,"1900-01-01 00:00:00","2199-12-31 23:59:59"
281,"1997-04-06 00:00:00",1997,2,4,6,1,"1900-01-01 00:00:00","2199-12-31 23:59:59"
282,"1997-04-07 00:00:00",1997,2,4,7,1,"1900-01-01 00:00:00","2199-12-31 23:59:59"
283,"1997-04-08 00:00:00",1997,2,4,8,1,"1900-01-01 00:00:00","2199-12-31 23:59:59"
284,"1997-04-09 00:00:00",1997,2,4,9,1,"1900-01-01 00:00:00","2199-12-31 23:59:59"
285,"1997-04-10 00:00:00",1997,2,4,10,1,"1900-01-01 00:00:00","2199-12-31 23:59:59"
286,"1997-04-11 00:00:00",1997,2,4,11,1,"1900-01-01 00:00:00","2199-12-31 23:59:59"
287,"1997-04-12 00:00:00",1997,2,4,12,1,"1900-01-01 00:00:00","2199-12-31 23:59:59"
288,"1997-04-13 00:00:00",1997,2,4,13,1,"1900-01-01 00:00:00","2199-12-31 23:59:59"
289,"1997-04-14 00:00:00",1997,2,4,14,1,"1900-01-01 00:00:00","2199-12-31 23:59:59"
290,"1997-04-15 00:00:00",1997,2,4,15,1,"1900-01-01 00:00:00","2199-12-31 23:59:59"
291,"1997-04-16 00:00:00",1997,2,4,16,1,"1900-01-01 00:00:00","2199-12-31 23:59:59"
292,"1997-04-17 00:00:00",1997,2,4,17,1,"1900-01-01 00:00:00","2199-12-31 23:59:59"
293,"1997-04-18 00:00:00",1997,2,4,18,1,"1900-01-01 00:00:00","2199-12-31 23:59:59"
294,"1997-04-19 00:00:00",1997,2,4,19,1,"1900-01-01 00:00:00","2199-12-31 23:59:59"
295,"1997-04-20 00:00:00",1997,2,4,20,1,"1900-01-01 00:00:00","2199-12-31 23:59:59"
296,"1997-04-21 00:00:00",1997,2,4,21,1,"1900-01-01 00:00:00","2199-12-31 23:59:59"
297,"1997-04-22 00:00:00",1997,2,4,22,1,"1900-01-01 00:00:00","2199-12-31 23:59:59"
298,"1997-04-23 00:00:00",1997,2,4,23,1,"1900-01-01 00:00:00","2199-12-31 23:59:59"
299,"1997-04-24 00:00:00",1997,2,4,24,1,"1900-01-01 00:00:00","2199-12-31 23:59:59"
300,"1997-04-25 00:00:00",1997,2,4,25,1,"1900-01-01 00:00:00","2199-12-31 23:59:59"
301,"1997-04-26 00:00:00",1997,2,4,26,1,"1900-01-01 00:00:00","2199-12-31 23:59:59"
302,"1997-04-27 00:00:00",1997,2,4,27,1,"1900-01-01 00:00:00","2199-12-31 23:59:59"
303,"1997-04-28 00:00:00",1997,2,4,28,1,"1900-01-01 00:00:00","2199-12-31 23:59:59"
304,"1997-04-29 00:00:00",1997,2,4,29,1,"1900-01-01 00:00:00","2199-12-31 23:59:59"
305,"1997-04-30 00:00:00",1997,2,4,30,1,"1900-01-01 00:00:00","2199-12-31 23:59:59"
306,"1997-05-01 00:00:00",1997,2,5,1,1,"1900-01-01 00:00:00","2199-12-31 23:59:59"
307,"1997-05-02 00:00:00",1997,2,5,2,1,"1900-01-01 00:00:00","2199-12-31 23:59:59"
308,"1997-05-03 00:00:00",1997,2,5,3,1,"1900-01-01 00:00:00","2199-12-31 23:59:59"
309,"1997-05-04 00:00:00",1997,2,5,4,1,"1900-01-01 00:00:00","2199-12-31 23:59:59"
310,"1997-05-05 00:00:00",1997,2,5,5,1,"1900-01-01 00:00:00","2199-12-31 23:59:59"
311,"1997-05-06 00:00:00",1997,2,5,6,1,"1900-01-01 00:00:00","2199-12-31 23:59:59"
312,"1997-05-07 00:00:00",1997,2,5,7,1,"1900-01-01 00:00:00","2199-12-31 23:59:59"
313,"1997-05-08 00:00:00",1997,2,5,8,1,"1900-01-01 00:00:00","2199-12-31 23:59:59"
314,"1997-05-09 00:00:00",1997,2,5,9,1,"1900-01-01 00:00:00","2199-12-31 23:59:59"
315,"1997-05-10 00:00:00",1997,2,5,10,1,"1900-01-01 00:00:00","2199-12-31 23:59:59"
316,"1997-05-11 00:00:00",1997,2,5,11,1,"1900-01-01 00:00:00","2199-12-31 23:59:59"
317,"1997-05-12 00:00:00",1997,2,5,12,1,"1900-01-01 00:00:00","2199-12-31 23:59:59"
318,"1997-05-13 00:00:00",1997,2,5,13,1,"1900-01-01 00:00:00","2199-12-31 23:59:59"
319,"1997-05-14 00:00:00",1997,2,5,14,1,"1900-01-01 00:00:00","2199-12-31 23:59:59"
320,"1997-05-15 00:00:00",1997,2,5,15,1,"1900-01-01 00:00:00","2199-12-31 23:59:59"
321,"1997-05-16 00:00:00",1997,2,5,16,1,"1900-01-01 00:00:00","2199-12-31 23:59:59"
322,"1997-05-17 00:00:00",1997,2,5,17,1,"1900-01-01 00:00:00","2199-12-31 23:59:59"
323,"1997-05-18 00:00:00",1997,2,5,18,1,"1900-01-01 00:00:00","2199-12-31 23:59:59"
324,"1997-05-19 00:00:00",1997,2,5,19,1,"1900-01-01 00:00:00","2199-12-31 23:59:59"
325,"1997-05-20 00:00:00",1997,2,5,20,1,"1900-01-01 00:00:00","2199-12-31 23:59:59"
326,"1997-05-21 00:00:00",1997,2,5,21,1,"1900-01-01 00:00:00","2199-12-31 23:59:59"
327,"1997-05-22 00:00:00",1997,2,5,22,1,"1900-01-01 00:00:00","2199-12-31 23:59:59"
328,"1997-05-23 00:00:00",1997,2,5,23,1,"1900-01-01 00:00:00","2199-12-31 23:59:59"
329,"1997-05-24 00:00:00",1997,2,5,24,1,"1900-01-01 00:00:00","2199-12-31 23:59:59"
330,"1997-05-25 00:00:00",1997,2,5,25,1,"1900-01-01 00:00:00","2199-12-31 23:59:59"
331,"1997-05-26 00:00:00",1997,2,5,26,1,"1900-01-01 00:00:00","2199-12-31 23:59:59"
332,"1997-05-27 00:00:00",1997,2,5,27,1,"1900-01-01 00:00:00","2199-12-31 23:59:59"
333,"1997-05-28 00:00:00",1997,2,5,28,1,"1900-01-01 00:00:00","2199-12-31 23:59:59"
334,"1997-05-29 00:00:00",1997,2,5,29,1,"1900-01-01 00:00:00","2199-12-31 23:59:59"
335,"1997-05-30 00:00:00",1997,2,5,30,1,"1900-01-01 00:00:00","2199-12-31 23:59:59"
336,"1997-05-31 00:00:00",1997,2,5,31,1,"1900-01-01 00:00:00","2199-12-31 23:59:59"
337,"1997-06-01 00:00:00",1997,2,6,1,1,"1900-01-01 00:00:00","2199-12-31 23:59:59"
338,"1997-06-02 00:00:00",1997,2,6,2,1,"1900-01-01 00:00:00","2199-12-31 23:59:59"
339,"1997-06-03 00:00:00",1997,2,6,3,1,"1900-01-01 00:00:00","2199-12-31 23:59:59"
340,"1997-06-04 00:00:00",1997,2,6,4,1,"1900-01-01 00:00:00","2199-12-31 23:59:59"
341,"1997-06-05 00:00:00",1997,2,6,5,1,"1900-01-01 00:00:00","2199-12-31 23:59:59"
342,"1997-06-06 00:00:00",1997,2,6,6,1,"1900-01-01 00:00:00","2199-12-31 23:59:59"
343,"1997-06-07 00:00:00",1997,2,6,7,1,"1900-01-01 00:00:00","2199-12-31 23:59:59"
344,"1997-06-08 00:00:00",1997,2,6,8,1,"1900-01-01 00:00:00","2199-12-31 23:59:59"
345,"1997-06-09 00:00:00",1997,2,6,9,1,"1900-01-01 00:00:00","2199-12-31 23:59:59"
346,"1997-06-10 00:00:00",1997,2,6,10,1,"1900-01-01 00:00:00","2199-12-31 23:59:59"
347,"1997-06-11 00:00:00",1997,2,6,11,1,"1900-01-01 00:00:00","2199-12-31 23:59:59"
348,"1997-06-12 00:00:00",1997,2,6,12,1,"1900-01-01 00:00:00","2199-12-31 23:59:59"
349,"1997-06-13 00:00:00",1997,2,6,13,1,"1900-01-01 00:00:00","2199-12-31 23:59:59"
350,"1997-06-14 00:00:00",1997,2,6,14,1,"1900-01-01 00:00:00","2199-12-31 23:59:59"
351,"1997-06-15 00:00:00",1997,2,6,15,1,"1900-01-01 00:00:00","2199-12-31 23:59:59"
352,"1997-06-16 00:00:00",1997,2,6,16,1,"1900-01-01 00:00:00","2199-12-31 23:59:59"
353,"1997-06-17 00:00:00",1997,2,6,17,1,"1900-01-01 00:00:00","2199-12-31 23:59:59"
354,"1997-06-18 00:00:00",1997,2,6,18,1,"1900-01-01 00:00:00","2199-12-31 23:59:59"
355,"1997-06-19 00:00:00",1997,2,6,19,1,"1900-01-01 00:00:00","2199-12-31 23:59:59"
356,"1997-06-20 00:00:00",1997,2,6,20,1,"1900-01-01 00:00:00","2199-12-31 23:59:59"
357,"1997-06-21 00:00:00",1997,2,6,21,1,"1900-01-01 00:00:00","2199-12-31 23:59:59"
358,"1997-06-22 00:00:00",1997,2,6,22,1,"1900-01-01 00:00:00","2199-12-31 23:59:59"
359,"1997-06-23 00:00:00",1997,2,6,23,1,"1900-01-01 00:00:00","2199-12-31 23:59:59"
360,"1997-06-24 00:00:00",1997,2,6,24,1,"1900-01-01 00:00:00","2199-12-31 23:59:59"
361,"1997-06-25 00:00:00",1997,2,6,25,1,"1900-01-01 00:00:00","2199-12-31 23:59:59"
362,"1997-06-26 00:00:00",1997,2,6,26,1,"1900-01-01 00:00:00","2199-12-31 23:59:59"
363,"1997-06-27 00:00:00",1997,2,6,27,1,"1900-01-01 00:00:00","2199-12-31 23:59:59"
364,"1997-06-28 00:00:00",1997,2,6,28,1,"1900-01-01 00:00:00","2199-12-31 23:59:59"
365,"1997-06-29 00:00:00",1997,2,6,29,1,"1900-01-01 00:00:00","2199-12-31 23:59:59"
366,"1997-06-30 00:00:00",1997,2,6,30,1,"1900-01-01 00:00:00","2199-12-31 23:59:59"
367,"1997-07-01 00:00:00",1997,3,7,1,1,"1900-01-01 00:00:00","2199-12-31 23:59:59"
368,"1997-07-02 00:00:00",1997,3,7,2,1,"1900-01-01 00:00:00","2199-12-31 23:59:59"
369,"1997-07-03 00:00:00",1997,3,7,3,1,"1900-01-01 00:00:00","2199-12-31 23:59:59"
370,"1997-07-04 00:00:00",1997,3,7,4,1,"1900-01-01 00:00:00","2199-12-31 23:59:59"
371,"1997-07-05 00:00:00",1997,3,7,5,1,"1900-01-01 00:00:00","2199-12-31 23:59:59"
372,"1997-07-06 00:00:00",1997,3,7,6,1,"1900-01-01 00:00:00","2199-12-31 23:59:59"
373,"1997-07-07 00:00:00",1997,3,7,7,1,"1900-01-01 00:00:00","2199-12-31 23:59:59"
374,"1997-07-08 00:00:00",1997,3,7,8,1,"1900-01-01 00:00:00","2199-12-31 23:59:59"
375,"1997-07-09 00:00:00",1997,3,7,9,1,"1900-01-01 00:00:00","2199-12-31 23:59:59"
376,"1997-07-10 00:00:00",1997,3,7,10,1,"1900-01-01 00:00:00","2199-12-31 23:59:59"
377,"1997-07-11 00:00:00",1997,3,7,11,1,"1900-01-01 00:00:00","2199-12-31 23:59:59"
378,"1997-07-12 00:00:00",1997,3,7,12,1,"1900-01-01 00:00:00","2199-12-31 23:59:59"
379,"1997-07-13 00:00:00",1997,3,7,13,1,"1900-01-01 00:00:00","2199-12-31 23:59:59"
380,"1997-07-14 00:00:00",1997,3,7,14,1,"1900-01-01 00:00:00","2199-12-31 23:59:59"
381,"1997-07-15 00:00:00",1997,3,7,15,1,"1900-01-01 00:00:00","2199-12-31 23:59:59"
382,"1997-07-16 00:00:00",1997,3,7,16,1,"1900-01-01 00:00:00","2199-12-31 23:59:59"
383,"1997-07-17 00:00:00",1997,3,7,17,1,"1900-01-01 00:00:00","2199-12-31 23:59:59"
384,"1997-07-18 00:00:00",1997,3,7,18,1,"1900-01-01 00:00:00","2199-12-31 23:59:59"
385,"1997-07-19 00:00:00",1997,3,7,19,1,"1900-01-01 00:00:00","2199-12-31 23:59:59"
386,"1997-07-20 00:00:00",1997,3,7,20,1,"1900-01-01 00:00:00","2199-12-31 23:59:59"
387,"1997-07-21 00:00:00",1997,3,7,21,1,"1900-01-01 00:00:00","2199-12-31 23:59:59"
388,"1997-07-22 00:00:00",1997,3,7,22,1,"1900-01-01 00:00:00","2199-12-31 23:59:59"
389,"1997-07-23 00:00:00",1997,3,7,23,1,"1900-01-01 00:00:00","2199-12-31 23:59:59"
390,"1997-07-24 00:00:00",1997,3,7,24,1,"1900-01-01 00:00:00","2199-12-31 23:59:59"
391,"1997-07-25 00:00:00",1997,3,7,25,1,"1900-01-01 00:00:00","2199-12-31 23:59:59"
392,"1997-07-26 00:00:00",1997,3,7,26,1,"1900-01-01 00:00:00","2199-12-31 23:59:59"
393,"1997-07-27 00:00:00",1997,3,7,27,1,"1900-01-01 00:00:00","2199-12-31 23:59:59"
394,"1997-07-28 00:00:00",1997,3,7,28,1,"1900-01-01 00:00:00","2199-12-31 23:59:59"
395,"1997-07-29 00:00:00",1997,3,7,29,1,"1900-01-01 00:00:00","2199-12-31 23:59:59"
396,"1997-07-30 00:00:00",1997,3,7,30,1,"1900-01-01 00:00:00","2199-12-31 23:59:59"
397,"1997-07-31 00:00:00",1997,3,7,31,1,"1900-01-01 00:00:00","2199-12-31 23:59:59"
398,"1997-08-01 00:00:00",1997,3,8,1,1,"1900-01-01 00:00:00","2199-12-31 23:59:59"
399,"1997-08-02 00:00:00",1997,3,8,2,1,"1900-01-01 00:00:00","2199-12-31 23:59:59"
400,"1997-08-03 00:00:00",1997,3,8,3,1,"1900-01-01 00:00:00","2199-12-31 23:59:59"
401,"1997-08-04 00:00:00",1997,3,8,4,1,"1900-01-01 00:00:00","2199-12-31 23:59:59"
402,"1997-08-05 00:00:00",1997,3,8,5,1,"1900-01-01 00:00:00","2199-12-31 23:59:59"
403,"1997-08-06 00:00:00",1997,3,8,6,1,"1900-01-01 00:00:00","2199-12-31 23:59:59"
404,"1997-08-07 00:00:00",1997,3,8,7,1,"1900-01-01 00:00:00","2199-12-31 23:59:59"
405,"1997-08-08 00:00:00",1997,3,8,8,1,"1900-01-01 00:00:00","2199-12-31 23:59:59"
406,"1997-08-09 00:00:00",1997,3,8,9,1,"1900-01-01 00:00:00","2199-12-31 23:59:59"
407,"1997-08-10 00:00:00",1997,3,8,10,1,"1900-01-01 00:00:00","2199-12-31 23:59:59"
408,"1997-08-11 00:00:00",1997,3,8,11,1,"1900-01-01 00:00:00","2199-12-31 23:59:59"
409,"1997-08-12 00:00:00",1997,3,8,12,1,"1900-01-01 00:00:00","2199-12-31 23:59:59"
410,"1997-08-13 00:00:00",1997,3,8,13,1,"1900-01-01 00:00:00","2199-12-31 23:59:59"
411,"1997-08-14 00:00:00",1997,3,8,14,1,"1900-01-01 00:00:00","2199-12-31 23:59:59"
412,"1997-08-15 00:00:00",1997,3,8,15,1,"1900-01-01 00:00:00","2199-12-31 23:59:59"
413,"1997-08-16 00:00:00",1997,3,8,16,1,"1900-01-01 00:00:00","2199-12-31 23:59:59"
414,"1997-08-17 00:00:00",1997,3,8,17,1,"1900-01-01 00:00:00","2199-12-31 23:59:59"
415,"1997-08-18 00:00:00",1997,3,8,18,1,"1900-01-01 00:00:00","2199-12-31 23:59:59"
416,"1997-08-19 00:00:00",1997,3,8,19,1,"1900-01-01 00:00:00","2199-12-31 23:59:59"
417,"1997-08-20 00:00:00",1997,3,8,20,1,"1900-01-01 00:00:00","2199-12-31 23:59:59"
418,"1997-08-21 00:00:00",1997,3,8,21,1,"1900-01-01 00:00:00","2199-12-31 23:59:59"
419,"1997-08-22 00:00:00",1997,3,8,22,1,"1900-01-01 00:00:00","2199-12-31 23:59:59"
420,"1997-08-23 00:00:00",1997,3,8,23,1,"1900-01-01 00:00:00","2199-12-31 23:59:59"
421,"1997-08-24 00:00:00",1997,3,8,24,1,"1900-01-01 00:00:00","2199-12-31 23:59:59"
422,"1997-08-25 00:00:00",1997,3,8,25,1,"1900-01-01 00:00:00","2199-12-31 23:59:59"
423,"1997-08-26 00:00:00",1997,3,8,26,1,"1900-01-01 00:00:00","2199-12-31 23:59:59"
424,"1997-08-27 00:00:00",1997,3,8,27,1,"1900-01-01 00:00:00","2199-12-31 23:59:59"
425,"1997-08-28 00:00:00",1997,3,8,28,1,"1900-01-01 00:00:00","2199-12-31 23:59:59"
426,"1997-08-29 00:00:00",1997,3,8,29,1,"1900-01-01 00:00:00","2199-12-31 23:59:59"
427,"1997-08-30 00:00:00",1997,3,8,30,1,"1900-01-01 00:00:00","2199-12-31 23:59:59"
428,"1997-08-31 00:00:00",1997,3,8,31,1,"1900-01-01 00:00:00","2199-12-31 23:59:59"
429,"1997-09-01 00:00:00",1997,3,9,1,1,"1900-01-01 00:00:00","2199-12-31 23:59:59"
430,"1997-09-02 00:00:00",1997,3,9,2,1,"1900-01-01 00:00:00","2199-12-31 23:59:59"
431,"1997-09-03 00:00:00",1997,3,9,3,1,"1900-01-01 00:00:00","2199-12-31 23:59:59"
432,"1997-09-04 00:00:00",1997,3,9,4,1,"1900-01-01 00:00:00","2199-12-31 23:59:59"
433,"1997-09-05 00:00:00",1997,3,9,5,1,"1900-01-01 00:00:00","2199-12-31 23:59:59"
434,"1997-09-06 00:00:00",1997,3,9,6,1,"1900-01-01 00:00:00","2199-12-31 23:59:59"
435,"1997-09-07 00:00:00",1997,3,9,7,1,"1900-01-01 00:00:00","2199-12-31 23:59:59"
436,"1997-09-08 00:00:00",1997,3,9,8,1,"1900-01-01 00:00:00","2199-12-31 23:59:59"
437,"1997-09-09 00:00:00",1997,3,9,9,1,"1900-01-01 00:00:00","2199-12-31 23:59:59"
438,"1997-09-10 00:00:00",1997,3,9,10,1,"1900-01-01 00:00:00","2199-12-31 23:59:59"
439,"1997-09-11 00:00:00",1997,3,9,11,1,"1900-01-01 00:00:00","2199-12-31 23:59:59"
440,"1997-09-12 00:00:00",1997,3,9,12,1,"1900-01-01 00:00:00","2199-12-31 23:59:59"
441,"1997-09-13 00:00:00",1997,3,9,13,1,"1900-01-01 00:00:00","2199-12-31 23:59:59"
442,"1997-09-14 00:00:00",1997,3,9,14,1,"1900-01-01 00:00:00","2199-12-31 23:59:59"
443,"1997-09-15 00:00:00",1997,3,9,15,1,"1900-01-01 00:00:00","2199-12-31 23:59:59"
444,"1997-09-16 00:00:00",1997,3,9,16,1,"1900-01-01 00:00:00","2199-12-31 23:59:59"
445,"1997-09-17 00:00:00",1997,3,9,17,1,"1900-01-01 00:00:00","2199-12-31 23:59:59"
446,"1997-09-18 00:00:00",1997,3,9,18,1,"1900-01-01 00:00:00","2199-12-31 23:59:59"
447,"1997-09-19 00:00:00",1997,3,9,19,1,"1900-01-01 00:00:00","2199-12-31 23:59:59"
448,"1997-09-20 00:00:00",1997,3,9,20,1,"1900-01-01 00:00:00","2199-12-31 23:59:59"
449,"1997-09-21 00:00:00",1997,3,9,21,1,"1900-01-01 00:00:00","2199-12-31 23:59:59"
450,"1997-09-22 00:00:00",1997,3,9,22,1,"1900-01-01 00:00:00","2199-12-31 23:59:59"
451,"1997-09-23 00:00:00",1997,3,9,23,1,"1900-01-01 00:00:00","2199-12-31 23:59:59"
452,"1997-09-24 00:00:00",1997,3,9,24,1,"1900-01-01 00:00:00","2199-12-31 23:59:59"
453,"1997-09-25 00:00:00",1997,3,9,25,1,"1900-01-01 00:00:00","2199-12-31 23:59:59"
454,"1997-09-26 00:00:00",1997,3,9,26,1,"1900-01-01 00:00:00","2199-12-31 23:59:59"
455,"1997-09-27 00:00:00",1997,3,9,27,1,"1900-01-01 00:00:00","2199-12-31 23:59:59"
456,"1997-09-28 00:00:00",1997,3,9,28,1,"1900-01-01 00:00:00","2199-12-31 23:59:59"
457,"1997-09-29 00:00:00",1997,3,9,29,1,"1900-01-01 00:00:00","2199-12-31 23:59:59"
458,"1997-09-30 00:00:00",1997,3,9,30,1,"1900-01-01 00:00:00","2199-12-31 23:59:59"
459,"1997-10-01 00:00:00",1997,4,10,1,1,"1900-01-01 00:00:00","2199-12-31 23:59:59"
460,"1997-10-02 00:00:00",1997,4,10,2,1,"1900-01-01 00:00:00","2199-12-31 23:59:59"
461,"1997-10-03 00:00:00",1997,4,10,3,1,"1900-01-01 00:00:00","2199-12-31 23:59:59"
462,"1997-10-04 00:00:00",1997,4,10,4,1,"1900-01-01 00:00:00","2199-12-31 23:59:59"
463,"1997-10-05 00:00:00",1997,4,10,5,1,"1900-01-01 00:00:00","2199-12-31 23:59:59"
464,"1997-10-06 00:00:00",1997,4,10,6,1,"1900-01-01 00:00:00","2199-12-31 23:59:59"
465,"1997-10-07 00:00:00",1997,4,10,7,1,"1900-01-01 00:00:00","2199-12-31 23:59:59"
466,"1997-10-08 00:00:00",1997,4,10,8,1,"1900-01-01 00:00:00","2199-12-31 23:59:59"
467,"1997-10-09 00:00:00",1997,4,10,9,1,"1900-01-01 00:00:00","2199-12-31 23:59:59"
468,"1997-10-10 00:00:00",1997,4,10,10,1,"1900-01-01 00:00:00","2199-12-31 23:59:59"
469,"1997-10-11 00:00:00",1997,4,10,11,1,"1900-01-01 00:00:00","2199-12-31 23:59:59"
470,"1997-10-12 00:00:00",1997,4,10,12,1,"1900-01-01 00:00:00","2199-12-31 23:59:59"
471,"1997-10-13 00:00:00",1997,4,10,13,1,"1900-01-01 00:00:00","2199-12-31 23:59:59"
472,"1997-10-14 00:00:00",1997,4,10,14,1,"1900-01-01 00:00:00","2199-12-31 23:59:59"
473,"1997-10-15 00:00:00",1997,4,10,15,1,"1900-01-01 00:00:00","2199-12-31 23:59:59"
474,"1997-10-16 00:00:00",1997,4,10,16,1,"1900-01-01 00:00:00","2199-12-31 23:59:59"
475,"1997-10-17 00:00:00",1997,4,10,17,1,"1900-01-01 00:00:00","2199-12-31 23:59:59"
476,"1997-10-18 00:00:00",1997,4,10,18,1,"1900-01-01 00:00:00","2199-12-31 23:59:59"
477,"1997-10-19 00:00:00",1997,4,10,19,1,"1900-01-01 00:00:00","2199-12-31 23:59:59"
478,"1997-10-20 00:00:00",1997,4,10,20,1,"1900-01-01 00:00:00","2199-12-31 23:59:59"
479,"1997-10-21 00:00:00",1997,4,10,21,1,"1900-01-01 00:00:00","2199-12-31 23:59:59"
480,"1997-10-22 00:00:00",1997,4,10,22,1,"1900-01-01 00:00:00","2199-12-31 23:59:59"
481,"1997-10-23 00:00:00",1997,4,10,23,1,"1900-01-01 00:00:00","2199-12-31 23:59:59"
482,"1997-10-24 00:00:00",1997,4,10,24,1,"1900-01-01 00:00:00","2199-12-31 23:59:59"
483,"1997-10-25 00:00:00",1997,4,10,25,1,"1900-01-01 00:00:00","2199-12-31 23:59:59"
484,"1997-10-26 00:00:00",1997,4,10,26,1,"1900-01-01 00:00:00","2199-12-31 23:59:59"
485,"1997-10-27 00:00:00",1997,4,10,27,1,"1900-01-01 00:00:00","2199-12-31 23:59:59"
486,"1997-10-28 00:00:00",1997,4,10,28,1,"1900-01-01 00:00:00","2199-12-31 23:59:59"
487,"1997-10-29 00:00:00",1997,4,10,29,1,"1900-01-01 00:00:00","2199-12-31 23:59:59"
488,"1997-10-30 00:00:00",1997,4,10,30,1,"1900-01-01 00:00:00","2199-12-31 23:59:59"
489,"1997-10-31 00:00:00",1997,4,10,31,1,"1900-01-01 00:00:00","2199-12-31 23:59:59"
490,"1997-11-01 00:00:00",1997,4,11,1,1,"1900-01-01 00:00:00","2199-12-31 23:59:59"
491,"1997-11-02 00:00:00",1997,4,11,2,1,"1900-01-01 00:00:00","2199-12-31 23:59:59"
492,"1997-11-03 00:00:00",1997,4,11,3,1,"1900-01-01 00:00:00","2199-12-31 23:59:59"
493,"1997-11-04 00:00:00",1997,4,11,4,1,"1900-01-01 00:00:00","2199-12-31 23:59:59"
494,"1997-11-05 00:00:00",1997,4,11,5,1,"1900-01-01 00:00:00","2199-12-31 23:59:59"
495,"1997-11-06 00:00:00",1997,4,11,6,1,"1900-01-01 00:00:00","2199-12-31 23:59:59"
496,"1997-11-07 00:00:00",1997,4,11,7,1,"1900-01-01 00:00:00","2199-12-31 23:59:59"
497,"1997-11-08 00:00:00",1997,4,11,8,1,"1900-01-01 00:00:00","2199-12-31 23:59:59"
498,"1997-11-09 00:00:00",1997,4,11,9,1,"1900-01-01 00:00:00","2199-12-31 23:59:59"
499,"1997-11-10 00:00:00",1997,4,11,10,1,"1900-01-01 00:00:00","2199-12-31 23:59:59"
500,"1997-11-11 00:00:00",1997,4,11,11,1,"1900-01-01 00:00:00","2199-12-31 23:59:59"
501,"1997-11-12 00:00:00",1997,4,11,12,1,"1900-01-01 00:00:00","2199-12-31 23:59:59"
502,"1997-11-13 00:00:00",1997,4,11,13,1,"1900-01-01 00:00:00","2199-12-31 23:59:59"
503,"1997-11-14 00:00:00",1997,4,11,14,1,"1900-01-01 00:00:00","2199-12-31 23:59:59"
504,"1997-11-15 00:00:00",1997,4,11,15,1,"1900-01-01 00:00:00","2199-12-31 23:59:59"
505,"1997-11-16 00:00:00",1997,4,11,16,1,"1900-01-01 00:00:00","2199-12-31 23:59:59"
506,"1997-11-17 00:00:00",1997,4,11,17,1,"1900-01-01 00:00:00","2199-12-31 23:59:59"
507,"1997-11-18 00:00:00",1997,4,11,18,1,"1900-01-01 00:00:00","2199-12-31 23:59:59"
508,"1997-11-19 00:00:00",1997,4,11,19,1,"1900-01-01 00:00:00","2199-12-31 23:59:59"
509,"1997-11-20 00:00:00",1997,4,11,20,1,"1900-01-01 00:00:00","2199-12-31 23:59:59"
510,"1997-11-21 00:00:00",1997,4,11,21,1,"1900-01-01 00:00:00","2199-12-31 23:59:59"
511,"1997-11-22 00:00:00",1997,4,11,22,1,"1900-01-01 00:00:00","2199-12-31 23:59:59"
512,"1997-11-23 00:00:00",1997,4,11,23,1,"1900-01-01 00:00:00","2199-12-31 23:59:59"
513,"1997-11-24 00:00:00",1997,4,11,24,1,"1900-01-01 00:00:00","2199-12-31 23:59:59"
514,"1997-11-25 00:00:00",1997,4,11,25,1,"1900-01-01 00:00:00","2199-12-31 23:59:59"
515,"1997-11-26 00:00:00",1997,4,11,26,1,"1900-01-01 00:00:00","2199-12-31 23:59:59"
516,"1997-11-27 00:00:00",1997,4,11,27,1,"1900-01-01 00:00:00","2199-12-31 23:59:59"
517,"1997-11-28 00:00:00",1997,4,11,28,1,"1900-01-01 00:00:00","2199-12-31 23:59:59"
518,"1997-11-29 00:00:00",1997,4,11,29,1,"1900-01-01 00:00:00","2199-12-31 23:59:59"
519,"1997-11-30 00:00:00",1997,4,11,30,1,"1900-01-01 00:00:00","2199-12-31 23:59:59"
520,"1997-12-01 00:00:00",1997,4,12,1,1,"1900-01-01 00:00:00","2199-12-31 23:59:59"
521,"1997-12-02 00:00:00",1997,4,12,2,1,"1900-01-01 00:00:00","2199-12-31 23:59:59"
522,"1997-12-03 00:00:00",1997,4,12,3,1,"1900-01-01 00:00:00","2199-12-31 23:59:59"
523,"1997-12-04 00:00:00",1997,4,12,4,1,"1900-01-01 00:00:00","2199-12-31 23:59:59"
524,"1997-12-05 00:00:00",1997,4,12,5,1,"1900-01-01 00:00:00","2199-12-31 23:59:59"
525,"1997-12-06 00:00:00",1997,4,12,6,1,"1900-01-01 00:00:00","2199-12-31 23:59:59"
526,"1997-12-07 00:00:00",1997,4,12,7,1,"1900-01-01 00:00:00","2199-12-31 23:59:59"
527,"1997-12-08 00:00:00",1997,4,12,8,1,"1900-01-01 00:00:00","2199-12-31 23:59:59"
528,"1997-12-09 00:00:00",1997,4,12,9,1,"1900-01-01 00:00:00","2199-12-31 23:59:59"
529,"1997-12-10 00:00:00",1997,4,12,10,1,"1900-01-01 00:00:00","2199-12-31 23:59:59"
530,"1997-12-11 00:00:00",1997,4,12,11,1,"1900-01-01 00:00:00","2199-12-31 23:59:59"
531,"1997-12-12 00:00:00",1997,4,12,12,1,"1900-01-01 00:00:00","2199-12-31 23:59:59"
532,"1997-12-13 00:00:00",1997,4,12,13,1,"1900-01-01 00:00:00","2199-12-31 23:59:59"
533,"1997-12-14 00:00:00",1997,4,12,14,1,"1900-01-01 00:00:00","2199-12-31 23:59:59"
534,"1997-12-15 00:00:00",1997,4,12,15,1,"1900-01-01 00:00:00","2199-12-31 23:59:59"
535,"1997-12-16 00:00:00",1997,4,12,16,1,"1900-01-01 00:00:00","2199-12-31 23:59:59"
536,"1997-12-17 00:00:00",1997,4,12,17,1,"1900-01-01 00:00:00","2199-12-31 23:59:59"
537,"1997-12-18 00:00:00",1997,4,12,18,1,"1900-01-01 00:00:00","2199-12-31 23:59:59"
538,"1997-12-19 00:00:00",1997,4,12,19,1,"1900-01-01 00:00:00","2199-12-31 23:59:59"
539,"1997-12-20 00:00:00",1997,4,12,20,1,"1900-01-01 00:00:00","2199-12-31 23:59:59"
540,"1997-12-21 00:00:00",1997,4,12,21,1,"1900-01-01 00:00:00","2199-12-31 23:59:59"
541,"1997-12-22 00:00:00",1997,4,12,22,1,"1900-01-01 00:00:00","2199-12-31 23:59:59"
542,"1997-12-23 00:00:00",1997,4,12,23,1,"1900-01-01 00:00:00","2199-12-31 23:59:59"
543,"1997-12-24 00:00:00",1997,4,12,24,1,"1900-01-01 00:00:00","2199-12-31 23:59:59"
544,"1997-12-25 00:00:00",1997,4,12,25,1,"1900-01-01 00:00:00","2199-12-31 23:59:59"
545,"1997-12-26 00:00:00",1997,4,12,26,1,"1900-01-01 00:00:00","2199-12-31 23:59:59"
546,"1997-12-27 00:00:00",1997,4,12,27,1,"1900-01-01 00:00:00","2199-12-31 23:59:59"
547,"1997-12-28 00:00:00",1997,4,12,28,1,"1900-01-01 00:00:00","2199-12-31 23:59:59"
548,"1997-12-29 00:00:00",1997,4,12,29,1,"1900-01-01 00:00:00","2199-12-31 23:59:59"
549,"1997-12-30 00:00:00",1997,4,12,30,1,"1900-01-01 00:00:00","2199-12-31 23:59:59"
550,"1997-12-31 00:00:00",1997,4,12,31,1,"1900-01-01 00:00:00","2199-12-31 23:59:59"
551,"1998-01-01 00:00:00",1998,1,1,1,1,"1900-01-01 00:00:00","2199-12-31 23:59:59"
552,"1998-01-02 00:00:00",1998,1,1,2,1,"1900-01-01 00:00:00","2199-12-31 23:59:59"
553,"1998-01-03 00:00:00",1998,1,1,3,1,"1900-01-01 00:00:00","2199-12-31 23:59:59"
554,"1998-01-04 00:00:00",1998,1,1,4,1,"1900-01-01 00:00:00","2199-12-31 23:59:59"
555,"1998-01-05 00:00:00",1998,1,1,5,1,"1900-01-01 00:00:00","2199-12-31 23:59:59"
556,"1998-01-06 00:00:00",1998,1,1,6,1,"1900-01-01 00:00:00","2199-12-31 23:59:59"
557,"1998-01-07 00:00:00",1998,1,1,7,1,"1900-01-01 00:00:00","2199-12-31 23:59:59"
558,"1998-01-08 00:00:00",1998,1,1,8,1,"1900-01-01 00:00:00","2199-12-31 23:59:59"
559,"1998-01-09 00:00:00",1998,1,1,9,1,"1900-01-01 00:00:00","2199-12-31 23:59:59"
560,"1998-01-10 00:00:00",1998,1,1,10,1,"1900-01-01 00:00:00","2199-12-31 23:59:59"
561,"1998-01-11 00:00:00",1998,1,1,11,1,"1900-01-01 00:00:00","2199-12-31 23:59:59"
562,"1998-01-12 00:00:00",1998,1,1,12,1,"1900-01-01 00:00:00","2199-12-31 23:59:59"
563,"1998-01-13 00:00:00",1998,1,1,13,1,"1900-01-01 00:00:00","2199-12-31 23:59:59"
564,"1998-01-14 00:00:00",1998,1,1,14,1,"1900-01-01 00:00:00","2199-12-31 23:59:59"
565,"1998-01-15 00:00:00",1998,1,1,15,1,"1900-01-01 00:00:00","2199-12-31 23:59:59"
566,"1998-01-16 00:00:00",1998,1,1,16,1,"1900-01-01 00:00:00","2199-12-31 23:59:59"
567,"1998-01-17 00:00:00",1998,1,1,17,1,"1900-01-01 00:00:00","2199-12-31 23:59:59"
568,"1998-01-18 00:00:00",1998,1,1,18,1,"1900-01-01 00:00:00","2199-12-31 23:59:59"
569,"1998-01-19 00:00:00",1998,1,1,19,1,"1900-01-01 00:00:00","2199-12-31 23:59:59"
570,"1998-01-20 00:00:00",1998,1,1,20,1,"1900-01-01 00:00:00","2199-12-31 23:59:59"
571,"1998-01-21 00:00:00",1998,1,1,21,1,"1900-01-01 00:00:00","2199-12-31 23:59:59"
572,"1998-01-22 00:00:00",1998,1,1,22,1,"1900-01-01 00:00:00","2199-12-31 23:59:59"
573,"1998-01-23 00:00:00",1998,1,1,23,1,"1900-01-01 00:00:00","2199-12-31 23:59:59"
574,"1998-01-24 00:00:00",1998,1,1,24,1,"1900-01-01 00:00:00","2199-12-31 23:59:59"
575,"1998-01-25 00:00:00",1998,1,1,25,1,"1900-01-01 00:00:00","2199-12-31 23:59:59"
576,"1998-01-26 00:00:00",1998,1,1,26,1,"1900-01-01 00:00:00","2199-12-31 23:59:59"
577,"1998-01-27 00:00:00",1998,1,1,27,1,"1900-01-01 00:00:00","2199-12-31 23:59:59"
578,"1998-01-28 00:00:00",1998,1,1,28,1,"1900-01-01 00:00:00","2199-12-31 23:59:59"
579,"1998-01-29 00:00:00",1998,1,1,29,1,"1900-01-01 00:00:00","2199-12-31 23:59:59"
580,"1998-01-30 00:00:00",1998,1,1,30,1,"1900-01-01 00:00:00","2199-12-31 23:59:59"
581,"1998-01-31 00:00:00",1998,1,1,31,1,"1900-01-01 00:00:00","2199-12-31 23:59:59"
582,"1998-02-01 00:00:00",1998,1,2,1,1,"1900-01-01 00:00:00","2199-12-31 23:59:59"
583,"1998-02-02 00:00:00",1998,1,2,2,1,"1900-01-01 00:00:00","2199-12-31 23:59:59"
584,"1998-02-03 00:00:00",1998,1,2,3,1,"1900-01-01 00:00:00","2199-12-31 23:59:59"
585,"1998-02-04 00:00:00",1998,1,2,4,1,"1900-01-01 00:00:00","2199-12-31 23:59:59"
586,"1998-02-05 00:00:00",1998,1,2,5,1,"1900-01-01 00:00:00","2199-12-31 23:59:59"
587,"1998-02-06 00:00:00",1998,1,2,6,1,"1900-01-01 00:00:00","2199-12-31 23:59:59"
588,"1998-02-07 00:00:00",1998,1,2,7,1,"1900-01-01 00:00:00","2199-12-31 23:59:59"
589,"1998-02-08 00:00:00",1998,1,2,8,1,"1900-01-01 00:00:00","2199-12-31 23:59:59"
590,"1998-02-09 00:00:00",1998,1,2,9,1,"1900-01-01 00:00:00","2199-12-31 23:59:59"
591,"1998-02-10 00:00:00",1998,1,2,10,1,"1900-01-01 00:00:00","2199-12-31 23:59:59"
592,"1998-02-11 00:00:00",1998,1,2,11,1,"1900-01-01 00:00:00","2199-12-31 23:59:59"
593,"1998-02-12 00:00:00",1998,1,2,12,1,"1900-01-01 00:00:00","2199-12-31 23:59:59"
594,"1998-02-13 00:00:00",1998,1,2,13,1,"1900-01-01 00:00:00","2199-12-31 23:59:59"
595,"1998-02-14 00:00:00",1998,1,2,14,1,"1900-01-01 00:00:00","2199-12-31 23:59:59"
596,"1998-02-15 00:00:00",1998,1,2,15,1,"1900-01-01 00:00:00","2199-12-31 23:59:59"
597,"1998-02-16 00:00:00",1998,1,2,16,1,"1900-01-01 00:00:00","2199-12-31 23:59:59"
598,"1998-02-17 00:00:00",1998,1,2,17,1,"1900-01-01 00:00:00","2199-12-31 23:59:59"
599,"1998-02-18 00:00:00",1998,1,2,18,1,"1900-01-01 00:00:00","2199-12-31 23:59:59"
600,"1998-02-19 00:00:00",1998,1,2,19,1,"1900-01-01 00:00:00","2199-12-31 23:59:59"
601,"1998-02-20 00:00:00",1998,1,2,20,1,"1900-01-01 00:00:00","2199-12-31 23:59:59"
602,"1998-02-21 00:00:00",1998,1,2,21,1,"1900-01-01 00:00:00","2199-12-31 23:59:59"
603,"1998-02-22 00:00:00",1998,1,2,22,1,"1900-01-01 00:00:00","2199-12-31 23:59:59"
604,"1998-02-23 00:00:00",1998,1,2,23,1,"1900-01-01 00:00:00","2199-12-31 23:59:59"
605,"1998-02-24 00:00:00",1998,1,2,24,1,"1900-01-01 00:00:00","2199-12-31 23:59:59"
606,"1998-02-25 00:00:00",1998,1,2,25,1,"1900-01-01 00:00:00","2199-12-31 23:59:59"
607,"1998-02-26 00:00:00",1998,1,2,26,1,"1900-01-01 00:00:00","2199-12-31 23:59:59"
608,"1998-02-27 00:00:00",1998,1,2,27,1,"1900-01-01 00:00:00","2199-12-31 23:59:59"
609,"1998-02-28 00:00:00",1998,1,2,28,1,"1900-01-01 00:00:00","2199-12-31 23:59:59"
610,"1998-03-01 00:00:00",1998,1,3,1,1,"1900-01-01 00:00:00","2199-12-31 23:59:59"
611,"1998-03-02 00:00:00",1998,1,3,2,1,"1900-01-01 00:00:00","2199-12-31 23:59:59"
612,"1998-03-03 00:00:00",1998,1,3,3,1,"1900-01-01 00:00:00","2199-12-31 23:59:59"
613,"1998-03-04 00:00:00",1998,1,3,4,1,"1900-01-01 00:00:00","2199-12-31 23:59:59"
614,"1998-03-05 00:00:00",1998,1,3,5,1,"1900-01-01 00:00:00","2199-12-31 23:59:59"
615,"1998-03-06 00:00:00",1998,1,3,6,1,"1900-01-01 00:00:00","2199-12-31 23:59:59"
616,"1998-03-07 00:00:00",1998,1,3,7,1,"1900-01-01 00:00:00","2199-12-31 23:59:59"
617,"1998-03-08 00:00:00",1998,1,3,8,1,"1900-01-01 00:00:00","2199-12-31 23:59:59"
618,"1998-03-09 00:00:00",1998,1,3,9,1,"1900-01-01 00:00:00","2199-12-31 23:59:59"
619,"1998-03-10 00:00:00",1998,1,3,10,1,"1900-01-01 00:00:00","2199-12-31 23:59:59"
620,"1998-03-11 00:00:00",1998,1,3,11,1,"1900-01-01 00:00:00","2199-12-31 23:59:59"
621,"1998-03-12 00:00:00",1998,1,3,12,1,"1900-01-01 00:00:00","2199-12-31 23:59:59"
622,"1998-03-13 00:00:00",1998,1,3,13,1,"1900-01-01 00:00:00","2199-12-31 23:59:59"
623,"1998-03-14 00:00:00",1998,1,3,14,1,"1900-01-01 00:00:00","2199-12-31 23:59:59"
624,"1998-03-15 00:00:00",1998,1,3,15,1,"1900-01-01 00:00:00","2199-12-31 23:59:59"
625,"1998-03-16 00:00:00",1998,1,3,16,1,"1900-01-01 00:00:00","2199-12-31 23:59:59"
626,"1998-03-17 00:00:00",1998,1,3,17,1,"1900-01-01 00:00:00","2199-12-31 23:59:59"
627,"1998-03-18 00:00:00",1998,1,3,18,1,"1900-01-01 00:00:00","2199-12-31 23:59:59"
628,"1998-03-19 00:00:00",1998,1,3,19,1,"1900-01-01 00:00:00","2199-12-31 23:59:59"
629,"1998-03-20 00:00:00",1998,1,3,20,1,"1900-01-01 00:00:00","2199-12-31 23:59:59"
630,"1998-03-21 00:00:00",1998,1,3,21,1,"1900-01-01 00:00:00","2199-12-31 23:59:59"
631,"1998-03-22 00:00:00",1998,1,3,22,1,"1900-01-01 00:00:00","2199-12-31 23:59:59"
632,"1998-03-23 00:00:00",1998,1,3,23,1,"1900-01-01 00:00:00","2199-12-31 23:59:59"
633,"1998-03-24 00:00:00",1998,1,3,24,1,"1900-01-01 00:00:00","2199-12-31 23:59:59"
634,"1998-03-25 00:00:00",1998,1,3,25,1,"1900-01-01 00:00:00","2199-12-31 23:59:59"
635,"1998-03-26 00:00:00",1998,1,3,26,1,"1900-01-01 00:00:00","2199-12-31 23:59:59"
636,"1998-03-27 00:00:00",1998,1,3,27,1,"1900-01-01 00:00:00","2199-12-31 23:59:59"
637,"1998-03-28 00:00:00",1998,1,3,28,1,"1900-01-01 00:00:00","2199-12-31 23:59:59"
638,"1998-03-29 00:00:00",1998,1,3,29,1,"1900-01-01 00:00:00","2199-12-31 23:59:59"
639,"1998-03-30 00:00:00",1998,1,3,30,1,"1900-01-01 00:00:00","2199-12-31 23:59:59"
640,"1998-03-31 00:00:00",1998,1,3,31,1,"1900-01-01 00:00:00","2199-12-31 23:59:59"
641,"1998-04-01 00:00:00",1998,2,4,1,1,"1900-01-01 00:00:00","2199-12-31 23:59:59"
642,"1998-04-02 00:00:00",1998,2,4,2,1,"1900-01-01 00:00:00","2199-12-31 23:59:59"
643,"1998-04-03 00:00:00",1998,2,4,3,1,"1900-01-01 00:00:00","2199-12-31 23:59:59"
644,"1998-04-04 00:00:00",1998,2,4,4,1,"1900-01-01 00:00:00","2199-12-31 23:59:59"
645,"1998-04-05 00:00:00",1998,2,4,5,1,"1900-01-01 00:00:00","2199-12-31 23:59:59"
646,"1998-04-06 00:00:00",1998,2,4,6,1,"1900-01-01 00:00:00","2199-12-31 23:59:59"
647,"1998-04-07 00:00:00",1998,2,4,7,1,"1900-01-01 00:00:00","2199-12-31 23:59:59"
648,"1998-04-08 00:00:00",1998,2,4,8,1,"1900-01-01 00:00:00","2199-12-31 23:59:59"
649,"1998-04-09 00:00:00",1998,2,4,9,1,"1900-01-01 00:00:00","2199-12-31 23:59:59"
650,"1998-04-10 00:00:00",1998,2,4,10,1,"1900-01-01 00:00:00","2199-12-31 23:59:59"
651,"1998-04-11 00:00:00",1998,2,4,11,1,"1900-01-01 00:00:00","2199-12-31 23:59:59"
652,"1998-04-12 00:00:00",1998,2,4,12,1,"1900-01-01 00:00:00","2199-12-31 23:59:59"
653,"1998-04-13 00:00:00",1998,2,4,13,1,"1900-01-01 00:00:00","2199-12-31 23:59:59"
654,"1998-04-14 00:00:00",1998,2,4,14,1,"1900-01-01 00:00:00","2199-12-31 23:59:59"
655,"1998-04-15 00:00:00",1998,2,4,15,1,"1900-01-01 00:00:00","2199-12-31 23:59:59"
656,"1998-04-16 00:00:00",1998,2,4,16,1,"1900-01-01 00:00:00","2199-12-31 23:59:59"
657,"1998-04-17 00:00:00",1998,2,4,17,1,"1900-01-01 00:00:00","2199-12-31 23:59:59"
658,"1998-04-18 00:00:00",1998,2,4,18,1,"1900-01-01 00:00:00","2199-12-31 23:59:59"
659,"1998-04-19 00:00:00",1998,2,4,19,1,"1900-01-01 00:00:00","2199-12-31 23:59:59"
660,"1998-04-20 00:00:00",1998,2,4,20,1,"1900-01-01 00:00:00","2199-12-31 23:59:59"
661,"1998-04-21 00:00:00",1998,2,4,21,1,"1900-01-01 00:00:00","2199-12-31 23:59:59"
662,"1998-04-22 00:00:00",1998,2,4,22,1,"1900-01-01 00:00:00","2199-12-31 23:59:59"
663,"1998-04-23 00:00:00",1998,2,4,23,1,"1900-01-01 00:00:00","2199-12-31 23:59:59"
664,"1998-04-24 00:00:00",1998,2,4,24,1,"1900-01-01 00:00:00","2199-12-31 23:59:59"
665,"1998-04-25 00:00:00",1998,2,4,25,1,"1900-01-01 00:00:00","2199-12-31 23:59:59"
666,"1998-04-26 00:00:00",1998,2,4,26,1,"1900-01-01 00:00:00","2199-12-31 23:59:59"
667,"1998-04-27 00:00:00",1998,2,4,27,1,"1900-01-01 00:00:00","2199-12-31 23:59:59"
668,"1998-04-28 00:00:00",1998,2,4,28,1,"1900-01-01 00:00:00","2199-12-31 23:59:59"
669,"1998-04-29 00:00:00",1998,2,4,29,1,"1900-01-01 00:00:00","2199-12-31 23:59:59"
670,"1998-04-30 00:00:00",1998,2,4,30,1,"1900-01-01 00:00:00","2199-12-31 23:59:59"
671,"1998-05-01 00:00:00",1998,2,5,1,1,"1900-01-01 00:00:00","2199-12-31 23:59:59"
672,"1998-05-02 00:00:00",1998,2,5,2,1,"1900-01-01 00:00:00","2199-12-31 23:59:59"
673,"1998-05-03 00:00:00",1998,2,5,3,1,"1900-01-01 00:00:00","2199-12-31 23:59:59"
674,"1998-05-04 00:00:00",1998,2,5,4,1,"1900-01-01 00:00:00","2199-12-31 23:59:59"
675,"1998-05-05 00:00:00",1998,2,5,5,1,"1900-01-01 00:00:00","2199-12-31 23:59:59"
676,"1998-05-06 00:00:00",1998,2,5,6,1,"1900-01-01 00:00:00","2199-12-31 23:59:59"
677,"1998-05-07 00:00:00",1998,2,5,7,1,"1900-01-01 00:00:00","2199-12-31 23:59:59"
678,"1998-05-08 00:00:00",1998,2,5,8,1,"1900-01-01 00:00:00","2199-12-31 23:59:59"
679,"1998-05-09 00:00:00",1998,2,5,9,1,"1900-01-01 00:00:00","2199-12-31 23:59:59"
680,"1998-05-10 00:00:00",1998,2,5,10,1,"1900-01-01 00:00:00","2199-12-31 23:59:59"
681,"1998-05-11 00:00:00",1998,2,5,11,1,"1900-01-01 00:00:00","2199-12-31 23:59:59"
682,"1998-05-12 00:00:00",1998,2,5,12,1,"1900-01-01 00:00:00","2199-12-31 23:59:59"
683,"1998-05-13 00:00:00",1998,2,5,13,1,"1900-01-01 00:00:00","2199-12-31 23:59:59"
684,"1998-05-14 00:00:00",1998,2,5,14,1,"1900-01-01 00:00:00","2199-12-31 23:59:59"
685,"1998-05-15 00:00:00",1998,2,5,15,1,"1900-01-01 00:00:00","2199-12-31 23:59:59"
686,"1998-05-16 00:00:00",1998,2,5,16,1,"1900-01-01 00:00:00","2199-12-31 23:59:59"
687,"1998-05-17 00:00:00",1998,2,5,17,1,"1900-01-01 00:00:00","2199-12-31 23:59:59"
688,"1998-05-18 00:00:00",1998,2,5,18,1,"1900-01-01 00:00:00","2199-12-31 23:59:59"
689,"1998-05-19 00:00:00",1998,2,5,19,1,"1900-01-01 00:00:00","2199-12-31 23:59:59"
690,"1998-05-20 00:00:00",1998,2,5,20,1,"1900-01-01 00:00:00","2199-12-31 23:59:59"
691,"1998-05-21 00:00:00",1998,2,5,21,1,"1900-01-01 00:00:00","2199-12-31 23:59:59"
692,"1998-05-22 00:00:00",1998,2,5,22,1,"1900-01-01 00:00:00","2199-12-31 23:59:59"
693,"1998-05-23 00:00:00",1998,2,5,23,1,"1900-01-01 00:00:00","2199-12-31 23:59:59"
694,"1998-05-24 00:00:00",1998,2,5,24,1,"1900-01-01 00:00:00","2199-12-31 23:59:59"
695,"1998-05-25 00:00:00",1998,2,5,25,1,"1900-01-01 00:00:00","2199-12-31 23:59:59"
696,"1998-05-26 00:00:00",1998,2,5,26,1,"1900-01-01 00:00:00","2199-12-31 23:59:59"
697,"1998-05-27 00:00:00",1998,2,5,27,1,"1900-01-01 00:00:00","2199-12-31 23:59:59"
698,"1998-05-28 00:00:00",1998,2,5,28,1,"1900-01-01 00:00:00","2199-12-31 23:59:59"
699,"1998-05-29 00:00:00",1998,2,5,29,1,"1900-01-01 00:00:00","2199-12-31 23:59:59"
700,"1998-05-30 00:00:00",1998,2,5,30,1,"1900-01-01 00:00:00","2199-12-31 23:59:59"
701,"1998-05-31 00:00:00",1998,2,5,31,1,"1900-01-01 00:00:00","2199-12-31 23:59:59"
702,"1998-06-01 00:00:00",1998,2,6,1,1,"1900-01-01 00:00:00","2199-12-31 23:59:59"
703,,,,,,1,,
704,,,,,,1,,
