"sales_sk","location_id","date_id","customer_id","product_id","revenue","quantity"
1,1,5,85,39,168,12
2,1,5,85,51,100,10
3,1,5,85,48,175,5
4,2,6,79,63,171,9
5,2,6,79,65,1680,40
6,3,9,34,74,80,10
7,3,9,34,65,1470,35
8,3,9,34,23,255,15
9,4,9,84,49,102,6
10,4,9,84,54,240,15
11,4,9,84,23,340,20
12,5,10,76,28,2600,40
13,5,10,76,43,50,25
14,5,10,76,45,1080,40
15,3,11,34,41,200,20
16,3,11,34,8,588,42
17,3,11,34,35,640,40
18,6,12,14,4,60,15
19,6,12,14,61,399,21
20,6,12,14,66,168,21
21,7,13,68,3,300,20
22,7,13,68,26,490,35
23,7,13,68,71,375,25
24,7,13,68,44,1320,30
25,8,16,88,59,390,15
26,8,16,88,25,120,12
27,9,17,35,32,875,25
28,9,17,35,8,84,6
29,9,17,35,25,150,15
30,10,18,20,3,750,50
31,10,18,20,16,1105,65
32,10,18,20,42,156,6
33,11,19,13,29,80,10
34,11,19,13,72,21,1
35,12,20,56,74,128,16
36,12,20,56,54,800,50
37,12,20,56,37,585,15
38,12,20,56,11,252,21
39,3,20,61,29,160,20
40,3,20,61,6,280,20
41,13,23,65,16,204,12
42,13,23,65,62,360,15
43,13,23,65,53,60,2
44,10,24,20,26,840,60
45,10,24,20,4,112,28
46,10,24,20,70,1260,60
47,10,24,20,66,288,36
48,14,25,24,3,525,35
49,14,25,24,74,200,25
50,15,26,7,57,930,30
51,15,26,7,11,240,20
52,16,27,87,40,360,12
53,17,30,25,73,750,50
54,17,30,25,44,3080,70
55,17,30,25,13,210,15
56,18,31,33,58,990,10
57,18,31,33,48,112,4
58,19,32,89,43,120,60
59,19,32,89,48,560,20
60,16,33,87,71,450,30
61,16,33,87,9,925,25
62,20,33,75,43,48,24
63,13,34,65,28,390,6
64,13,34,65,41,400,40
65,13,34,65,48,672,24
66,21,37,63,67,600,24
67,21,37,63,41,150,15
68,21,37,63,43,40,20
69,21,37,63,73,900,60
70,21,37,63,13,462,33
71,1,38,85,47,340,20
72,1,38,85,48,196,7
73,22,39,49,4,48,12
74,22,39,49,44,264,6
75,11,40,80,67,375,15
76,11,40,80,68,50,10
77,23,41,52,64,720,20
78,23,41,52,37,468,12
79,24,44,5,20,256,16
80,24,44,5,44,660,15
81,24,44,5,22,280,8
82,24,44,5,78,300,25
83,25,45,44,57,465,15
84,24,46,5,4,48,12
85,24,46,5,61,380,20
86,24,46,5,12,180,30
87,26,46,69,27,7,1
88,26,46,69,4,24,6
89,26,46,69,6,56,4
90,26,47,69,70,126,6
91,26,47,69,54,32,2
92,27,48,46,19,240,20
93,27,48,46,27,126,18
94,27,48,46,45,945,35
95,27,48,46,48,84,3
96,25,51,44,32,525,15
97,25,51,44,20,336,21
98,25,51,44,45,540,20
99,25,51,44,10,55,5
100,21,52,63,2,630,45
101,21,52,63,73,600,40
102,21,52,63,59,936,36
103,21,53,63,6,1400,100
104,21,53,63,37,1560,40
105,3,54,67,26,560,40
106,3,54,67,5,220,20
107,3,54,67,76,150,15
108,28,55,66,60,60,10
109,28,55,66,38,30,3
110,29,58,11,14,240,30
111,29,58,11,55,243,9
112,30,59,15,16,340,20
113,30,59,15,58,1485,15
114,30,59,15,35,240,15
115,30,59,15,25,100,10
116,3,59,61,68,100,20
117,3,59,61,20,384,24
118,3,59,61,65,84,2
119,30,60,81,28,1300,20
120,11,61,80,69,600,12
121,11,61,80,4,40,10
122,11,61,80,22,175,5
123,11,61,80,12,36,6
124,13,62,65,2,252,18
125,13,62,65,57,465,15
126,13,62,65,9,555,15
127,13,62,65,45,567,21
128,13,62,65,12,36,6
129,1,65,85,53,120,4
130,27,66,46,39,204,12
131,27,66,46,26,420,30
132,27,66,46,46,435,15
133,15,67,7,8,840,60
134,15,67,7,48,560,20
135,31,68,37,3,600,40
136,31,68,37,71,600,40
137,31,68,37,44,1320,30
138,31,68,37,37,585,15
139,3,69,67,27,105,15
140,3,69,67,11,240,20
141,22,72,49,24,420,30
142,22,72,49,38,200,20
143,32,72,86,73,150,10
144,32,72,86,53,600,20
145,5,73,76,57,1240,40
146,5,73,76,64,1008,28
147,5,73,76,9,444,12
148,33,74,30,73,600,40
149,33,74,30,23,510,30
150,33,74,30,38,150,15
151,11,75,80,35,480,30
152,11,75,80,44,440,10
153,11,75,80,47,34,2
154,34,76,55,69,1250,25
155,34,76,55,58,2475,25
156,34,76,55,8,420,30
157,26,79,69,70,210,10
158,26,79,69,59,260,10
159,26,79,69,60,30,5
160,35,80,48,37,390,10
161,35,80,48,38,30,3
162,11,81,2,46,29,1
163,11,81,2,11,60,5
164,31,82,37,15,360,20
165,31,82,37,17,600,30
166,31,82,37,51,22,2
167,31,82,37,9,740,20
168,31,82,37,47,51,3
169,35,83,77,26,140,10
170,35,83,77,37,195,5
171,36,83,18,51,66,6
172,36,83,18,46,203,7
173,32,86,86,64,144,4
174,32,86,86,9,888,24
175,32,86,86,59,520,20
176,32,86,86,12,60,10
177,21,87,63,71,180,12
178,13,88,65,42,1040,40
179,13,88,65,77,330,30
180,13,88,65,37,975,25
181,37,89,38,5,154,14
182,37,89,38,11,360,30
183,13,90,65,74,80,10
184,13,90,65,37,2730,70
185,35,93,48,2,280,20
186,37,94,38,74,160,20
187,37,94,38,13,84,6
188,11,95,80,57,248,8
189,11,95,80,64,504,14
190,11,95,80,13,420,30
191,16,96,87,47,510,30
192,37,96,38,6,140,10
193,11,97,58,52,120,20
194,38,100,39,19,60,5
195,38,100,39,30,44,4
196,38,100,39,8,56,4
197,39,101,71,26,294,21
198,39,101,71,6,980,70
199,39,101,71,76,300,30
200,39,101,71,44,1760,40
201,39,101,71,22,2800,80
202,38,102,39,17,120,6
203,38,102,39,68,60,12
204,38,102,39,63,171,9
205,38,102,39,41,40,4
206,38,102,39,48,1120,40
207,26,103,8,15,432,24
208,26,103,8,54,256,16
209,26,103,8,12,300,50
210,14,104,24,3,375,25
211,14,104,24,39,850,50
212,14,104,24,70,735,35
213,14,104,24,77,330,30
214,40,107,28,44,396,9
215,40,107,28,23,680,40
216,40,107,28,38,100,10
217,20,108,75,27,70,10
218,20,108,75,70,168,8
219,20,108,75,7,4220,20
220,20,108,75,53,360,12
221,27,109,46,31,1250,50
222,27,109,46,48,700,25
223,41,109,9,60,90,15
224,42,110,51,69,2000,40
225,42,110,51,51,110,10
226,42,110,51,33,128,16
227,16,111,87,63,190,10
228,16,111,87,29,80,10
229,16,111,87,47,680,40
230,4,114,84,52,48,8
231,4,114,84,38,100,10
232,31,115,37,3,105,7
233,31,115,37,41,250,25
234,31,115,37,42,156,6
235,31,115,37,65,2016,48
236,40,116,60,15,324,18
237,17,117,25,50,280,40
238,17,117,25,31,600,24
239,17,117,25,71,300,20
240,17,117,25,72,588,28
241,17,117,25,48,700,25
242,34,118,55,57,620,20
243,34,118,55,70,315,15
244,42,121,51,15,180,10
245,42,121,51,57,2170,70
246,42,121,51,37,1092,28
247,41,122,9,69,1000,20
248,41,122,9,74,96,12
249,41,122,9,9,1480,40
250,43,122,73,43,16,8
251,43,122,73,44,396,9
252,17,123,25,3,360,24
253,17,123,25,41,560,56
254,17,123,25,71,600,40
255,17,123,25,61,760,40
256,25,124,44,55,1350,50
257,25,124,44,38,40,4
258,25,124,44,13,210,15
259,19,125,89,15,630,35
260,19,125,89,18,2240,70
261,21,128,63,18,2240,70
262,21,128,63,27,560,80
263,21,128,63,51,99,9
264,13,129,65,57,1116,36
265,13,129,65,53,600,20
266,30,130,21,30,110,10
267,30,130,21,8,700,50
268,30,130,21,73,60,4
269,30,130,21,12,36,6
270,32,131,86,2,210,15
271,32,131,86,50,175,25
272,20,132,75,60,144,24
273,44,135,41,36,195,15
274,44,135,41,46,522,18
275,10,135,20,7,4220,20
276,10,135,20,74,104,13
277,10,135,20,20,1232,77
278,10,135,20,23,170,10
279,40,136,28,4,40,10
280,40,136,28,60,120,20
281,45,137,59,39,204,12
282,45,137,59,7,10550,50
283,11,138,58,2,168,12
284,11,138,58,58,396,4
285,46,139,4,4,100,25
286,46,139,4,54,400,25
287,32,142,86,41,300,30
288,32,142,86,61,228,12
289,32,142,86,46,580,20
290,27,143,46,67,750,30
291,27,143,46,31,400,16
292,27,143,46,45,216,8
293,44,144,41,4,40,10
294,44,144,41,5,110,10
295,44,144,41,71,300,20
296,29,145,72,26,784,56
297,29,145,72,41,700,70
298,29,145,72,45,2160,80
299,15,146,7,64,1080,30
300,15,146,7,58,3465,35
301,15,146,7,7,2110,10
302,15,146,7,35,560,35
303,15,146,7,60,168,28
304,21,146,63,8,756,54
305,21,146,63,45,1485,55
306,41,149,9,30,550,50
307,41,149,9,65,840,20
308,41,149,9,60,144,24
309,47,150,17,41,200,20
310,47,150,17,12,72,12
311,47,150,17,13,168,12
312,29,150,19,46,870,30
313,29,150,19,47,85,5
314,11,151,3,39,408,24
315,48,152,29,23,85,5
316,48,152,29,25,50,5
317,49,152,83,5,396,36
318,49,152,83,60,108,18
319,49,152,83,23,255,15
320,49,152,83,25,70,7
321,10,153,20,29,40,5
322,10,153,20,64,468,13
323,10,153,20,54,400,25
324,10,153,20,55,945,35
325,20,156,75,58,1980,20
326,20,156,75,53,540,18
327,6,157,14,2,210,15
328,6,157,14,55,810,30
329,6,157,14,66,160,20
330,44,157,41,71,90,6
331,30,158,62,28,780,12
332,30,158,62,7,8440,40
333,30,158,62,45,1890,70
334,30,158,62,48,1176,42
335,31,159,37,77,880,80
336,31,159,37,47,850,50
337,50,159,91,41,300,30
338,50,159,91,77,165,15
339,51,160,36,63,285,15
340,51,160,36,60,60,10
341,42,163,51,41,420,42
342,29,163,72,64,720,20
343,29,163,72,8,280,20
344,14,164,24,47,102,6
345,3,165,61,74,64,8
346,3,165,61,22,560,16
347,3,165,61,23,340,20
348,31,166,37,70,378,18
349,31,166,37,59,520,20
350,31,166,37,45,162,6
351,31,166,37,11,360,30
352,27,166,46,66,112,14
353,10,167,20,16,544,32
354,10,167,20,69,450,9
355,10,167,20,58,1386,14
356,10,167,20,43,120,60
357,10,167,20,66,400,50
358,46,170,4,68,100,20
359,46,170,4,36,195,15
360,46,170,4,53,600,20
361,24,170,5,28,1820,28
362,24,170,5,45,405,15
363,20,171,75,62,240,10
364,20,171,75,45,540,20
365,20,171,75,38,80,8
366,30,172,21,4,60,15
367,30,172,21,5,110,10
368,52,172,70,4,60,15
369,52,172,70,64,216,6
370,52,172,70,44,528,12
371,52,172,70,47,255,15
372,29,173,72,75,120,15
373,29,173,72,52,120,20
374,29,173,72,59,1040,40
375,53,174,10,67,400,16
376,53,174,10,61,285,15
377,53,174,10,37,780,20
378,53,174,10,11,360,30
379,10,177,20,41,600,60
380,10,177,20,6,560,40
381,10,177,20,76,450,45
382,10,177,20,48,672,24
383,47,177,17,68,90,18
384,45,178,59,46,1450,50
385,39,179,71,3,375,25
386,39,179,71,63,798,42
387,39,179,71,30,77,7
388,39,179,71,31,1750,70
389,39,179,71,41,320,32
390,51,179,36,68,50,10
391,51,179,36,37,390,10
392,9,180,35,76,280,28
393,9,180,35,59,1820,70
394,9,180,35,46,232,8
395,17,181,25,50,280,40
396,17,181,25,47,1020,60
397,17,181,25,48,588,21
398,40,181,60,29,80,10
399,40,181,60,65,756,18
400,39,184,71,6,420,30
401,39,184,71,61,2280,120
402,49,185,83,38,600,60
403,49,185,83,47,510,30
404,49,185,83,13,490,35
405,49,185,83,25,140,14
406,29,186,19,58,2079,21
407,29,186,19,6,490,35
408,29,186,19,35,480,30
409,13,186,65,70,378,18
410,13,186,65,53,2100,70
411,13,186,65,23,340,20
412,13,186,65,47,1020,60
413,10,187,20,50,420,60
414,10,187,20,22,2275,65
415,10,188,20,26,294,21
416,10,188,20,34,700,70
417,22,188,49,31,750,30
418,22,188,49,51,440,40
419,22,188,49,35,480,30
420,54,191,47,14,400,50
421,30,192,62,2,140,10
422,30,192,62,29,240,30
423,30,192,62,64,1512,42
424,30,192,62,71,75,5
425,30,192,62,73,30,2
426,12,192,56,39,510,30
427,12,192,56,46,435,15
428,12,192,56,47,255,15
429,55,193,23,72,210,10
430,55,193,23,60,36,6
431,55,193,23,37,1365,35
432,56,194,54,63,228,12
433,56,194,54,29,96,12
434,53,195,10,43,98,49
435,53,195,10,44,704,16
436,53,195,10,74,200,25
437,53,195,10,20,640,40
438,53,195,10,44,396,9
439,16,198,87,63,380,20
440,44,199,41,2,336,24
441,44,199,41,37,1560,40
442,44,199,41,13,196,14
443,30,199,21,27,126,18
444,30,199,21,43,100,50
445,51,200,36,57,62,2
446,51,200,36,43,40,20
447,16,201,87,27,140,20
448,16,201,87,59,260,10
449,16,201,87,54,320,20
450,43,201,73,7,10550,50
451,43,201,73,76,20,2
452,43,201,73,38,360,36
453,43,201,73,25,350,35
454,21,202,63,3,900,60
455,21,202,63,33,440,55
456,21,202,63,21,368,16
457,21,202,63,66,120,15
458,7,205,68,45,1620,60
459,7,205,68,46,580,20
460,8,206,88,56,1560,20
461,8,206,88,68,10,2
462,8,206,88,11,96,8
463,8,206,88,78,240,20
464,3,206,61,27,28,4
465,3,206,61,31,750,30
466,3,206,61,59,390,15
467,3,206,61,25,100,10
468,57,207,27,31,50,2
469,58,208,31,41,140,14
470,58,208,31,44,880,20
471,42,208,51,6,840,60
472,42,208,51,7,10339,49
473,42,208,51,38,300,30
474,44,209,41,61,190,10
475,44,209,41,13,280,20
476,48,212,29,53,150,5
477,48,212,29,55,189,7
478,45,212,59,63,665,35
479,28,213,66,76,200,20
480,31,214,37,36,520,40
481,31,214,37,22,1225,35
482,10,215,20,57,1395,45
483,10,215,20,29,400,50
484,10,215,20,53,900,30
485,10,215,20,44,3080,70
486,53,215,10,57,1550,50
487,53,215,10,73,750,50
488,53,215,10,33,240,30
489,20,216,75,31,250,10
490,20,216,75,60,240,40
491,40,219,60,53,840,28
492,14,219,24,39,102,6
493,14,219,24,13,252,18
494,29,220,16,3,150,10
495,29,220,16,49,204,12
496,29,220,16,48,280,10
497,15,221,7,76,50,5
498,15,221,7,53,1200,40
499,15,221,7,55,810,30
500,15,221,7,12,144,24
501,16,221,87,59,390,15
502,2,222,79,27,105,15
503,2,222,79,5,220,20
504,2,222,79,54,240,15
505,42,223,51,40,450,15
506,42,223,51,26,224,16
507,42,223,51,55,162,6
508,42,223,51,66,240,30
509,39,226,71,3,675,45
510,39,226,71,26,686,49
511,39,226,71,58,2376,24
512,39,226,71,21,2070,90
513,34,226,55,32,1750,50
514,10,227,20,39,510,30
515,10,227,20,60,480,80
516,10,227,20,24,840,60
517,28,228,66,39,102,6
518,28,228,66,64,432,12
519,24,228,5,57,310,10
520,24,228,5,31,375,15
521,24,228,5,6,112,8
522,24,228,5,74,240,30
523,24,229,5,8,84,6
524,24,229,5,60,90,15
525,2,230,79,27,84,12
526,2,230,79,4,80,20
527,2,230,79,41,30,3
528,2,230,79,52,90,15
529,3,230,67,27,280,40
530,3,230,67,23,595,35
531,3,230,67,47,34,2
532,56,233,64,31,150,6
533,56,233,64,73,300,20
534,15,234,7,67,350,14
535,15,234,7,52,120,20
536,15,234,7,37,1365,35
537,4,235,84,67,500,20
538,4,235,84,60,36,6
539,21,235,63,61,2280,120
540,21,235,63,55,945,35
541,21,235,63,23,476,28
542,21,235,63,25,550,55
543,39,236,71,64,540,15
544,39,236,71,20,1600,100
545,46,237,4,34,150,15
546,46,237,4,11,300,25
547,44,237,41,26,280,20
548,44,237,41,43,40,20
549,44,237,41,76,100,10
550,16,240,87,8,280,20
551,16,240,87,59,1300,50
552,16,240,87,21,575,25
553,16,240,87,47,510,30
554,38,241,39,29,320,40
555,38,241,39,35,336,21
556,38,241,39,44,1584,36
557,5,242,76,31,750,30
558,5,242,76,64,1080,30
559,5,242,76,9,740,20
560,5,242,76,53,450,15
561,5,242,76,47,850,50
562,4,243,84,62,384,16
563,4,243,84,76,200,20
564,4,243,84,48,1120,40
565,14,244,24,38,210,21
566,14,244,24,12,24,4
567,27,244,46,29,320,40
568,27,244,46,70,588,28
569,27,244,46,61,1140,60
570,29,247,16,68,5,1
571,29,247,16,50,147,21
572,5,248,76,27,147,21
573,5,248,76,51,550,50
574,40,248,28,15,288,16
575,40,248,28,9,111,3
576,40,248,28,53,900,30
577,40,248,28,45,540,20
578,49,249,83,4,100,25
579,49,249,83,58,1782,18
580,49,249,83,73,300,20
581,49,249,83,75,240,30
582,49,249,83,36,325,25
583,30,250,15,39,170,10
584,30,250,15,76,50,5
585,22,250,49,4,112,28
586,22,250,49,30,132,12
587,38,251,39,70,168,8
588,38,251,39,9,555,15
589,19,254,89,3,600,40
590,19,254,89,26,490,35
591,19,254,89,20,32,2
592,41,255,9,69,1500,30
593,41,255,9,50,105,15
594,41,255,9,55,216,8
595,29,255,11,62,720,30
596,29,255,11,53,600,20
597,29,256,72,4,320,80
598,29,256,72,65,756,18
599,37,257,38,43,24,12
600,37,257,38,47,204,12
601,11,257,58,63,228,12
602,11,257,58,64,648,18
603,11,257,58,73,315,21
604,11,257,58,12,60,10
605,5,258,76,41,350,35
606,5,258,76,24,840,60
607,5,258,76,13,588,42
608,9,261,35,61,38,2
609,9,261,35,11,144,12
610,40,261,60,2,210,15
611,40,261,60,29,168,21
612,40,261,60,8,280,20
613,4,262,84,67,500,20
614,13,263,65,7,6330,30
615,13,263,65,59,728,28
616,13,263,65,44,2640,60
617,13,263,65,55,810,30
618,55,264,23,33,240,30
619,55,264,23,44,528,12
620,3,264,67,35,384,24
621,3,264,67,45,1080,40
622,59,265,43,73,150,10
623,19,268,89,5,385,35
624,19,268,89,25,300,30
625,29,268,11,29,112,14
626,29,268,11,73,150,10
627,29,268,11,65,126,3
628,54,269,47,3,300,20
629,54,269,47,14,160,20
630,54,269,47,61,570,30
631,54,269,47,11,720,60
632,9,270,35,39,85,5
633,9,270,35,65,1050,25
634,9,270,35,66,128,16
635,30,270,62,27,35,5
636,30,270,62,31,750,30
637,30,270,62,60,144,24
638,17,271,25,44,1320,30
639,17,271,25,78,240,20
640,45,272,59,39,255,15
641,45,272,59,26,252,18
642,9,275,35,44,2640,60
643,9,275,35,38,300,30
644,9,275,35,12,216,36
645,40,275,28,20,240,15
646,40,275,28,25,70,7
647,53,276,10,30,660,60
648,53,276,10,51,220,20
649,44,277,41,23,255,15
650,44,277,41,24,140,10
651,44,277,41,46,290,10
652,30,277,15,53,900,30
653,60,278,42,50,70,10
654,60,278,42,74,160,20
655,60,278,42,25,50,5
656,30,279,81,41,200,20
657,25,279,44,53,420,14
658,25,279,44,48,700,25
659,25,279,44,25,250,25
660,9,282,35,4,70,14
661,9,282,35,73,90,5
662,9,282,35,51,420,30
663,27,283,46,64,920,20
664,27,283,46,35,500,25
665,44,284,41,19,192,12
666,44,284,41,64,368,8
667,61,284,6,60,140,20
668,11,285,58,75,210,21
669,11,285,58,59,198,6
670,11,285,58,10,420,30
671,31,286,37,63,1610,70
672,31,286,37,23,420,20
673,19,286,89,3,228,12
674,19,286,89,29,120,12
675,19,286,89,59,330,10
676,19,286,89,21,725,25
677,42,289,51,37,147,3
678,38,290,39,30,252,18
679,38,290,39,11,210,14
680,11,290,3,9,690,15
681,11,290,3,34,195,15
682,12,291,56,68,60,10
683,12,291,56,8,180,10
684,61,292,6,64,138,3
685,39,293,71,58,4464,36
686,39,293,71,12,288,36
687,41,293,9,15,1100,50
688,41,293,9,62,1500,50
689,41,293,9,18,400,10
690,30,296,21,4,50,10
691,30,296,21,76,108,9
692,30,296,21,33,60,6
693,30,296,21,45,408,12
694,32,297,86,29,400,40
695,32,297,86,42,1600,50
696,32,297,86,21,435,15
697,10,297,20,28,3159,39
698,10,297,20,64,1610,35
699,10,297,20,53,2660,70
700,10,297,20,23,819,39
701,10,297,20,12,400,50
702,21,298,63,56,1552,16
703,21,298,63,26,850,50
704,21,298,63,32,5280,120
705,21,298,63,43,48,16
706,21,298,63,45,2856,84
707,31,299,37,69,1575,25
708,31,299,37,74,800,80
709,31,299,37,51,280,20
710,29,299,53,52,42,6
711,29,299,53,44,220,4
712,29,299,53,11,90,6
713,11,300,80,4,25,5
714,11,300,80,7,3960,15
715,11,300,80,20,171,9
716,6,303,14,67,496,16
717,6,303,14,53,1520,40
718,6,303,14,45,340,10
719,52,304,70,4,40,8
720,52,304,70,59,165,5
721,56,304,12,6,54,3
722,56,304,12,74,100,10
723,56,304,12,38,78,6
724,25,305,44,2,720,40
725,25,305,44,18,960,24
726,25,305,44,70,520,20
727,25,305,44,73,450,25
728,29,306,72,57,975,25
729,29,306,72,28,1215,15
730,29,306,72,72,468,18
731,29,306,72,74,60,6
732,24,306,5,67,62,2
733,24,306,5,70,260,10
734,24,306,5,9,2760,60
735,24,306,5,60,105,15
736,41,307,9,71,570,30
737,41,307,9,73,270,15
738,16,310,87,2,144,8
739,16,310,87,68,60,10
740,16,310,87,53,1140,30
741,21,310,63,15,1100,50
742,21,310,63,71,570,30
743,62,311,32,39,63,3
744,62,311,32,43,24,8
745,62,311,32,48,315,9
746,63,312,50,61,336,14
747,63,312,50,38,260,20
748,63,312,50,46,360,10
749,45,313,59,57,1560,40
750,45,313,59,9,1150,25
751,45,313,59,21,580,20
752,45,313,59,13,900,50
753,56,313,54,44,110,2
754,29,314,19,70,390,15
755,29,314,19,24,408,24
756,14,317,24,15,1100,50
757,14,317,24,48,840,24
758,14,317,24,78,360,24
759,25,317,44,70,260,10
760,25,317,44,73,180,10
761,25,317,44,60,70,10
762,11,318,3,39,1050,50
763,11,318,3,73,180,10
764,11,318,3,54,100,5
765,11,318,3,44,825,15
766,25,319,44,40,570,15
767,25,319,44,41,260,20
768,25,319,44,43,90,30
769,25,319,44,45,1190,35
770,7,319,68,41,390,30
771,7,319,68,65,318,6
772,7,319,68,77,260,20
773,7,319,68,48,735,21
774,7,319,68,78,135,9
775,29,320,11,11,105,7
776,29,320,11,48,35,1
777,29,321,11,68,48,8
778,29,321,11,29,150,15
779,29,321,11,43,45,15
780,29,321,11,35,120,6
781,21,324,63,14,600,60
782,21,324,63,31,1240,40
783,21,324,63,7,7920,30
784,21,324,63,38,455,35
785,3,324,34,4,175,35
786,3,324,34,7,1056,4
787,3,324,34,23,756,36
788,3,324,34,47,198,9
789,38,325,39,39,315,15
790,38,325,39,60,168,24
791,27,326,46,40,1140,30
792,27,326,46,50,630,70
793,35,326,48,64,322,7
794,35,326,48,10,98,7
795,59,327,43,39,210,10
796,4,328,84,62,300,10
797,4,328,84,6,540,30
798,4,328,84,37,1960,40
799,29,328,72,42,768,24
800,29,328,72,71,1140,60
801,2,331,79,5,140,10
802,2,331,79,74,140,14
803,21,332,63,41,715,55
804,21,332,63,75,1000,100
805,21,332,63,65,2544,48
806,33,333,30,57,312,8
807,33,333,30,27,90,10
808,33,333,30,29,60,6
809,33,333,30,21,290,10
810,40,333,28,26,680,40
811,40,333,28,6,360,20
812,40,333,28,20,760,40
813,9,334,35,46,648,18
814,9,334,35,12,240,30
815,16,335,87,39,315,15
816,16,335,87,26,238,14
817,16,335,87,49,504,24
818,16,335,87,41,390,30
819,16,335,87,6,108,6
820,12,335,56,26,510,30
821,12,335,56,50,180,20
822,12,335,56,37,980,20
823,12,335,56,25,130,10
824,39,338,71,63,690,30
825,39,338,71,27,315,35
826,39,338,71,4,90,18
827,39,338,71,65,1060,20
828,39,338,71,53,1520,40
829,43,339,73,48,840,24
830,25,339,44,55,990,30
831,25,339,44,12,160,20
832,46,340,4,33,250,25
833,46,340,4,65,1060,20
834,46,340,4,52,210,30
835,46,340,4,59,594,18
836,46,340,4,78,45,3
837,15,341,7,74,120,12
838,15,341,7,61,432,18
839,17,342,25,70,520,20
840,17,342,25,37,735,15
841,14,342,24,20,190,10
842,14,342,24,65,2650,50
843,28,345,66,43,60,20
844,28,345,66,37,490,10
845,3,346,67,71,475,25
846,3,346,67,52,490,70
847,13,346,65,57,624,16
848,13,346,65,41,78,6
849,13,346,65,61,600,25
850,42,347,51,4,125,25
851,42,347,51,55,594,18
852,15,348,7,39,735,35
853,15,348,7,69,1134,18
854,15,348,7,13,180,10
855,31,348,37,41,780,60
856,31,348,37,65,159,3
857,31,348,37,44,2200,40
858,48,349,29,67,155,5
859,13,352,65,41,455,35
860,13,352,65,13,540,30
861,42,353,51,39,315,15
862,42,353,51,53,2280,60
863,10,353,20,63,253,11
864,10,353,20,51,392,28
865,24,354,5,26,204,12
866,24,354,5,42,320,10
867,24,354,5,73,900,50
868,24,354,5,12,120,15
869,11,355,3,57,702,18
870,11,355,3,5,560,40
871,11,355,3,59,825,25
872,64,355,82,43,42,14
873,64,355,82,73,36,2
874,64,355,82,37,490,10
875,64,355,82,55,198,6
876,23,356,52,44,660,12
877,23,356,52,22,264,6
878,23,356,52,48,1050,30
879,23,356,52,13,180,10
880,11,359,80,2,180,10
881,11,359,80,41,260,20
882,11,359,80,20,399,21
883,64,359,82,8,180,10
884,64,359,82,12,160,20
885,64,359,82,25,234,18
886,29,360,11,6,360,20
887,29,360,11,54,120,6
888,65,361,45,19,160,10
889,65,361,45,12,168,21
890,12,362,56,63,345,15
891,12,362,56,74,90,9
892,12,362,56,23,630,30
893,30,362,21,12,400,50
894,61,363,6,54,80,4
895,61,363,6,13,252,14
896,16,366,87,58,1240,10
897,16,366,87,45,816,24
898,16,366,87,46,360,10
899,15,366,7,41,650,50
900,8,367,88,33,150,15
901,28,368,66,52,28,4
902,3,368,61,31,186,6
903,3,368,61,6,360,20
904,3,368,61,25,260,20
905,21,369,63,69,2520,40
906,21,369,63,51,1400,100
907,62,370,32,6,72,4
908,42,373,51,2,360,20
909,42,373,51,25,780,60
910,49,373,83,14,140,14
911,49,373,83,62,300,10
912,49,373,83,60,350,50
913,25,374,44,19,400,25
914,25,374,44,31,155,5
915,25,375,44,28,1701,21
916,25,375,44,46,720,20
917,25,375,44,13,72,4
918,34,375,55,52,168,24
919,34,375,55,77,390,30
920,10,376,20,6,540,30
921,10,376,20,21,3480,120
922,10,376,20,46,2340,65
923,19,377,89,53,190,5
924,19,377,89,22,1056,24
925,19,377,89,12,240,30
926,45,377,59,4,175,35
927,45,377,59,54,400,20
928,45,377,59,23,252,12
929,13,380,65,32,2200,50
930,13,380,65,47,198,9
931,29,381,11,37,490,10
932,51,382,36,60,28,4
933,51,382,36,78,450,30
934,9,382,35,68,360,60
935,9,382,35,44,1925,35
936,49,383,83,25,65,5
937,39,384,71,49,1008,48
938,39,384,71,35,500,25
939,40,384,28,34,78,6
940,40,384,28,13,180,10
941,42,387,51,26,510,30
942,42,387,51,44,1100,20
943,42,387,51,45,2380,70
944,42,387,51,47,330,15
945,30,388,81,15,440,20
946,30,388,81,61,480,20
947,30,388,81,37,490,10
948,39,388,71,62,1350,45
949,39,388,71,57,3900,100
950,39,388,71,43,42,14
951,39,388,71,73,756,42
952,39,388,71,48,420,12
953,2,389,79,53,1064,28
954,36,390,18,2,54,3
955,36,390,18,67,310,10
956,36,390,18,29,60,6
957,44,391,41,71,399,21
958,50,391,91,2,108,6
959,50,391,91,3,190,10
960,50,391,91,45,510,15
961,39,394,71,67,2170,70
962,39,394,71,71,1045,55
963,39,394,71,35,360,18
964,39,394,71,45,1360,40
965,39,394,71,13,1440,80
966,9,395,35,68,48,8
967,9,395,35,12,320,40
968,61,395,6,39,294,14
969,61,395,6,29,80,8
970,61,395,6,8,90,5
971,66,396,90,61,120,5
972,62,397,32,7,3960,15
973,62,397,32,53,532,14
974,62,397,32,11,225,15
975,62,397,32,47,330,15
976,62,397,32,44,1650,30
977,42,398,51,17,1750,70
978,42,398,51,53,760,20
979,42,398,51,38,195,15
980,42,401,51,29,420,42
981,42,401,51,49,840,40
982,60,402,42,4,25,5
983,60,402,42,52,35,5
984,37,402,38,27,45,5
985,37,402,38,50,90,10
986,37,402,38,11,300,20
987,37,402,38,47,330,15
988,3,403,67,3,380,20
989,3,403,67,38,234,18
990,17,404,25,63,483,21
991,17,404,25,27,135,15
992,17,404,25,29,250,25
993,17,404,25,4,15,3
994,17,404,25,6,540,30
995,67,404,78,64,460,10
996,67,404,78,58,744,6
997,67,404,78,20,190,10
998,11,405,2,63,69,3
999,11,405,2,51,70,5
1000,11,405,2,45,340,10
1001,24,408,5,59,396,12
1002,24,408,5,45,680,20
1003,24,408,5,47,440,20
1004,39,408,71,37,735,15
1005,39,408,71,78,525,35
1006,15,409,7,2,450,25
1007,33,409,30,58,2480,20
1008,33,409,30,55,297,9
1009,38,410,39,61,288,12
1010,38,410,39,13,630,35
1011,44,411,41,12,64,8
1012,32,411,86,3,570,30
1013,32,411,86,43,60,20
1014,10,412,20,40,1368,36
1015,10,412,20,68,78,13
1016,10,412,20,31,1085,35
1017,10,412,20,37,3920,80
1018,55,412,23,62,1050,35
1019,55,412,23,69,3150,50
1020,55,412,23,65,795,15
1021,55,412,23,12,16,2
1022,22,415,49,15,220,10
1023,22,415,49,16,315,15
1024,22,415,49,49,840,40
1025,16,416,87,15,550,25
1026,16,416,87,77,78,6
1027,30,416,62,39,210,10
1028,30,416,62,36,400,25
1029,30,416,62,53,2280,60
1030,54,417,47,75,200,20
1031,54,417,47,23,441,21
1032,54,417,47,48,2100,60
1033,52,417,70,69,504,8
1034,32,418,86,46,720,20
1035,32,418,86,11,225,15
1036,9,419,35,3,950,50
1037,9,419,35,73,1080,60
1038,43,419,73,29,300,30
1039,43,419,73,21,580,20
1040,68,422,1,64,690,15
1041,68,422,1,8,378,21
1042,68,422,1,76,24,2
1043,8,422,88,69,252,4
1044,8,422,88,9,920,20
1045,8,422,88,76,252,21
1046,3,423,34,69,1260,20
1047,3,423,34,71,285,15
1048,31,424,37,2,270,15
1049,31,424,37,67,558,18
1050,31,424,37,47,660,30
1051,31,424,37,25,455,35
1052,3,424,61,27,270,30
1053,3,424,61,8,360,20
1054,3,425,67,49,315,15
1055,3,425,67,4,75,15
1056,63,425,50,64,920,20
1057,63,425,50,48,525,15
1058,30,426,21,70,780,30
1059,30,426,21,59,825,25
1060,30,426,21,60,210,30
1061,32,429,86,27,108,12
1062,32,429,86,49,420,20
1063,58,429,31,70,52,2
1064,58,429,31,51,280,20
1065,17,430,25,26,510,30
1066,17,430,25,45,680,20
1067,24,430,5,15,264,12
1068,24,430,5,8,360,20
1069,24,430,5,60,42,6
1070,28,431,66,74,200,20
1071,62,432,32,63,69,3
1072,62,432,32,20,532,28
1073,62,432,32,33,60,6
1074,39,432,71,19,800,50
1075,39,432,71,74,240,24
1076,39,432,71,76,540,45
1077,39,432,71,33,100,10
1078,39,432,71,53,1710,45
1079,39,432,71,45,1020,30
1080,21,433,63,29,600,60
1081,21,433,63,73,1260,70
1082,21,433,63,45,1870,55
1083,21,433,63,25,910,70
1084,30,433,62,41,260,20
1085,30,433,62,73,432,24
1086,30,433,62,11,600,40
1087,51,436,36,28,1701,21
1088,31,437,37,8,54,3
1089,31,437,37,77,637,49
1090,35,437,48,38,130,10
1091,41,438,9,73,540,30
1092,41,438,9,51,420,30
1093,41,438,9,65,1060,20
1094,40,438,28,67,744,24
1095,40,438,28,53,456,12
1096,40,438,28,23,315,15
1097,35,439,48,65,1060,20
1098,35,439,48,44,55,1
1099,35,439,48,13,180,10
1100,7,440,68,58,4464,36
1101,7,440,68,23,210,10
1102,10,440,20,46,1620,45
1103,10,440,20,47,308,14
1104,32,443,86,41,104,8
1105,32,443,86,61,96,4
1106,32,443,86,55,495,15
1107,43,443,73,71,570,30
1108,17,444,25,50,288,32
1109,17,444,25,76,720,60
1110,17,444,25,10,350,25
1111,17,444,25,78,750,50
1112,17,444,25,12,200,25
1113,36,445,26,26,170,10
1114,36,445,26,37,490,10
1115,36,445,26,23,252,12
1116,24,445,5,7,3960,15
1117,24,445,5,47,264,12
1118,66,446,90,26,51,3
1119,66,446,90,51,84,6
1120,66,446,90,9,276,6
1121,37,446,38,50,45,5
1122,17,447,25,63,690,30
1123,17,447,25,59,330,10
1124,17,447,25,77,390,30
1125,11,450,80,67,62,2
1126,11,450,80,27,63,7
1127,11,450,80,20,399,21
1128,11,450,3,31,930,30
1129,11,450,3,43,24,8
1130,39,451,71,40,3800,100
1131,39,451,71,43,90,30
1132,39,451,71,74,1200,120
1133,39,451,71,60,210,30
1134,15,451,7,44,660,12
1135,34,452,55,26,850,50
1136,34,452,55,41,260,20
1137,34,452,55,51,560,40
1138,62,453,32,27,270,30
1139,62,453,32,29,120,12
1140,62,453,32,55,924,28
1141,11,453,3,43,90,30
1142,11,453,3,24,68,4
1143,11,453,3,12,240,30
1144,36,454,18,52,63,9
1145,12,454,56,73,360,20
1146,12,454,56,33,400,40
1147,12,454,56,45,1020,30
1148,58,457,31,67,620,20
1149,58,457,31,74,40,4
1150,58,457,31,33,150,15
1151,45,458,59,57,1170,30
1152,45,458,59,31,465,15
1153,31,458,37,56,4850,50
1154,31,458,37,58,1240,10
1155,31,458,37,71,114,6
1156,49,459,83,67,558,18
1157,49,459,83,64,2760,60
1158,49,459,83,5,196,14
1159,24,459,5,2,630,35
1160,3,460,34,53,760,20
1161,3,460,34,25,390,30
1162,21,461,63,2,540,30
1163,21,461,63,58,4960,40
1164,21,461,63,9,1840,40
1165,21,461,63,20,456,24
1166,21,461,63,37,2352,48
1167,68,461,1,22,880,20
1168,19,464,89,56,582,6
1169,19,464,89,60,420,60
1170,19,464,89,46,1080,30
1171,19,464,89,78,225,15
1172,21,464,63,62,2700,90
1173,21,464,63,44,1375,25
1174,21,464,63,11,750,50
1175,66,465,90,18,400,10
1176,66,465,90,40,152,4
1177,66,465,90,4,100,20
1178,19,466,89,57,780,20
1179,19,466,89,76,216,18
1180,54,466,47,27,63,7
1181,54,466,47,6,162,9
1182,54,466,47,77,390,30
1183,54,466,47,11,450,30
1184,10,467,20,39,315,15
1185,10,467,20,57,312,8
1186,10,467,20,58,1488,12
1187,10,467,20,23,1365,65
1188,10,467,20,11,120,8
1189,23,467,52,33,120,12
1190,39,468,71,2,90,5
1191,39,468,71,5,168,12
1192,39,468,71,38,520,40
1193,39,468,71,47,1320,60
1194,31,471,37,44,2310,42
1195,31,471,37,47,440,20
1196,31,471,37,13,630,35
1197,68,471,1,14,60,6
1198,68,471,1,13,270,15
1199,14,472,24,3,95,5
1200,14,472,24,44,1925,35
1201,14,472,24,78,525,35
1202,30,472,62,15,132,6
1203,30,472,62,4,175,35
1204,30,472,62,34,312,24
1205,9,473,35,41,260,20
1206,9,473,35,42,128,4
1207,34,474,55,26,340,20
1208,34,474,55,9,1104,24
1209,34,474,55,44,440,8
1210,46,474,4,61,504,21
1211,46,474,4,54,800,40
1212,46,474,4,11,420,28
1213,35,475,77,16,84,4
1214,35,475,77,71,95,5
1215,58,475,31,18,1600,40
1216,58,475,31,65,1484,28
1217,58,475,31,45,340,10
1218,57,478,27,27,45,5
1219,57,478,27,33,50,5
1220,39,479,71,27,108,12
1221,39,479,71,74,420,42
1222,39,479,71,59,3960,120
1223,31,479,37,59,99,3
1224,31,479,37,53,1140,30
1225,39,480,71,67,558,18
1226,39,480,71,31,930,30
1227,39,480,71,75,1100,110
1228,39,480,71,76,288,24
1229,39,480,71,3,570,30
1230,39,480,71,57,1053,27
1231,39,480,71,33,500,50
1232,39,480,71,53,684,18
1233,39,480,71,77,156,12
1234,41,481,9,67,651,21
1235,41,481,9,47,660,30
1236,56,482,64,29,50,5
1237,56,482,64,65,371,7
1238,56,482,64,21,290,10
1239,17,482,25,29,320,32
1240,17,482,25,60,105,15
1241,17,482,25,46,900,25
1242,38,485,39,40,1368,36
1243,38,485,39,26,340,20
1244,38,485,39,71,760,40
1245,38,485,39,37,980,20
1246,65,485,45,69,756,12
1247,65,485,45,70,78,3
1248,65,485,45,60,280,40
1249,3,486,61,6,378,21
1250,3,486,61,47,176,8
1251,21,487,63,20,950,50
1252,39,487,71,3,57,3
1253,39,487,71,41,650,50
1254,39,487,71,38,585,45
1255,39,487,71,12,336,42
1256,19,488,89,31,465,15
1257,42,488,51,67,496,16
1258,42,488,51,21,145,5
1259,30,489,21,74,120,12
1260,30,489,21,52,28,4
1261,30,489,21,61,144,6
1262,29,492,19,15,550,25
1263,29,492,19,39,105,5
1264,28,492,66,57,780,20
1265,28,492,66,53,380,10
1266,28,492,66,44,550,10
1267,30,493,62,70,390,15
1268,30,493,62,73,108,6
1269,30,493,62,61,288,12
1270,30,493,62,45,510,15
1271,54,493,47,2,900,50
1272,54,493,47,29,300,30
1273,54,493,47,36,640,40
1274,41,494,9,26,255,15
1275,41,494,9,41,39,3
1276,41,494,9,23,210,10
1277,6,495,14,29,400,40
1278,6,495,14,65,1590,30
1279,41,495,9,13,360,20
1280,24,496,5,63,368,16
1281,24,496,5,64,920,20
1282,24,496,5,52,175,25
1283,58,496,31,17,750,30
1284,58,496,31,70,390,15
1285,58,496,31,13,360,20
1286,65,499,45,21,580,20
1287,65,499,45,25,26,2
1288,31,500,37,23,840,40
1289,31,500,37,12,160,20
1290,1,500,85,68,24,4
1291,1,500,85,74,120,12
1292,69,501,74,26,51,3
1293,1,501,85,71,114,6
1294,1,501,85,52,126,18
1295,19,502,89,64,230,5
1296,19,502,89,6,630,35
1297,19,502,89,75,400,40
1298,19,502,89,53,532,14
1299,46,503,4,3,285,15
1300,53,503,10,14,200,20
1301,53,503,10,45,1700,50
1302,53,503,10,48,1225,35
1303,46,506,4,76,336,28
1304,49,506,83,73,900,50
1305,21,507,63,69,1512,24
1306,21,507,63,20,304,16
1307,21,507,63,44,2475,45
1308,21,507,63,48,245,7
1309,6,508,14,68,36,6
1310,6,508,14,51,392,28
1311,6,508,14,37,441,9
1312,6,508,14,46,1440,40
1313,45,508,59,41,104,8
1314,45,508,59,74,350,35
1315,45,508,59,22,396,9
1316,45,508,59,46,1080,30
1317,39,509,71,50,396,44
1318,39,509,71,73,720,40
1319,39,509,71,53,1064,28
1320,37,509,38,53,570,15
1321,37,509,38,44,330,6
1322,37,509,38,13,180,10
1323,16,510,87,63,115,5
1324,16,510,87,75,400,40
1325,16,510,87,44,1375,25
1326,7,513,68,31,372,12
1327,7,513,68,70,780,30
1328,7,513,68,36,320,20
1329,7,513,68,78,225,15
1330,29,513,53,2,144,8
1331,29,513,53,46,108,3
1332,57,514,27,75,40,4
1333,57,514,27,66,50,5
1334,22,514,49,73,54,3
1335,41,515,9,33,300,30
1336,41,515,9,53,1140,30
1337,41,515,9,54,280,14
1338,41,515,9,46,900,25
1339,20,516,75,69,1323,21
1340,20,516,75,71,380,20
1341,20,516,75,38,78,6
1342,20,516,75,46,720,20
1343,39,516,71,5,420,30
1344,39,516,71,44,385,7
1345,39,516,71,37,1470,30
1346,39,516,71,55,792,24
1347,7,517,68,31,620,20
1348,7,517,68,52,420,60
1349,7,517,68,11,600,40
1350,11,517,2,42,320,10
1351,63,520,50,30,168,12
1352,63,520,50,32,1760,40
1353,63,520,50,9,1380,30
1354,13,521,65,30,490,35
1355,13,521,65,12,144,18
1356,14,521,24,8,288,16
1357,14,521,24,33,300,30
1358,14,521,24,65,1484,28
1359,14,521,24,53,2280,60
1360,55,522,23,29,400,40
1361,55,522,23,49,126,6
1362,55,522,23,4,100,20
1363,10,522,20,14,200,20
1364,10,522,20,8,2340,130
1365,21,523,63,23,1680,80
1366,12,524,56,3,760,40
1367,12,524,56,62,1050,35
1368,12,524,56,38,520,40
1369,5,524,76,51,28,2
1370,46,527,4,49,84,4
1371,46,527,4,41,650,50
1372,46,527,4,45,510,15
1373,46,527,4,47,264,12
1374,49,527,83,74,300,30
1375,49,527,83,52,105,15
1376,49,527,83,21,580,20
1377,49,527,83,37,735,15
1378,3,528,34,39,315,15
1379,10,529,20,47,352,16
1380,25,529,44,58,2232,18
1381,25,529,44,44,1375,25
1382,10,530,20,57,1287,33
1383,10,530,20,41,910,70
1384,10,530,20,12,56,7
1385,14,530,24,41,26,2
1386,14,530,24,24,850,50
1387,67,531,78,67,186,6
1388,67,531,78,10,42,3
1389,10,534,20,41,208,16
1390,10,534,20,51,168,12
1391,10,534,20,75,270,27
1392,10,534,20,65,6360,120
1393,58,534,31,51,280,20
1394,24,535,5,74,100,10
1395,23,535,52,26,340,20
1396,23,535,52,37,980,20
1397,27,535,46,11,525,35
1398,27,535,46,25,195,15
1399,16,536,87,60,21,3
1400,16,536,87,53,760,20
1401,16,536,87,66,350,35
1402,56,536,12,41,13,1
1403,3,537,34,41,130,10
1404,3,537,34,7,1320,5
1405,22,537,49,71,570,30
1406,22,537,49,8,36,2
1407,22,537,49,48,1050,30
1408,18,537,33,67,310,10
1409,18,537,33,12,80,10
1410,30,538,62,18,1200,30
1411,30,538,62,70,390,15
1412,30,538,62,12,336,42
1413,44,538,41,3,285,15
1414,44,538,41,58,2480,20
1415,21,541,63,27,450,50
1416,21,541,63,12,320,40
1417,55,541,23,69,1890,30
1418,55,541,23,6,270,15
1419,55,541,23,22,1320,30
1420,55,541,23,38,234,18
1421,58,541,31,62,90,3
1422,58,541,31,53,760,20
1423,17,542,25,58,1736,14
1424,17,542,25,74,200,20
1425,50,542,91,3,190,10
1426,50,542,91,60,21,3
1427,50,542,91,38,195,15
1428,46,543,4,74,140,14
1429,46,543,4,52,56,8
1430,3,543,61,63,345,15
1431,3,543,61,60,42,6
1432,10,543,20,26,1105,65
1433,10,543,20,57,1365,35
1434,9,544,35,31,651,21
1435,9,544,35,20,190,10
1436,9,544,35,55,1155,35
1437,9,544,35,46,864,24
1438,47,544,17,39,420,20
1439,37,545,38,37,98,2
1440,37,545,38,48,350,10
1441,38,545,39,68,120,20
1442,38,545,39,4,100,20
1443,38,545,39,44,1375,25
1444,29,545,72,39,1050,50
1445,29,545,72,65,530,10
1446,29,545,72,60,49,7
1447,26,548,8,57,1560,40
1448,26,548,8,58,2480,20
1449,43,548,73,70,650,25
1450,43,548,73,65,1590,30
1451,43,548,73,61,1440,60
1452,43,548,73,37,245,5
1453,8,549,88,27,216,24
1454,8,549,88,30,210,15
1455,8,549,88,44,825,15
1456,29,549,72,67,1116,36
1457,29,549,72,64,1104,24
1458,29,549,72,35,80,4
1459,35,549,77,5,140,10
1460,35,549,77,7,2640,10
1461,4,550,84,3,380,20
1462,4,550,84,23,42,2
1463,4,550,84,66,150,15
1464,57,550,27,73,18,1
1465,34,551,55,53,760,20
1466,34,551,55,13,900,50
1467,8,551,88,52,140,20
1468,60,551,42,68,42,7
1469,60,551,42,30,70,5
1470,60,551,42,11,75,5
1471,54,552,47,27,135,15
1472,54,552,47,50,162,18
1473,54,552,47,73,540,30
1474,28,552,66,41,208,16
1475,28,552,66,48,1400,40
1476,28,552,66,25,260,20
1477,3,555,67,3,228,12
1478,3,555,67,76,420,35
1479,4,555,84,74,200,20
1480,4,555,84,9,920,20
1481,4,555,84,34,104,8
1482,4,555,84,21,870,30
1483,39,555,71,43,48,16
1484,62,556,32,7,7920,30
1485,62,556,32,37,980,20
1486,38,556,39,31,1240,40
1487,38,556,39,7,7920,30
1488,38,556,39,73,1080,60
1489,38,556,39,37,1225,25
1490,22,557,49,42,640,20
1491,22,557,49,74,200,20
1492,56,557,12,9,322,7
1493,56,557,12,12,160,20
1494,13,557,65,53,1140,30
1495,20,558,75,6,360,20
1496,20,558,75,65,318,6
1497,64,558,82,37,147,3
1498,64,558,82,11,90,6
1499,27,559,46,39,420,20
1500,27,559,46,54,300,15
1501,27,559,46,44,2200,40
1502,27,559,46,25,195,15
1503,14,559,24,74,120,12
1504,14,559,24,11,135,9
1505,47,559,17,31,372,12
1506,47,559,17,59,660,20
1507,15,562,7,41,455,35
1508,15,562,7,54,300,15
1509,41,562,9,67,465,15
1510,41,562,9,8,378,21
1511,56,563,64,28,405,5
1512,56,563,64,7,528,2
1513,37,563,38,3,190,10
1514,37,563,38,18,800,20
1515,37,563,38,68,60,10
1516,37,563,38,45,714,21
1517,30,563,81,17,150,6
1518,30,563,81,8,504,28
1519,30,563,81,45,1020,30
1520,30,563,81,38,312,24
1521,52,564,70,27,18,2
1522,52,564,70,6,144,8
1523,52,564,70,7,2112,8
1524,52,564,70,9,414,9
1525,44,564,41,68,18,3
1526,44,564,41,30,140,10
1527,44,564,41,20,304,16
1528,44,564,41,55,99,3
1529,12,565,56,62,600,20
1530,12,565,56,41,117,9
1531,12,565,56,59,297,9
1532,30,565,81,58,992,8
1533,30,565,81,70,520,20
1534,68,565,1,44,825,15
1535,68,565,1,25,26,2
1536,10,566,20,49,1092,52
1537,10,566,20,6,108,6
1538,10,566,20,54,480,24
1539,10,566,20,45,2040,60
1540,10,566,20,55,990,30
1541,24,566,5,68,36,6
1542,24,566,5,73,450,25
1543,24,566,5,33,400,40
1544,24,566,5,13,378,21
1545,54,569,47,2,72,4
1546,54,569,47,69,1575,25
1547,54,569,47,71,950,50
1548,30,569,81,77,390,30
1549,30,569,81,48,525,15
1550,54,569,47,30,84,6
1551,54,569,47,8,180,10
1552,5,570,76,67,496,16
1553,5,570,76,53,1140,30
1554,5,570,76,44,2750,50
1555,5,570,76,25,195,15
1556,11,570,80,39,315,15
1557,11,570,80,9,230,5
1558,11,570,80,38,260,20
1559,11,570,80,11,180,12
1560,4,571,84,65,212,4
1561,45,571,59,49,735,35
1562,21,571,63,50,630,70
1563,21,571,63,6,450,25
1564,21,571,63,51,588,42
1565,21,571,63,77,780,60
1566,21,571,63,55,1584,48
1567,5,572,76,15,462,21
1568,5,572,76,11,450,30
1569,5,572,76,66,200,20
1570,39,572,71,2,1440,80
1571,39,572,71,27,108,12
1572,39,572,71,72,1560,60
1573,39,572,71,75,360,36
1574,39,572,71,45,1530,45
1575,39,572,71,47,1210,55
1576,29,573,16,16,630,30
1577,29,573,16,56,291,3
1578,38,573,39,14,490,49
1579,38,573,39,31,558,18
1580,4,573,84,30,280,20
1581,4,573,84,43,12,4
1582,4,573,84,11,450,30
1583,3,576,67,3,95,5
1584,3,576,67,30,140,10
1585,3,576,67,54,200,10
1586,3,576,67,44,2310,42
1587,13,576,65,3,285,15
1588,13,576,65,57,234,6
1589,13,576,65,37,2450,50
1590,61,577,6,69,630,10
1591,10,577,20,67,3100,100
1592,10,577,20,68,390,65
1593,34,577,55,26,850,50
1594,34,577,55,41,182,14
1595,34,577,55,53,912,24
1596,34,577,55,23,315,15
1597,11,578,3,3,380,20
1598,11,578,3,51,280,20
1599,24,578,5,14,300,30
1600,24,578,5,31,1085,35
1601,24,578,5,58,1240,10
1602,70,579,40,62,150,5
1603,70,579,40,32,440,10
1604,70,579,40,11,60,4
1605,17,579,25,4,200,40
1606,17,579,25,60,245,35
1607,17,579,25,55,990,30
1608,36,579,26,65,159,3
1609,36,579,26,13,360,20
1610,19,580,89,57,1638,42
1611,19,580,89,69,1260,20
1612,19,580,89,29,400,40
1613,19,580,89,43,105,35
1614,19,580,89,37,147,3
1615,25,580,44,39,525,25
1616,25,580,44,52,56,8
1617,9,583,35,2,360,20
1618,9,583,35,77,156,12
1619,46,583,4,6,72,4
1620,46,583,4,10,210,15
1621,21,583,63,7,15840,60
1622,21,583,63,8,1440,80
1623,24,584,5,3,399,21
1624,24,584,5,4,30,6
1625,24,584,5,70,1040,40
1626,35,584,48,59,99,3
1627,30,585,62,31,620,20
1628,30,585,62,6,540,30
1629,30,585,62,35,840,42
1630,29,585,72,2,720,40
1631,29,585,72,39,210,10
1632,29,585,72,50,450,50
1633,29,585,72,38,260,20
1634,50,585,91,6,54,3
1635,50,585,91,65,106,2
1636,41,586,9,17,1250,50
1637,41,586,9,26,204,12
1638,41,586,9,57,624,16
1639,33,586,30,61,240,10
1640,33,586,30,37,980,20
1641,33,586,30,55,495,15
1642,33,586,30,23,441,21
1643,66,587,90,29,200,20
1644,66,587,90,64,138,3
1645,33,587,30,67,310,10
1646,24,587,5,27,225,25
1647,24,587,5,33,210,21
1648,24,587,5,35,300,15
1649,41,590,9,76,252,21
1650,41,590,9,55,660,20
1651,3,590,67,26,510,30
1652,3,590,67,69,1575,25
1653,21,591,63,28,1620,20
1654,66,591,90,73,216,12
1655,66,591,90,23,210,10
1656,66,591,90,13,180,10
1657,14,591,24,50,270,30
1658,14,591,24,21,870,30
1659,14,591,24,11,750,50
1660,56,592,12,78,150,10
1661,39,592,71,51,350,25
1662,39,592,71,35,400,20
1663,39,592,71,60,224,32
1664,35,593,48,4,40,8
1665,65,593,45,29,400,40
1666,65,593,45,53,798,21
1667,65,593,45,23,252,12
1668,5,593,76,3,380,20
1669,5,593,76,4,60,12
1670,5,593,76,11,450,30
1671,5,593,76,25,325,25
1672,3,594,34,67,2170,70
1673,3,594,34,41,455,35
1674,3,594,34,25,520,40
1675,48,594,29,30,70,5
1676,33,597,30,3,380,20
1677,33,597,30,38,234,18
1678,13,597,65,39,840,40
1679,13,597,65,7,10560,40
1680,36,597,18,57,585,15
1681,36,597,18,5,140,10
1682,36,597,18,74,140,14
1683,25,598,44,70,390,15
1684,63,598,50,44,2200,40
1685,38,599,39,18,1200,30
1686,38,599,39,4,50,10
1687,38,599,39,58,2976,24
1688,38,599,39,70,910,35
1689,38,599,39,71,380,20
1690,39,599,71,68,168,28
1691,39,599,71,46,1800,50
1692,39,599,71,12,960,120
1693,10,599,20,4,550,110
1694,10,599,20,8,810,45
1695,10,599,20,73,1638,91
1696,10,599,20,45,3400,100
1697,63,600,50,75,150,15
1698,63,600,50,53,608,16
1699,31,600,37,58,9920,80
1700,31,600,37,70,936,36
1701,56,601,54,68,30,5
1702,27,601,46,8,144,8
1703,8,601,88,11,45,3
1704,9,604,35,74,300,30
1705,9,604,35,47,660,30
1706,14,604,24,61,720,30
1707,14,604,24,37,294,6
1708,3,605,34,68,240,40
1709,3,605,34,23,441,21
1710,3,605,34,38,260,20
1711,19,605,89,77,195,15
1712,19,605,89,37,1715,35
1713,8,605,88,2,360,20
1714,50,606,91,21,435,15
1715,69,606,74,12,112,14
1716,28,607,66,62,600,20
1717,28,607,66,52,98,14
1718,52,607,70,62,360,12
1719,52,607,70,26,255,15
1720,52,607,70,74,50,5
1721,66,607,90,27,108,12
1722,66,607,90,35,200,10
1723,66,607,90,21,145,5
1724,33,607,30,2,180,10
1725,33,607,30,57,468,12
1726,33,607,30,10,210,15
1727,31,607,37,39,840,40
1728,31,607,37,58,7440,60
1729,30,607,62,15,660,30
1730,30,607,62,43,120,40
1731,30,607,62,77,195,15
1732,30,608,62,47,550,25
1733,11,608,80,57,390,10
1734,11,608,80,43,90,30
1735,11,608,80,60,70,10
1736,56,608,64,26,102,6
1737,56,608,64,42,192,6
1738,56,608,64,54,400,20
1739,26,611,69,70,26,1
1740,26,611,69,45,340,10
1741,53,611,10,2,1080,60
1742,53,611,10,45,850,25
1743,54,611,47,26,408,24
1744,54,611,47,30,336,24
1745,54,611,47,73,360,20
1746,46,612,4,36,384,24
1747,49,612,83,6,180,10
1748,49,612,83,22,1760,40
1749,3,612,34,57,585,15
1750,3,612,34,4,175,35
1751,44,612,41,51,140,10
1752,44,612,41,9,460,10
1753,44,612,41,10,336,24
1754,24,613,5,67,620,20
1755,24,613,5,64,1380,30
1756,24,613,5,12,48,6
1757,3,613,34,71,475,25
1758,3,613,34,52,84,12
1759,11,613,2,39,42,2
1760,11,613,2,68,60,10
1761,11,613,2,27,63,7
1762,11,613,2,48,350,10
1763,70,614,40,28,405,5
1764,70,614,40,52,35,5
1765,70,614,40,13,360,20
1766,48,614,29,33,50,5
1767,48,614,29,13,90,5
1768,17,614,25,29,600,60
1769,17,614,25,12,392,49
1770,17,614,25,25,195,15
1771,5,615,76,29,360,36
1772,5,615,76,32,1100,25
1773,5,615,76,61,600,25
1774,5,615,76,77,390,30
1775,7,615,68,68,252,42
1776,7,615,68,54,600,30
1777,41,615,9,26,510,30
1778,41,615,9,37,686,14
1779,41,615,9,48,560,16
1780,41,615,9,12,160,20
1781,37,615,38,59,66,2
1782,37,615,38,21,870,30
1783,25,618,44,17,500,20
1784,8,618,88,2,378,21
1785,8,618,88,69,252,4
1786,8,618,88,50,72,8
1787,62,618,32,71,570,30
1788,56,619,12,64,368,8
1789,56,619,12,5,280,20
1790,21,619,63,68,120,20
1791,21,619,63,9,1104,24
1792,21,619,63,45,1666,49
1793,21,619,63,47,770,35
1794,22,619,49,3,190,10
1795,22,619,49,10,560,40
1796,41,620,9,62,240,8
1797,41,620,9,68,120,20
1798,39,620,71,41,572,44
1799,39,620,71,37,1470,30
1800,39,620,71,38,1040,80
1801,39,620,71,48,1750,50
1802,28,620,66,35,560,28
1803,29,620,11,68,90,15
1804,29,620,11,49,441,21
1805,29,620,11,76,180,15
1806,53,621,10,39,105,5
1807,53,621,10,20,342,18
1808,53,621,10,53,684,18
1809,23,621,52,68,120,20
1810,23,621,52,41,130,10
1811,49,621,83,67,775,25
1812,49,621,83,4,125,25
1813,49,621,83,25,520,40
1814,29,622,11,44,220,4
1815,33,622,30,36,144,9
1816,33,622,30,65,2120,40
1817,33,622,30,61,96,4
1818,53,622,10,17,300,12
1819,53,622,10,67,930,30
1820,53,622,10,57,234,6
1821,53,622,10,37,2940,60
1822,22,625,49,15,110,5
1823,7,625,68,43,45,15
1824,7,625,68,74,60,6
1825,7,625,68,12,400,50
1826,68,625,1,17,400,16
1827,68,625,1,64,92,2
1828,46,625,4,28,4050,50
1829,46,625,4,41,650,50
1830,54,626,47,26,476,28
1831,54,626,47,41,325,25
1832,54,626,47,75,300,30
1833,54,626,47,45,816,24
1834,14,626,24,12,96,12
1835,61,626,6,29,120,12
1836,61,626,6,33,140,14
1837,61,626,6,65,424,8
1838,9,627,35,70,780,30
1839,9,627,35,6,720,40
1840,9,627,35,55,264,8
1841,56,627,54,16,420,20
1842,56,627,54,62,180,6
1843,56,627,54,48,175,5
1844,58,627,31,12,160,20
1845,9,628,35,4,50,10
1846,9,628,35,74,240,24
1847,30,628,62,52,42,6
1848,30,628,62,13,1080,60
1849,21,628,63,62,1350,45
1850,21,628,63,68,462,77
1851,21,628,63,59,660,20
1852,21,628,63,46,324,9
1853,21,628,63,13,792,44
1854,40,628,28,45,68,2
1855,69,629,74,69,378,6
1856,69,629,74,7,1320,5
1857,69,629,74,46,360,10
1858,34,629,55,65,848,16
1859,6,629,14,72,208,8
1860,6,629,14,53,456,12
1861,6,629,14,37,588,12
1862,2,632,79,27,108,12
1863,2,632,79,35,800,40
1864,10,632,20,40,1140,30
1865,10,632,20,4,150,30
1866,10,632,20,55,132,4
1867,30,632,15,76,108,9
1868,26,633,8,52,280,40
1869,36,633,26,58,1736,14
1870,70,633,40,57,234,6
1871,70,633,40,43,21,7
1872,70,633,40,31,155,5
1873,70,633,40,74,60,6
1874,70,633,40,12,80,10
1875,20,634,75,22,440,10
1876,53,634,10,18,640,16
1877,53,634,10,12,80,10
1878,9,634,35,64,920,20
1879,14,635,24,8,540,30
1880,14,635,24,33,300,30
1881,14,635,24,65,530,10
1882,14,635,24,22,880,20
1883,63,635,50,18,800,20
1884,63,635,50,29,400,40
1885,63,635,50,73,180,10
1886,63,635,50,20,114,6
1887,10,635,20,62,540,18
1888,10,635,20,40,760,20
1889,10,635,20,4,400,80
1890,10,635,20,32,1320,30
1891,10,635,20,41,312,24
1892,10,635,20,22,1540,35
1893,14,636,24,12,320,40
1894,3,636,34,7,15840,60
1895,53,636,10,62,600,20
1896,53,636,10,9,414,9
1897,39,636,71,68,504,84
1898,39,636,71,54,300,15
1899,39,639,71,26,935,55
1900,39,639,71,4,100,20
1901,39,639,71,71,760,40
1902,31,639,37,26,612,36
1903,31,639,37,69,504,8
1904,31,639,37,42,1120,35
1905,56,639,54,39,630,30
1906,56,639,54,28,1215,15
1907,56,639,54,13,180,10
1908,56,639,54,25,195,15
1909,29,640,19,62,1800,60
1910,29,640,19,9,276,6
1911,29,640,19,48,700,20
1912,13,640,65,62,1800,60
1913,13,640,65,37,1960,40
1914,3,640,61,17,1000,40
1915,3,640,61,39,315,15
1916,3,640,61,74,40,4
1917,10,641,20,29,650,65
1918,10,641,20,5,840,60
1919,10,641,20,61,1560,65
1920,10,641,20,21,1914,66
1921,21,641,63,3,950,50
1922,21,641,63,11,300,20
1923,21,641,63,13,1620,90
1924,35,641,77,48,70,2
1925,14,641,24,58,6200,50
1926,14,641,24,74,350,35
1927,49,642,83,44,990,18
1928,11,642,58,65,1060,20
1929,11,642,58,45,136,4
1930,21,642,63,51,560,40
1931,27,643,46,42,1600,50
1932,27,643,46,76,240,20
1933,27,643,46,52,140,20
1934,50,643,91,4,60,12
1935,50,643,91,21,203,7
1936,50,643,91,66,200,20
1937,50,643,91,12,240,30
1938,12,643,56,74,200,20
1939,12,643,56,65,795,15
1940,12,643,56,25,273,21
1941,13,646,65,15,550,25
1942,13,646,65,4,150,30
1943,13,646,65,25,390,30
1944,14,646,24,62,1800,60
1945,14,646,24,49,525,25
1946,14,646,24,76,300,25
1947,14,646,24,61,144,6
1948,39,646,71,68,336,56
1949,39,646,71,6,270,15
1950,39,646,71,51,336,24
1951,39,646,71,61,960,40
1952,67,646,78,2,72,4
1953,67,646,78,73,180,10
1954,67,646,78,52,70,10
1955,63,647,50,31,186,6
1956,63,647,50,13,108,6
1957,66,647,90,2,36,2
1958,66,647,90,44,550,10
1959,62,647,32,2,144,8
1960,62,647,32,58,248,2
1961,40,648,60,18,1200,30
1962,40,648,60,58,1240,10
1963,40,648,60,51,196,14
1964,10,648,20,64,3220,70
1965,10,648,20,5,1260,90
1966,10,648,20,47,462,21
1967,33,648,30,4,60,12
1968,33,648,30,71,342,18
1969,33,648,30,45,306,9
1970,28,649,66,62,600,20
1971,28,649,66,4,50,10
1972,68,649,1,77,520,40
1973,68,649,1,47,440,20
1974,17,649,25,27,450,50
1975,17,649,25,45,1224,36
1976,17,649,25,47,1320,60
1977,26,649,69,50,90,10
1978,26,649,69,51,56,4
1979,26,649,69,75,200,20
1980,26,649,69,38,26,2
1981,54,650,47,74,280,28
1982,52,650,70,70,390,15
1983,52,650,70,25,234,18
1984,46,650,4,41,195,15
1985,46,650,4,71,304,16
1986,10,653,20,14,250,25
1987,10,653,20,44,6050,110
1988,10,653,20,11,450,30
1989,35,653,48,40,760,20
1990,35,653,48,69,630,10
1991,35,653,48,53,190,5
1992,56,653,64,76,36,3
1993,56,653,64,35,40,2
1994,12,654,56,67,744,24
1995,21,654,63,3,209,11
1996,21,654,63,28,1215,15
1997,21,654,63,31,1953,63
1998,21,654,63,65,2332,44
1999,21,654,63,48,1225,35
2000,3,654,34,27,315,35
2001,3,654,34,46,1080,30
2002,29,654,11,62,120,4
2003,29,654,11,9,1380,30
2004,29,655,19,31,372,12
2005,29,655,19,43,90,30
2006,29,655,19,23,441,21
2007,29,655,19,47,1100,50
2008,16,655,87,2,180,10
2009,16,655,87,68,120,20
2010,57,655,27,69,504,8
2011,57,655,27,65,530,10
2012,53,656,10,4,150,30
2013,53,656,10,37,1029,21
2014,38,656,39,61,840,35
2015,38,656,39,44,1320,24
2016,6,656,14,53,760,20
2017,6,656,14,22,528,12
2018,39,657,71,3,1900,100
2019,39,657,71,16,1470,70
2020,39,657,71,58,7440,60
2021,39,657,71,44,5500,100
2022,39,657,71,2,810,45
2023,39,657,71,68,480,80
2024,39,657,71,4,105,21
2025,39,657,71,55,660,20
2026,39,657,71,47,352,16
2027,19,657,89,71,665,35
2028,19,657,89,7,6600,25
2029,19,657,89,44,1650,30
2030,7,657,68,59,2310,70
2031,7,657,68,46,1296,36
2032,34,660,55,29,150,15
2033,34,660,55,20,228,12
2034,34,660,55,21,174,6
2035,5,660,76,2,180,10
2036,5,660,76,6,1080,60
2037,5,660,76,51,420,30
2038,5,660,76,60,70,10
2039,47,660,17,68,42,7
2040,47,660,17,44,1650,30
2041,33,661,30,11,60,4
2042,5,661,76,73,90,5
2043,5,661,76,52,14,2
2044,5,661,76,47,660,30
2045,54,661,47,64,920,20
2046,54,661,47,6,432,24
2047,54,661,47,35,1200,60
2048,54,661,47,54,560,28
2049,62,662,32,29,200,20
2050,6,662,14,3,570,30
2051,6,662,14,22,1320,30
2052,30,662,15,20,285,15
2053,30,662,15,21,116,4
2054,69,662,74,39,210,10
2055,50,663,91,37,588,12
2056,53,663,10,43,45,15
2057,53,663,10,65,1272,24
2058,32,663,86,40,760,20
2059,32,663,86,42,480,15
2060,32,663,86,6,324,18
2061,29,664,19,2,450,25
2062,29,664,19,16,630,30
2063,53,664,10,38,546,42
2064,58,664,31,3,190,10
2065,58,664,31,40,152,4
2066,14,667,24,13,900,50
2067,44,667,41,4,50,10
2068,3,667,34,9,1380,30
2069,3,667,34,21,290,10
2070,45,667,59,69,2205,35
2071,45,667,59,42,640,20
2072,45,667,59,55,825,25
2073,56,668,12,43,30,10
2074,56,668,12,10,280,20
2075,9,668,35,4,75,15
2076,9,668,35,30,210,15
2077,9,668,35,65,1060,20
2078,9,668,35,54,400,20
2079,29,668,19,62,1200,40
2080,29,668,19,61,840,35
2081,29,668,19,45,1700,50
2082,29,669,53,11,45,3
2083,61,669,6,29,30,3
2084,61,669,6,45,714,21
2085,61,669,6,21,116,4
2086,3,669,67,68,180,30
2087,3,669,67,57,468,12
2088,3,669,67,45,1190,35
2089,57,670,27,45,136,4
2090,57,670,27,25,130,10
2091,62,670,32,45,510,15
2092,28,670,66,59,330,10
2093,28,670,66,11,180,12
2094,31,670,37,5,420,30
2095,31,670,37,73,720,40
2096,31,670,37,74,300,30
2097,39,671,71,57,3003,77
2098,39,671,71,74,120,12
2099,39,671,71,59,825,25
2100,39,671,71,61,96,4
2101,39,671,71,38,715,55
2102,27,671,46,70,104,4
2103,27,671,46,60,140,20
2104,19,671,89,26,51,3
2105,19,671,89,27,378,42
2106,19,671,89,5,490,35
2107,47,674,17,74,90,9
2108,30,674,62,64,368,8
2109,30,674,62,9,1656,36
2110,30,674,62,25,364,28
2111,11,674,80,8,360,20
2112,25,675,44,2,720,40
2113,25,675,44,3,380,20
2114,25,675,44,26,510,30
2115,25,675,44,41,260,20
2116,27,675,46,62,450,15
2117,27,675,46,68,60,10
2118,10,675,20,3,152,8
2119,10,675,20,74,400,40
2120,10,675,20,36,352,22
2121,10,675,20,55,4290,130
2122,11,675,58,39,210,10
2123,11,675,58,4,100,20
2124,43,676,73,26,238,14
2125,7,676,68,3,190,10
2126,7,676,68,76,360,30
2127,7,676,68,13,36,2
2128,41,676,9,17,500,20
2129,41,676,9,63,460,20
2130,41,676,9,27,90,10
2131,13,676,65,3,456,24
2132,13,676,65,14,40,4
2133,13,676,65,15,22,1
2134,13,676,65,17,25,1
2135,13,676,65,62,30,1
2136,13,676,65,18,80,2
2137,13,676,65,67,31,1
2138,13,676,65,40,76,2
2139,13,676,65,68,24,4
2140,13,676,65,63,23,1
2141,13,676,65,26,34,2
2142,13,676,65,28,81,1
2143,13,676,65,50,18,2
2144,13,676,65,42,32,1
2145,13,676,65,8,36,2
2146,13,676,65,74,30,3
2147,13,676,65,76,36,3
2148,13,676,65,52,14,2
2149,13,676,65,61,48,2
2150,13,676,65,45,68,2
2151,13,676,65,55,66,2
2152,13,676,65,24,17,1
2153,13,676,65,78,30,2
2154,13,676,65,12,32,4
2155,13,676,65,25,26,2
